id,predicted_at,prediction_for,prophet_yhat,lstm_yhat,xgb_yhat,ensemble_yhat,est_wait_minutes,wait_15m,wait_30m,status,wait_45m,wait_1lane_15m,wait_2lane_15m,wait_3lane_15m,pipeline_source,source
801284,2026-05-24 19:05:45.434859+02,2026-05-18 11:36:00+02,9.34,0.00,0.00,3.70,,,,,,,,,,backtest
801285,2026-05-24 19:05:45.434859+02,2026-05-18 11:39:00+02,9.23,0.00,0.00,3.70,,,,,,,,,,backtest
801286,2026-05-24 19:05:45.434859+02,2026-05-18 11:42:00+02,9.12,0.00,0.00,3.60,,,,,,,,,,backtest
801287,2026-05-24 19:05:45.434859+02,2026-05-18 11:45:00+02,9.00,0.00,0.00,3.60,,,,,,,,,,backtest
801288,2026-05-24 19:05:45.434859+02,2026-05-18 11:48:00+02,8.89,0.00,0.00,3.60,,,,,,,,,,backtest
801289,2026-05-24 19:05:45.434859+02,2026-05-18 11:51:00+02,8.77,0.00,0.00,3.50,,,,,,,,,,backtest
801290,2026-05-24 19:05:45.434859+02,2026-05-18 11:54:00+02,8.65,0.00,0.00,3.50,,,,,,,,,,backtest
801291,2026-05-24 19:05:45.434859+02,2026-05-18 11:57:00+02,8.53,0.00,0.00,3.40,,,,,,,,,,backtest
801292,2026-05-24 19:05:45.434859+02,2026-05-18 12:00:00+02,8.41,0.00,0.00,3.40,,,,,,,,,,backtest
801293,2026-05-24 19:05:45.434859+02,2026-05-18 12:03:00+02,8.29,0.00,0.00,3.30,,,,,,,,,,backtest
801294,2026-05-24 19:05:45.434859+02,2026-05-18 12:06:00+02,8.17,0.00,0.00,3.30,,,,,,,,,,backtest
801295,2026-05-24 19:05:45.434859+02,2026-05-18 12:09:00+02,8.05,0.00,0.00,3.20,,,,,,,,,,backtest
801296,2026-05-24 19:05:45.434859+02,2026-05-18 12:12:00+02,7.93,0.00,0.00,3.20,,,,,,,,,,backtest
801297,2026-05-24 19:05:45.434859+02,2026-05-18 12:15:00+02,7.81,0.00,0.00,3.10,,,,,,,,,,backtest
801298,2026-05-24 19:05:45.434859+02,2026-05-18 12:18:00+02,7.70,0.00,0.00,3.10,,,,,,,,,,backtest
801299,2026-05-24 19:05:45.434859+02,2026-05-18 12:21:00+02,7.58,0.00,0.00,3.00,,,,,,,,,,backtest
801300,2026-05-24 19:05:45.434859+02,2026-05-18 12:24:00+02,7.47,0.00,0.00,3.00,,,,,,,,,,backtest
801301,2026-05-24 19:05:45.434859+02,2026-05-18 12:27:00+02,7.36,0.00,0.00,2.90,,,,,,,,,,backtest
801302,2026-05-24 19:05:45.434859+02,2026-05-18 12:30:00+02,7.25,0.00,0.00,2.90,,,,,,,,,,backtest
801303,2026-05-24 19:05:45.434859+02,2026-05-18 12:33:00+02,7.15,0.00,0.00,2.90,,,,,,,,,,backtest
801304,2026-05-24 19:05:45.434859+02,2026-05-18 12:36:00+02,7.05,7.48,7.76,7.40,,,,,,,,,,backtest
801305,2026-05-24 19:05:45.434859+02,2026-05-18 12:39:00+02,6.95,8.12,7.90,7.60,,,,,,,,,,backtest
801306,2026-05-24 19:05:45.434859+02,2026-05-18 12:42:00+02,6.85,7.99,7.84,7.50,,,,,,,,,,backtest
801307,2026-05-24 19:05:45.434859+02,2026-05-18 12:45:00+02,6.76,9.45,9.55,8.40,,,,,,,,,,backtest
801308,2026-05-24 19:05:45.434859+02,2026-05-18 12:48:00+02,6.68,9.48,9.55,8.40,,,,,,,,,,backtest
801309,2026-05-24 19:05:45.434859+02,2026-05-18 12:51:00+02,6.60,7.53,7.13,7.00,,,,,,,,,,backtest
801310,2026-05-24 19:05:45.434859+02,2026-05-18 12:54:00+02,6.52,5.51,5.47,5.90,,,,,,,,,,backtest
801311,2026-05-24 19:05:45.434859+02,2026-05-18 12:57:00+02,6.45,5.37,5.64,5.90,,,,,,,,,,backtest
801312,2026-05-24 19:05:45.434859+02,2026-05-18 13:00:00+02,6.39,5.67,5.73,6.00,,,,,,,,,,backtest
801313,2026-05-24 19:05:45.434859+02,2026-05-18 13:03:00+02,6.33,5.83,5.77,6.00,,,,,,,,,,backtest
801314,2026-05-24 19:05:45.434859+02,2026-05-18 13:06:00+02,6.27,5.84,5.63,5.90,,,,,,,,,,backtest
801315,2026-05-24 19:05:45.434859+02,2026-05-18 13:09:00+02,6.23,4.98,5.06,5.50,,,,,,,,,,backtest
801316,2026-05-24 19:05:45.434859+02,2026-05-18 13:12:00+02,6.18,4.76,4.75,5.30,,,,,,,,,,backtest
801317,2026-05-24 19:05:45.434859+02,2026-05-18 13:15:00+02,6.15,4.80,4.84,5.30,,,,,,,,,,backtest
801318,2026-05-24 19:05:45.434859+02,2026-05-18 13:18:00+02,6.12,6.44,6.38,6.30,,,,,,,,,,backtest
801319,2026-05-24 19:05:45.434859+02,2026-05-18 13:21:00+02,6.09,6.71,6.88,6.50,,,,,,,,,,backtest
801320,2026-05-24 19:05:45.434859+02,2026-05-18 13:24:00+02,6.08,6.52,6.78,6.40,,,,,,,,,,backtest
801321,2026-05-24 19:05:45.434859+02,2026-05-18 13:27:00+02,6.07,9.75,10.26,8.40,,,,,,,,,,backtest
801322,2026-05-24 19:05:45.434859+02,2026-05-18 13:30:00+02,6.06,8.43,8.56,7.50,,,,,,,,,,backtest
801323,2026-05-24 19:05:45.434859+02,2026-05-18 13:33:00+02,6.06,7.05,6.78,6.60,,,,,,,,,,backtest
801324,2026-05-24 19:05:45.434859+02,2026-05-18 13:36:00+02,6.07,6.91,7.75,6.80,,,,,,,,,,backtest
801325,2026-05-24 19:05:45.434859+02,2026-05-18 13:39:00+02,6.09,7.94,8.77,7.40,,,,,,,,,,backtest
801326,2026-05-24 19:05:45.434859+02,2026-05-18 13:42:00+02,6.11,8.21,8.74,7.50,,,,,,,,,,backtest
801327,2026-05-24 19:05:45.434859+02,2026-05-18 13:45:00+02,6.14,9.89,10.27,8.50,,,,,,,,,,backtest
801328,2026-05-24 19:05:45.434859+02,2026-05-18 13:48:00+02,6.18,10.03,10.44,8.60,,,,,,,,,,backtest
801329,2026-05-24 19:05:45.434859+02,2026-05-18 13:51:00+02,6.22,10.71,10.91,9.00,,,,,,,,,,backtest
801330,2026-05-24 19:05:45.434859+02,2026-05-18 13:54:00+02,6.27,9.82,10.07,8.50,,,,,,,,,,backtest
801331,2026-05-24 19:05:45.434859+02,2026-05-18 13:57:00+02,6.32,9.66,9.78,8.40,,,,,,,,,,backtest
801332,2026-05-24 19:05:45.434859+02,2026-05-18 14:00:00+02,6.38,6.41,6.09,6.30,,,,,,,,,,backtest
801333,2026-05-24 19:05:45.434859+02,2026-05-18 14:03:00+02,6.45,10.34,10.85,8.90,,,,,,,,,,backtest
801334,2026-05-24 19:05:45.434859+02,2026-05-18 14:06:00+02,6.52,11.20,11.10,9.30,,,,,,,,,,backtest
801335,2026-05-24 19:05:45.434859+02,2026-05-18 14:09:00+02,6.60,10.98,10.48,9.10,,,,,,,,,,backtest
801336,2026-05-24 19:05:45.434859+02,2026-05-18 14:12:00+02,6.68,6.57,6.00,6.40,,,,,,,,,,backtest
801337,2026-05-24 19:05:45.434859+02,2026-05-18 14:15:00+02,6.77,5.89,6.23,6.30,,,,,,,,,,backtest
801338,2026-05-24 19:05:45.434859+02,2026-05-18 14:18:00+02,6.87,6.35,6.96,6.70,,,,,,,,,,backtest
801339,2026-05-24 19:05:45.434859+02,2026-05-18 14:21:00+02,6.97,6.69,6.96,6.90,,,,,,,,,,backtest
801340,2026-05-24 19:05:45.434859+02,2026-05-18 14:24:00+02,7.07,6.76,7.06,7.00,,,,,,,,,,backtest
801341,2026-05-24 19:05:45.434859+02,2026-05-18 14:27:00+02,7.18,6.71,7.02,7.00,,,,,,,,,,backtest
801342,2026-05-24 19:05:45.434859+02,2026-05-18 14:30:00+02,7.30,7.46,7.83,7.50,,,,,,,,,,backtest
801343,2026-05-24 19:05:45.434859+02,2026-05-18 14:33:00+02,7.42,7.53,7.91,7.60,,,,,,,,,,backtest
801344,2026-05-24 19:05:45.434859+02,2026-05-18 14:36:00+02,7.54,8.23,8.83,8.10,,,,,,,,,,backtest
801345,2026-05-24 19:05:45.434859+02,2026-05-18 14:39:00+02,7.66,8.26,8.75,8.20,,,,,,,,,,backtest
801346,2026-05-24 19:05:45.434859+02,2026-05-18 14:42:00+02,7.79,9.00,9.60,8.70,,,,,,,,,,backtest
801347,2026-05-24 19:05:45.434859+02,2026-05-18 14:45:00+02,7.92,9.04,9.59,8.80,,,,,,,,,,backtest
801348,2026-05-24 19:05:45.434859+02,2026-05-18 14:48:00+02,8.06,11.59,11.98,10.30,,,,,,,,,,backtest
801349,2026-05-24 19:05:45.434859+02,2026-05-18 14:51:00+02,8.19,11.77,12.12,10.40,,,,,,,,,,backtest
801350,2026-05-24 19:05:45.434859+02,2026-05-18 14:57:00+02,8.47,11.51,11.77,10.40,,,,,,,,,,backtest
801351,2026-05-24 19:05:45.434859+02,2026-05-18 15:00:00+02,8.61,11.39,11.79,10.40,,,,,,,,,,backtest
801352,2026-05-24 19:05:45.434859+02,2026-05-18 15:03:00+02,8.76,11.42,12.04,10.50,,,,,,,,,,backtest
801353,2026-05-24 19:05:45.434859+02,2026-05-18 15:06:00+02,8.90,8.06,8.57,8.50,,,,,,,,,,backtest
801354,2026-05-24 19:05:45.434859+02,2026-05-18 15:09:00+02,9.04,7.73,8.32,8.40,,,,,,,,,,backtest
801355,2026-05-24 19:05:45.434859+02,2026-05-18 15:12:00+02,9.19,13.55,14.13,12.00,,,,,,,,,,backtest
801356,2026-05-24 19:05:45.434859+02,2026-05-18 15:15:00+02,9.33,7.34,6.89,8.00,,,,,,,,,,backtest
801357,2026-05-24 19:05:45.434859+02,2026-05-18 15:18:00+02,9.47,5.96,6.17,7.40,,,,,,,,,,backtest
801358,2026-05-24 19:05:45.434859+02,2026-05-18 15:21:00+02,9.61,8.86,9.57,9.40,,,,,,,,,,backtest
801359,2026-05-24 19:05:45.434859+02,2026-05-18 15:24:00+02,9.75,13.11,12.96,11.70,,,,,,,,,,backtest
801360,2026-05-24 19:05:45.434859+02,2026-05-18 15:27:00+02,9.89,13.14,13.35,11.90,,,,,,,,,,backtest
801361,2026-05-24 19:05:45.434859+02,2026-05-18 15:30:00+02,10.03,12.56,13.07,11.70,,,,,,,,,,backtest
801362,2026-05-24 19:05:45.434859+02,2026-05-18 15:33:00+02,10.16,12.28,13.14,11.70,,,,,,,,,,backtest
801363,2026-05-24 19:05:45.434859+02,2026-05-18 15:36:00+02,10.29,9.63,10.11,10.00,,,,,,,,,,backtest
801364,2026-05-24 19:05:45.434859+02,2026-05-18 15:39:00+02,10.42,9.48,9.85,10.00,,,,,,,,,,backtest
801365,2026-05-24 19:05:45.434859+02,2026-05-18 15:42:00+02,10.55,9.85,10.24,10.20,,,,,,,,,,backtest
801366,2026-05-24 19:05:45.434859+02,2026-05-18 15:45:00+02,10.67,10.06,10.19,10.30,,,,,,,,,,backtest
801367,2026-05-24 19:05:45.434859+02,2026-05-18 15:48:00+02,10.78,10.11,10.50,10.50,,,,,,,,,,backtest
801368,2026-05-24 19:05:45.434859+02,2026-05-18 15:51:00+02,10.90,10.08,10.50,10.50,,,,,,,,,,backtest
801369,2026-05-24 19:05:45.434859+02,2026-05-18 15:54:00+02,11.01,8.34,8.70,9.50,,,,,,,,,,backtest
801370,2026-05-24 19:05:45.434859+02,2026-05-18 15:57:00+02,11.11,6.44,6.43,8.30,,,,,,,,,,backtest
801371,2026-05-24 19:05:45.434859+02,2026-05-18 16:00:00+02,11.21,5.54,6.01,7.90,,,,,,,,,,backtest
801372,2026-05-24 19:05:45.434859+02,2026-05-18 16:03:00+02,11.30,5.68,5.70,7.90,,,,,,,,,,backtest
801373,2026-05-24 19:05:45.434859+02,2026-05-18 16:06:00+02,11.39,5.90,5.69,8.00,,,,,,,,,,backtest
801374,2026-05-24 19:05:45.434859+02,2026-05-18 16:09:00+02,11.47,5.95,6.13,8.20,,,,,,,,,,backtest
801375,2026-05-24 19:05:45.434859+02,2026-05-18 16:12:00+02,11.55,8.38,8.47,9.70,,,,,,,,,,backtest
801376,2026-05-24 19:05:45.434859+02,2026-05-18 16:15:00+02,11.61,8.65,8.60,9.80,,,,,,,,,,backtest
801377,2026-05-24 19:05:45.434859+02,2026-05-18 16:18:00+02,11.68,9.16,9.48,10.30,,,,,,,,,,backtest
801378,2026-05-24 19:05:45.434859+02,2026-05-18 16:21:00+02,11.73,9.04,9.90,10.40,,,,,,,,,,backtest
801379,2026-05-24 19:05:45.434859+02,2026-05-18 16:24:00+02,11.78,8.90,9.68,10.30,,,,,,,,,,backtest
801380,2026-05-24 19:05:45.434859+02,2026-05-18 16:27:00+02,11.83,8.87,9.75,10.30,,,,,,,,,,backtest
801381,2026-05-24 19:05:45.434859+02,2026-05-18 16:30:00+02,11.86,8.90,9.80,10.40,,,,,,,,,,backtest
801382,2026-05-24 19:05:45.434859+02,2026-05-18 16:33:00+02,11.89,12.50,13.20,12.50,,,,,,,,,,backtest
801383,2026-05-24 19:05:45.434859+02,2026-05-18 16:36:00+02,11.91,11.01,11.76,11.60,,,,,,,,,,backtest
801384,2026-05-24 19:05:45.434859+02,2026-05-18 16:39:00+02,11.93,10.53,11.03,11.20,,,,,,,,,,backtest
801385,2026-05-24 19:05:45.434859+02,2026-05-18 16:42:00+02,11.93,12.33,13.25,12.40,,,,,,,,,,backtest
801386,2026-05-24 19:05:45.434859+02,2026-05-18 16:45:00+02,11.93,14.38,15.36,13.70,,,,,,,,,,backtest
801387,2026-05-24 19:05:45.434859+02,2026-05-18 16:48:00+02,11.92,14.32,14.92,13.50,,,,,,,,,,backtest
801388,2026-05-24 19:05:45.434859+02,2026-05-18 16:51:00+02,11.90,15.98,16.74,14.60,,,,,,,,,,backtest
801389,2026-05-24 19:05:45.434859+02,2026-05-18 16:54:00+02,11.88,15.91,17.02,14.60,,,,,,,,,,backtest
801390,2026-05-24 19:05:45.434859+02,2026-05-18 16:57:00+02,11.85,17.73,17.38,15.30,,,,,,,,,,backtest
801391,2026-05-24 19:05:45.434859+02,2026-05-18 17:00:00+02,11.81,11.25,11.44,11.50,,,,,,,,,,backtest
801392,2026-05-24 19:05:45.434859+02,2026-05-18 17:03:00+02,11.76,10.88,10.96,11.30,,,,,,,,,,backtest
801393,2026-05-24 19:05:45.434859+02,2026-05-18 17:06:00+02,11.71,10.66,10.62,11.10,,,,,,,,,,backtest
801394,2026-05-24 19:05:45.434859+02,2026-05-18 17:09:00+02,11.65,10.12,9.77,10.60,,,,,,,,,,backtest
801395,2026-05-24 19:05:45.434859+02,2026-05-18 17:12:00+02,11.58,10.23,9.82,10.60,,,,,,,,,,backtest
801396,2026-05-24 19:05:45.434859+02,2026-05-18 17:15:00+02,11.50,11.21,11.02,11.30,,,,,,,,,,backtest
801397,2026-05-24 19:05:45.434859+02,2026-05-18 17:18:00+02,11.42,11.26,11.19,11.30,,,,,,,,,,backtest
801398,2026-05-24 19:05:45.434859+02,2026-05-18 17:21:00+02,11.33,15.72,15.97,14.00,,,,,,,,,,backtest
801399,2026-05-24 19:05:45.434859+02,2026-05-18 17:24:00+02,11.23,15.67,15.55,13.90,,,,,,,,,,backtest
801400,2026-05-24 19:05:45.434859+02,2026-05-18 17:27:00+02,11.13,10.67,10.79,10.90,,,,,,,,,,backtest
801401,2026-05-24 19:05:45.434859+02,2026-05-18 17:30:00+02,11.01,10.15,10.87,10.70,,,,,,,,,,backtest
801402,2026-05-24 19:05:45.434859+02,2026-05-18 17:33:00+02,10.90,10.63,10.97,10.80,,,,,,,,,,backtest
801403,2026-05-24 19:05:45.434859+02,2026-05-18 17:36:00+02,10.77,8.38,8.47,9.40,,,,,,,,,,backtest
801404,2026-05-24 19:05:45.434859+02,2026-05-18 17:39:00+02,10.64,8.18,8.40,9.20,,,,,,,,,,backtest
801405,2026-05-24 19:05:45.434859+02,2026-05-18 17:42:00+02,10.51,8.43,9.15,9.50,,,,,,,,,,backtest
801406,2026-05-24 19:05:45.434859+02,2026-05-18 17:45:00+02,10.37,17.86,18.25,15.00,,,,,,,,,,backtest
801407,2026-05-24 19:05:45.434859+02,2026-05-18 17:48:00+02,10.22,18.81,18.72,15.30,,,,,,,,,,backtest
801408,2026-05-24 19:05:45.434859+02,2026-05-18 17:51:00+02,10.07,17.82,18.04,14.80,,,,,,,,,,backtest
801409,2026-05-24 19:05:45.434859+02,2026-05-18 17:54:00+02,9.91,16.30,17.17,14.00,,,,,,,,,,backtest
801410,2026-05-24 19:05:45.434859+02,2026-05-18 17:57:00+02,9.75,13.46,14.19,12.20,,,,,,,,,,backtest
801411,2026-05-24 19:05:45.434859+02,2026-05-18 18:00:00+02,9.59,13.69,12.79,11.80,,,,,,,,,,backtest
801412,2026-05-24 19:05:45.434859+02,2026-05-18 18:03:00+02,9.42,14.19,14.09,12.30,,,,,,,,,,backtest
801413,2026-05-24 19:05:45.434859+02,2026-05-18 18:06:00+02,9.25,16.35,16.50,13.60,,,,,,,,,,backtest
801414,2026-05-24 19:05:45.434859+02,2026-05-18 18:09:00+02,9.07,17.34,17.44,14.10,,,,,,,,,,backtest
801415,2026-05-24 19:05:45.434859+02,2026-05-18 18:12:00+02,8.89,17.11,15.71,13.40,,,,,,,,,,backtest
801416,2026-05-24 19:05:45.434859+02,2026-05-18 18:15:00+02,8.71,15.95,14.02,12.50,,,,,,,,,,backtest
801417,2026-05-24 19:05:45.434859+02,2026-05-18 18:18:00+02,8.53,9.62,6.81,8.30,,,,,,,,,,backtest
801418,2026-05-24 19:05:45.434859+02,2026-05-18 18:21:00+02,8.34,7.58,5.24,7.20,,,,,,,,,,backtest
801419,2026-05-24 19:05:45.434859+02,2026-05-18 18:24:00+02,8.15,8.16,6.37,7.60,,,,,,,,,,backtest
801420,2026-05-24 19:05:45.434859+02,2026-05-18 18:27:00+02,7.96,10.52,8.47,8.90,,,,,,,,,,backtest
801421,2026-05-24 19:05:45.434859+02,2026-05-18 18:30:00+02,7.77,10.82,9.32,9.10,,,,,,,,,,backtest
801422,2026-05-24 19:05:45.434859+02,2026-05-18 18:33:00+02,7.57,20.06,17.31,14.20,,,,,,,,,,backtest
801423,2026-05-24 19:05:45.434859+02,2026-05-18 18:36:00+02,7.38,23.53,19.58,15.90,,,,,,,,,,backtest
801424,2026-05-24 19:05:45.434859+02,2026-05-18 18:39:00+02,7.19,22.18,17.95,14.90,,,,,,,,,,backtest
801425,2026-05-24 19:05:45.434859+02,2026-05-18 18:42:00+02,6.99,21.52,17.43,14.50,,,,,,,,,,backtest
801426,2026-05-24 19:05:45.434859+02,2026-05-18 18:45:00+02,6.80,24.68,20.14,16.20,,,,,,,,,,backtest
801427,2026-05-24 19:05:45.434859+02,2026-05-18 18:48:00+02,6.61,21.26,15.96,13.80,,,,,,,,,,backtest
801428,2026-05-24 19:05:45.434859+02,2026-05-18 18:51:00+02,6.41,14.75,14.73,11.40,,,,,,,,,,backtest
801429,2026-05-24 19:05:45.434859+02,2026-05-18 18:54:00+02,6.22,26.04,19.42,16.10,,,,,,,,,,backtest
801430,2026-05-24 19:05:45.434859+02,2026-05-18 18:57:00+02,6.03,20.19,16.57,13.40,,,,,,,,,,backtest
801431,2026-05-24 19:05:45.434859+02,2026-05-18 19:00:00+02,5.84,20.44,19.46,14.30,,,,,,,,,,backtest
801432,2026-05-24 19:05:45.434859+02,2026-05-18 19:03:00+02,5.66,25.88,22.73,16.80,,,,,,,,,,backtest
801433,2026-05-24 19:05:45.434859+02,2026-05-18 19:06:00+02,5.47,28.49,23.41,17.80,,,,,,,,,,backtest
801434,2026-05-24 19:05:45.434859+02,2026-05-18 19:09:00+02,5.29,24.34,23.73,16.50,,,,,,,,,,backtest
801435,2026-05-24 19:05:45.434859+02,2026-05-18 19:12:00+02,5.11,26.89,23.79,17.20,,,,,,,,,,backtest
801436,2026-05-24 19:05:45.434859+02,2026-05-18 19:15:00+02,4.93,26.57,20.28,16.00,,,,,,,,,,backtest
801437,2026-05-24 19:05:45.434859+02,2026-05-18 19:18:00+02,4.76,19.32,13.72,11.80,,,,,,,,,,backtest
801438,2026-05-24 19:05:45.434859+02,2026-05-18 19:21:00+02,4.59,19.20,11.08,10.90,,,,,,,,,,backtest
801439,2026-05-24 19:05:45.434859+02,2026-05-18 19:24:00+02,4.42,16.91,6.24,8.70,,,,,,,,,,backtest
801440,2026-05-24 19:05:45.434859+02,2026-05-18 19:30:00+02,4.10,17.45,3.70,8.00,,,,,,,,,,backtest
801441,2026-05-24 19:05:45.434859+02,2026-05-18 19:33:00+02,3.95,7.15,2.00,4.30,,,,,,,,,,backtest
801442,2026-05-24 19:05:45.434859+02,2026-05-18 19:36:00+02,3.80,6.10,2.37,4.10,,,,,,,,,,backtest
801443,2026-05-24 19:05:45.434859+02,2026-05-18 19:39:00+02,3.65,7.17,4.52,5.00,,,,,,,,,,backtest
801444,2026-05-24 19:05:45.434859+02,2026-05-18 19:42:00+02,3.51,10.33,7.74,6.80,,,,,,,,,,backtest
801445,2026-05-24 19:05:45.434859+02,2026-05-18 19:45:00+02,3.38,15.08,11.75,9.40,,,,,,,,,,backtest
801446,2026-05-24 19:05:45.434859+02,2026-05-18 19:48:00+02,3.24,20.45,11.79,11.00,,,,,,,,,,backtest
801447,2026-05-24 19:05:45.434859+02,2026-05-18 19:51:00+02,3.12,20.29,12.43,11.10,,,,,,,,,,backtest
801448,2026-05-24 19:05:45.434859+02,2026-05-18 19:54:00+02,3.00,19.34,11.33,10.40,,,,,,,,,,backtest
801449,2026-05-24 19:05:45.434859+02,2026-05-18 19:57:00+02,2.88,18.01,9.64,9.40,,,,,,,,,,backtest
801450,2026-05-24 19:05:45.434859+02,2026-05-18 20:00:00+02,2.77,17.15,11.30,9.60,,,,,,,,,,backtest
801451,2026-05-24 19:05:45.434859+02,2026-05-18 20:03:00+02,2.66,16.49,9.81,9.00,,,,,,,,,,backtest
801452,2026-05-24 19:05:45.434859+02,2026-05-18 20:06:00+02,2.56,13.94,10.84,8.50,,,,,,,,,,backtest
801453,2026-05-24 19:05:45.434859+02,2026-05-18 20:09:00+02,2.47,14.17,8.88,7.90,,,,,,,,,,backtest
801454,2026-05-24 19:05:45.434859+02,2026-05-18 20:12:00+02,2.38,8.37,5.33,5.10,,,,,,,,,,backtest
801455,2026-05-24 19:05:45.434859+02,2026-05-18 20:15:00+02,2.29,7.08,3.12,4.00,,,,,,,,,,backtest
801456,2026-05-24 19:05:45.434859+02,2026-05-18 20:18:00+02,2.22,6.78,2.24,3.60,,,,,,,,,,backtest
801457,2026-05-24 19:05:45.434859+02,2026-05-18 20:24:00+02,2.07,4.67,1.81,2.80,,,,,,,,,,backtest
801458,2026-05-24 19:05:45.434859+02,2026-05-19 08:30:00+02,7.90,8.16,8.33,8.10,,,,,,,,,,backtest
801459,2026-05-24 19:05:45.434859+02,2026-05-19 08:33:00+02,8.09,7.34,7.33,7.60,,,,,,,,,,backtest
801460,2026-05-24 19:05:45.434859+02,2026-05-19 08:36:00+02,8.28,7.22,7.67,7.80,,,,,,,,,,backtest
801461,2026-05-24 19:05:45.434859+02,2026-05-19 08:39:00+02,8.47,9.87,10.07,9.40,,,,,,,,,,backtest
801462,2026-05-24 19:05:45.434859+02,2026-05-19 08:42:00+02,8.65,11.98,11.72,10.60,,,,,,,,,,backtest
801463,2026-05-24 19:05:45.434859+02,2026-05-19 08:45:00+02,8.84,12.74,12.87,11.20,,,,,,,,,,backtest
801464,2026-05-24 19:05:45.434859+02,2026-05-19 08:48:00+02,9.03,13.34,13.71,11.70,,,,,,,,,,backtest
801465,2026-05-24 19:05:45.434859+02,2026-05-19 08:51:00+02,9.21,13.17,13.21,11.60,,,,,,,,,,backtest
801466,2026-05-24 19:05:45.434859+02,2026-05-19 08:54:00+02,9.40,13.08,12.93,11.60,,,,,,,,,,backtest
801467,2026-05-24 19:05:45.434859+02,2026-05-19 08:57:00+02,9.58,13.12,13.01,11.70,,,,,,,,,,backtest
801468,2026-05-24 19:05:45.434859+02,2026-05-19 09:00:00+02,9.76,7.20,6.32,8.00,,,,,,,,,,backtest
801469,2026-05-24 19:05:45.434859+02,2026-05-19 09:03:00+02,9.93,6.57,6.95,8.00,,,,,,,,,,backtest
801470,2026-05-24 19:05:45.434859+02,2026-05-19 09:06:00+02,10.10,5.63,5.68,7.40,,,,,,,,,,backtest
801471,2026-05-24 19:05:45.434859+02,2026-05-19 09:09:00+02,10.27,5.00,5.14,7.20,,,,,,,,,,backtest
801472,2026-05-24 19:05:45.434859+02,2026-05-19 09:12:00+02,10.44,5.10,5.00,7.20,,,,,,,,,,backtest
801473,2026-05-24 19:05:45.434859+02,2026-05-19 09:15:00+02,10.60,6.04,5.45,7.70,,,,,,,,,,backtest
801474,2026-05-24 19:05:45.434859+02,2026-05-19 09:18:00+02,10.76,6.15,5.62,7.80,,,,,,,,,,backtest
801475,2026-05-24 19:05:45.434859+02,2026-05-19 09:21:00+02,10.92,6.78,6.87,8.50,,,,,,,,,,backtest
801476,2026-05-24 19:05:45.434859+02,2026-05-19 09:24:00+02,11.06,10.13,10.27,10.50,,,,,,,,,,backtest
801477,2026-05-24 19:05:45.434859+02,2026-05-19 09:27:00+02,11.21,10.34,10.13,10.60,,,,,,,,,,backtest
801478,2026-05-24 19:05:45.434859+02,2026-05-19 09:30:00+02,11.35,9.88,9.66,10.40,,,,,,,,,,backtest
801479,2026-05-24 19:05:45.434859+02,2026-05-19 09:33:00+02,11.48,9.64,9.75,10.40,,,,,,,,,,backtest
801480,2026-05-24 19:05:45.434859+02,2026-05-19 09:36:00+02,11.61,3.99,3.63,6.90,,,,,,,,,,backtest
801481,2026-05-24 19:05:45.434859+02,2026-05-19 09:54:00+02,12.26,3.00,3.06,6.70,,,,,,,,,,backtest
801482,2026-05-24 19:05:45.434859+02,2026-05-19 09:57:00+02,12.35,3.65,3.72,7.10,,,,,,,,,,backtest
801483,2026-05-24 19:05:45.434859+02,2026-05-19 10:00:00+02,12.43,10.06,9.83,10.90,,,,,,,,,,backtest
801484,2026-05-24 19:05:45.434859+02,2026-05-19 10:03:00+02,12.50,10.90,10.34,11.40,,,,,,,,,,backtest
801485,2026-05-24 19:05:45.434859+02,2026-05-19 10:06:00+02,12.56,10.19,9.91,11.10,,,,,,,,,,backtest
801486,2026-05-24 19:05:45.434859+02,2026-05-19 10:09:00+02,12.62,8.01,8.20,9.90,,,,,,,,,,backtest
801487,2026-05-24 19:05:45.434859+02,2026-05-19 10:12:00+02,12.67,7.67,8.00,9.80,,,,,,,,,,backtest
801488,2026-05-24 19:05:45.434859+02,2026-05-19 10:15:00+02,12.71,7.90,8.50,10.00,,,,,,,,,,backtest
801489,2026-05-24 19:05:45.434859+02,2026-05-19 10:18:00+02,12.75,8.96,9.27,10.60,,,,,,,,,,backtest
801490,2026-05-24 19:05:45.434859+02,2026-05-19 10:21:00+02,12.78,9.15,9.26,10.60,,,,,,,,,,backtest
801491,2026-05-24 19:05:45.434859+02,2026-05-19 10:24:00+02,12.80,14.49,14.26,13.70,,,,,,,,,,backtest
801492,2026-05-24 19:05:45.434859+02,2026-05-19 10:27:00+02,12.81,14.66,14.23,13.80,,,,,,,,,,backtest
801493,2026-05-24 19:05:45.434859+02,2026-05-19 10:30:00+02,12.82,14.11,13.53,13.40,,,,,,,,,,backtest
801494,2026-05-24 19:05:45.434859+02,2026-05-19 10:33:00+02,12.82,13.85,13.96,13.50,,,,,,,,,,backtest
801495,2026-05-24 19:05:45.434859+02,2026-05-19 10:36:00+02,12.81,13.88,14.19,13.50,,,,,,,,,,backtest
801496,2026-05-24 19:05:45.434859+02,2026-05-19 10:39:00+02,12.80,12.17,12.58,12.50,,,,,,,,,,backtest
801497,2026-05-24 19:05:45.434859+02,2026-05-19 10:42:00+02,12.78,12.21,12.79,12.60,,,,,,,,,,backtest
801498,2026-05-24 19:05:45.434859+02,2026-05-19 10:45:00+02,12.75,11.59,11.95,12.20,,,,,,,,,,backtest
801499,2026-05-24 19:05:45.434859+02,2026-05-19 10:48:00+02,12.71,11.68,11.44,12.00,,,,,,,,,,backtest
801500,2026-05-24 19:05:45.434859+02,2026-05-19 10:51:00+02,12.67,10.93,10.66,11.50,,,,,,,,,,backtest
801501,2026-05-24 19:05:45.434859+02,2026-05-19 10:54:00+02,12.62,9.17,9.14,10.50,,,,,,,,,,backtest
801502,2026-05-24 19:05:45.434859+02,2026-05-19 10:57:00+02,12.57,9.07,9.05,10.50,,,,,,,,,,backtest
801503,2026-05-24 19:05:45.434859+02,2026-05-19 11:00:00+02,12.51,9.28,9.35,10.60,,,,,,,,,,backtest
801504,2026-05-24 19:05:45.434859+02,2026-05-19 11:03:00+02,12.44,9.37,9.31,10.60,,,,,,,,,,backtest
801505,2026-05-24 19:05:45.434859+02,2026-05-19 11:06:00+02,12.37,8.49,8.37,10.00,,,,,,,,,,backtest
801506,2026-05-24 19:05:45.434859+02,2026-05-19 11:09:00+02,12.29,10.06,10.05,10.90,,,,,,,,,,backtest
801507,2026-05-24 19:05:45.434859+02,2026-05-19 11:12:00+02,12.21,10.27,10.34,11.10,,,,,,,,,,backtest
801508,2026-05-24 19:05:45.434859+02,2026-05-19 11:15:00+02,12.12,10.10,9.93,10.90,,,,,,,,,,backtest
801509,2026-05-24 19:05:45.434859+02,2026-05-19 11:18:00+02,12.03,13.58,14.11,13.10,,,,,,,,,,backtest
801510,2026-05-24 19:05:45.434859+02,2026-05-19 11:21:00+02,11.93,13.71,14.20,13.10,,,,,,,,,,backtest
801511,2026-05-24 19:05:45.434859+02,2026-05-19 11:24:00+02,11.83,18.12,17.93,15.50,,,,,,,,,,backtest
801512,2026-05-24 19:05:45.434859+02,2026-05-19 11:27:00+02,11.72,14.10,14.54,13.30,,,,,,,,,,backtest
801513,2026-05-24 19:05:45.434859+02,2026-05-19 11:30:00+02,11.61,13.64,13.76,12.90,,,,,,,,,,backtest
801514,2026-05-24 19:05:45.434859+02,2026-05-19 11:33:00+02,11.50,13.89,14.40,13.10,,,,,,,,,,backtest
801515,2026-05-24 19:05:45.434859+02,2026-05-19 11:36:00+02,11.38,14.16,14.29,13.10,,,,,,,,,,backtest
801516,2026-05-24 19:05:45.434859+02,2026-05-19 11:39:00+02,11.26,14.29,14.12,13.00,,,,,,,,,,backtest
801517,2026-05-24 19:05:45.434859+02,2026-05-19 11:42:00+02,11.14,12.50,12.36,11.90,,,,,,,,,,backtest
801518,2026-05-24 19:05:45.434859+02,2026-05-19 11:45:00+02,11.02,11.54,11.86,11.40,,,,,,,,,,backtest
801519,2026-05-24 19:05:45.434859+02,2026-05-19 11:48:00+02,10.89,9.06,8.87,9.70,,,,,,,,,,backtest
801520,2026-05-24 19:05:45.434859+02,2026-05-19 11:51:00+02,10.76,9.01,8.99,9.70,,,,,,,,,,backtest
801521,2026-05-24 19:05:45.434859+02,2026-05-19 11:54:00+02,10.64,9.36,9.36,9.90,,,,,,,,,,backtest
801522,2026-05-24 19:05:45.434859+02,2026-05-19 11:57:00+02,10.51,9.50,9.39,9.90,,,,,,,,,,backtest
801523,2026-05-24 19:05:45.434859+02,2026-05-19 12:00:00+02,10.38,10.33,10.14,10.30,,,,,,,,,,backtest
801524,2026-05-24 19:05:45.434859+02,2026-05-19 12:03:00+02,10.25,11.20,11.21,10.80,,,,,,,,,,backtest
801525,2026-05-24 19:05:45.434859+02,2026-05-19 12:06:00+02,10.12,11.10,10.89,10.60,,,,,,,,,,backtest
801526,2026-05-24 19:05:45.434859+02,2026-05-19 12:09:00+02,9.99,10.89,10.66,10.50,,,,,,,,,,backtest
801527,2026-05-24 19:05:45.434859+02,2026-05-19 12:12:00+02,9.86,10.80,10.65,10.40,,,,,,,,,,backtest
801528,2026-05-24 19:05:45.434859+02,2026-05-19 12:15:00+02,9.73,10.79,10.72,10.30,,,,,,,,,,backtest
801529,2026-05-24 19:05:45.434859+02,2026-05-19 12:18:00+02,9.60,10.80,10.72,10.30,,,,,,,,,,backtest
801530,2026-05-24 19:05:45.434859+02,2026-05-19 12:21:00+02,9.48,10.82,10.69,10.20,,,,,,,,,,backtest
801531,2026-05-24 19:05:45.434859+02,2026-05-19 12:24:00+02,9.36,10.83,10.69,10.20,,,,,,,,,,backtest
801532,2026-05-24 19:05:45.434859+02,2026-05-19 12:27:00+02,9.24,10.83,10.78,10.20,,,,,,,,,,backtest
801533,2026-05-24 19:05:45.434859+02,2026-05-19 12:30:00+02,9.12,8.26,8.15,8.60,,,,,,,,,,backtest
801534,2026-05-24 19:05:45.434859+02,2026-05-19 12:33:00+02,9.00,6.30,6.01,7.30,,,,,,,,,,backtest
801535,2026-05-24 19:05:45.434859+02,2026-05-19 12:36:00+02,8.89,6.32,7.07,7.60,,,,,,,,,,backtest
801536,2026-05-24 19:05:45.434859+02,2026-05-19 12:39:00+02,8.79,6.68,7.20,7.70,,,,,,,,,,backtest
801537,2026-05-24 19:05:45.434859+02,2026-05-19 12:42:00+02,8.68,18.86,18.52,14.70,,,,,,,,,,backtest
801538,2026-05-24 19:05:45.434859+02,2026-05-19 12:45:00+02,8.58,18.85,17.75,14.40,,,,,,,,,,backtest
801539,2026-05-24 19:05:45.434859+02,2026-05-19 12:48:00+02,8.49,17.66,16.64,13.70,,,,,,,,,,backtest
801540,2026-05-24 19:05:45.434859+02,2026-05-19 12:51:00+02,8.40,15.17,15.28,12.50,,,,,,,,,,backtest
801541,2026-05-24 19:05:45.434859+02,2026-05-19 12:54:00+02,8.31,11.51,12.18,10.40,,,,,,,,,,backtest
801542,2026-05-24 19:05:45.434859+02,2026-05-19 12:57:00+02,8.23,10.85,11.00,9.80,,,,,,,,,,backtest
801543,2026-05-24 19:05:45.434859+02,2026-05-19 16:30:00+02,12.97,10.58,11.35,11.80,,,,,,,,,,backtest
801544,2026-05-24 19:05:45.434859+02,2026-05-19 16:33:00+02,12.99,10.94,11.45,11.90,,,,,,,,,,backtest
801545,2026-05-24 19:05:45.434859+02,2026-05-19 16:36:00+02,13.00,11.15,11.44,12.00,,,,,,,,,,backtest
801546,2026-05-24 19:05:45.434859+02,2026-05-19 16:39:00+02,13.00,12.05,12.32,12.50,,,,,,,,,,backtest
801547,2026-05-24 19:05:45.434859+02,2026-05-19 16:42:00+02,13.00,12.94,13.72,13.20,,,,,,,,,,backtest
801548,2026-05-24 19:05:45.434859+02,2026-05-19 16:45:00+02,12.99,12.82,13.66,13.10,,,,,,,,,,backtest
801549,2026-05-24 19:05:45.434859+02,2026-05-19 16:48:00+02,12.97,14.47,15.32,14.10,,,,,,,,,,backtest
801550,2026-05-24 19:05:45.434859+02,2026-05-19 16:51:00+02,12.95,13.52,14.56,13.60,,,,,,,,,,backtest
801551,2026-05-24 19:05:45.434859+02,2026-05-19 16:54:00+02,12.91,17.12,18.03,15.70,,,,,,,,,,backtest
801552,2026-05-24 19:05:45.434859+02,2026-05-19 16:57:00+02,12.87,14.27,15.16,14.00,,,,,,,,,,backtest
801553,2026-05-24 19:05:45.434859+02,2026-05-19 17:00:00+02,12.82,13.96,14.05,13.50,,,,,,,,,,backtest
801554,2026-05-24 19:05:45.434859+02,2026-05-19 17:03:00+02,12.77,14.13,14.36,13.70,,,,,,,,,,backtest
801555,2026-05-24 19:05:45.434859+02,2026-05-19 17:06:00+02,12.70,14.30,14.16,13.60,,,,,,,,,,backtest
801556,2026-05-24 19:05:45.434859+02,2026-05-19 17:09:00+02,12.63,14.38,15.08,13.90,,,,,,,,,,backtest
801557,2026-05-24 19:05:45.434859+02,2026-05-19 17:12:00+02,12.56,13.47,14.24,13.30,,,,,,,,,,backtest
801558,2026-05-24 19:05:45.434859+02,2026-05-19 17:15:00+02,12.47,14.38,15.54,14.00,,,,,,,,,,backtest
801559,2026-05-24 19:05:45.434859+02,2026-05-19 17:18:00+02,12.38,18.37,18.77,16.10,,,,,,,,,,backtest
801560,2026-05-24 19:05:45.434859+02,2026-05-19 17:21:00+02,12.28,18.18,18.62,15.90,,,,,,,,,,backtest
801561,2026-05-24 19:05:45.434859+02,2026-05-19 17:24:00+02,12.17,17.79,17.65,15.50,,,,,,,,,,backtest
801562,2026-05-24 19:05:45.434859+02,2026-05-19 17:27:00+02,12.06,19.63,19.35,16.50,,,,,,,,,,backtest
801563,2026-05-24 19:05:45.434859+02,2026-05-19 17:30:00+02,11.94,18.52,18.68,15.90,,,,,,,,,,backtest
801564,2026-05-24 19:05:45.434859+02,2026-05-19 17:33:00+02,11.81,18.51,17.86,15.60,,,,,,,,,,backtest
801565,2026-05-24 19:05:45.434859+02,2026-05-19 17:36:00+02,11.68,15.67,16.10,14.20,,,,,,,,,,backtest
801566,2026-05-24 19:05:45.434859+02,2026-05-19 17:39:00+02,11.54,15.87,16.48,14.30,,,,,,,,,,backtest
801567,2026-05-24 19:05:45.434859+02,2026-05-19 17:42:00+02,11.40,16.21,17.22,14.60,,,,,,,,,,backtest
801568,2026-05-24 19:05:45.434859+02,2026-05-19 17:45:00+02,11.25,16.36,17.33,14.60,,,,,,,,,,backtest
801569,2026-05-24 19:05:45.434859+02,2026-05-19 17:48:00+02,11.09,20.37,20.05,16.60,,,,,,,,,,backtest
801570,2026-05-24 19:05:45.434859+02,2026-05-19 17:51:00+02,10.93,24.19,23.92,18.80,,,,,,,,,,backtest
801571,2026-05-24 19:05:45.434859+02,2026-05-19 17:54:00+02,10.77,23.31,23.15,18.20,,,,,,,,,,backtest
801572,2026-05-24 19:05:45.434859+02,2026-05-19 17:57:00+02,10.60,22.90,23.22,18.10,,,,,,,,,,backtest
801573,2026-05-24 19:05:45.434859+02,2026-05-19 18:00:00+02,10.43,22.81,23.49,18.10,,,,,,,,,,backtest
801574,2026-05-24 19:05:45.434859+02,2026-05-19 18:03:00+02,10.25,22.93,23.49,18.00,,,,,,,,,,backtest
801575,2026-05-24 19:05:45.434859+02,2026-05-19 18:06:00+02,10.07,23.06,23.22,17.90,,,,,,,,,,backtest
801576,2026-05-24 19:05:45.434859+02,2026-05-19 18:09:00+02,9.88,24.24,24.13,18.50,,,,,,,,,,backtest
801577,2026-05-24 19:05:45.434859+02,2026-05-19 18:12:00+02,9.70,24.14,24.12,18.40,,,,,,,,,,backtest
801578,2026-05-24 19:05:45.434859+02,2026-05-19 18:15:00+02,9.50,23.06,22.51,17.50,,,,,,,,,,backtest
801579,2026-05-24 19:05:45.434859+02,2026-05-19 18:18:00+02,9.31,23.22,19.86,16.60,,,,,,,,,,backtest
801580,2026-05-24 19:05:45.434859+02,2026-05-19 18:21:00+02,9.12,23.32,19.63,16.50,,,,,,,,,,backtest
801581,2026-05-24 19:05:45.434859+02,2026-05-19 18:24:00+02,8.92,21.28,17.63,15.20,,,,,,,,,,backtest
801582,2026-05-24 19:05:45.434859+02,2026-05-19 18:27:00+02,8.72,21.56,17.18,15.10,,,,,,,,,,backtest
801583,2026-05-24 19:05:45.434859+02,2026-05-19 18:30:00+02,8.52,26.04,21.77,17.80,,,,,,,,,,backtest
801584,2026-05-24 19:05:45.434859+02,2026-05-19 18:33:00+02,8.32,25.38,22.35,17.60,,,,,,,,,,backtest
801585,2026-05-24 19:05:45.434859+02,2026-05-19 18:36:00+02,8.12,25.14,22.70,17.60,,,,,,,,,,backtest
801586,2026-05-24 19:05:45.434859+02,2026-05-19 18:39:00+02,7.91,28.35,23.59,18.70,,,,,,,,,,backtest
801587,2026-05-24 19:05:45.434859+02,2026-05-19 18:42:00+02,7.71,27.67,23.15,18.30,,,,,,,,,,backtest
801588,2026-05-24 19:05:45.434859+02,2026-05-19 18:45:00+02,7.51,23.24,20.74,16.20,,,,,,,,,,backtest
801589,2026-05-24 19:05:45.434859+02,2026-05-19 18:48:00+02,7.31,23.96,20.69,16.30,,,,,,,,,,backtest
801590,2026-05-24 19:05:45.434859+02,2026-05-19 18:51:00+02,7.11,24.27,20.23,16.20,,,,,,,,,,backtest
801591,2026-05-24 19:05:45.434859+02,2026-05-19 18:54:00+02,6.91,23.38,19.26,15.60,,,,,,,,,,backtest
801592,2026-05-24 19:05:45.434859+02,2026-05-19 18:57:00+02,6.71,23.54,19.27,15.50,,,,,,,,,,backtest
801593,2026-05-24 19:05:45.434859+02,2026-05-19 19:00:00+02,6.51,22.51,18.82,15.00,,,,,,,,,,backtest
801594,2026-05-24 19:05:45.434859+02,2026-05-19 19:03:00+02,6.32,22.65,18.31,14.80,,,,,,,,,,backtest
801595,2026-05-24 19:05:45.434859+02,2026-05-19 19:06:00+02,6.12,18.58,13.43,12.10,,,,,,,,,,backtest
801596,2026-05-24 19:05:45.434859+02,2026-05-19 19:09:00+02,5.93,17.92,11.36,11.20,,,,,,,,,,backtest
801597,2026-05-24 19:05:45.434859+02,2026-05-19 19:12:00+02,5.75,15.36,8.06,9.30,,,,,,,,,,backtest
801598,2026-05-24 19:05:45.434859+02,2026-05-19 19:15:00+02,5.56,15.64,7.29,9.10,,,,,,,,,,backtest
801599,2026-05-24 19:05:45.434859+02,2026-05-19 19:18:00+02,5.38,15.91,5.83,8.70,,,,,,,,,,backtest
801600,2026-05-24 19:05:45.434859+02,2026-05-19 19:21:00+02,5.20,15.93,5.80,8.60,,,,,,,,,,backtest
801601,2026-05-24 19:05:45.434859+02,2026-05-19 19:24:00+02,5.03,15.81,5.73,8.50,,,,,,,,,,backtest
801602,2026-05-24 19:05:45.434859+02,2026-05-19 19:27:00+02,4.86,15.68,5.28,8.20,,,,,,,,,,backtest
801603,2026-05-24 19:05:45.434859+02,2026-05-19 19:30:00+02,4.69,8.50,4.15,5.70,,,,,,,,,,backtest
801604,2026-05-24 19:05:45.434859+02,2026-05-19 19:33:00+02,4.53,7.79,3.82,5.30,,,,,,,,,,backtest
801605,2026-05-24 19:05:45.434859+02,2026-05-19 19:36:00+02,4.37,8.52,6.44,6.20,,,,,,,,,,backtest
801606,2026-05-24 19:05:45.434859+02,2026-05-19 19:39:00+02,4.22,10.67,9.25,7.70,,,,,,,,,,backtest
801607,2026-05-24 19:05:45.434859+02,2026-05-19 19:42:00+02,4.07,14.46,11.13,9.30,,,,,,,,,,backtest
801608,2026-05-24 19:05:45.434859+02,2026-05-19 19:45:00+02,3.93,14.25,9.78,8.80,,,,,,,,,,backtest
801609,2026-05-24 19:05:45.434859+02,2026-05-19 19:48:00+02,3.79,13.61,9.10,8.30,,,,,,,,,,backtest
801610,2026-05-24 19:05:45.434859+02,2026-05-19 19:51:00+02,3.65,13.31,8.94,8.10,,,,,,,,,,backtest
801611,2026-05-24 19:05:45.434859+02,2026-05-19 19:54:00+02,3.52,13.27,8.81,8.00,,,,,,,,,,backtest
801612,2026-05-24 19:05:45.434859+02,2026-05-19 19:57:00+02,3.40,13.32,8.87,8.00,,,,,,,,,,backtest
801613,2026-05-24 19:05:45.434859+02,2026-05-19 20:00:00+02,3.28,13.38,11.39,8.70,,,,,,,,,,backtest
801614,2026-05-24 19:05:45.434859+02,2026-05-19 20:03:00+02,3.17,13.42,11.69,8.80,,,,,,,,,,backtest
801615,2026-05-24 19:05:45.434859+02,2026-05-19 20:06:00+02,3.06,13.45,11.29,8.60,,,,,,,,,,backtest
801616,2026-05-24 19:05:45.434859+02,2026-05-19 20:09:00+02,2.96,19.30,13.04,10.90,,,,,,,,,,backtest
801617,2026-05-24 19:05:45.434859+02,2026-05-19 20:12:00+02,2.86,13.48,11.44,8.60,,,,,,,,,,backtest
801618,2026-05-24 19:05:45.434859+02,2026-05-19 20:15:00+02,2.77,12.88,8.08,7.40,,,,,,,,,,backtest
801619,2026-05-24 19:05:45.434859+02,2026-05-19 20:18:00+02,2.68,7.97,4.65,4.90,,,,,,,,,,backtest
801620,2026-05-24 19:05:45.434859+02,2026-05-19 20:21:00+02,2.60,3.65,1.65,2.60,,,,,,,,,,backtest
801621,2026-05-24 19:05:45.434859+02,2026-05-19 20:24:00+02,2.52,3.57,1.64,2.60,,,,,,,,,,backtest
801622,2026-05-24 19:05:45.434859+02,2026-05-19 20:27:00+02,2.45,4.37,2.01,2.90,,,,,,,,,,backtest
801623,2026-05-24 19:05:45.434859+02,2026-05-20 08:30:00+02,7.46,3.92,3.35,5.20,,,,,,,,,,backtest
801624,2026-05-24 19:05:45.434859+02,2026-05-20 08:33:00+02,7.65,4.74,4.41,5.80,,,,,,,,,,backtest
801625,2026-05-24 19:05:45.434859+02,2026-05-20 08:36:00+02,7.84,5.67,5.15,6.40,,,,,,,,,,backtest
801626,2026-05-24 19:05:45.434859+02,2026-05-20 08:39:00+02,8.03,5.70,5.35,6.50,,,,,,,,,,backtest
801627,2026-05-24 19:05:45.434859+02,2026-05-20 08:42:00+02,8.22,5.53,5.41,6.60,,,,,,,,,,backtest
801628,2026-05-24 19:05:45.434859+02,2026-05-20 08:45:00+02,8.41,5.85,5.40,6.70,,,,,,,,,,backtest
801629,2026-05-24 19:05:45.434859+02,2026-05-20 08:48:00+02,8.59,5.44,5.41,6.70,,,,,,,,,,backtest
801630,2026-05-24 19:05:45.434859+02,2026-05-20 08:51:00+02,8.78,5.46,5.44,6.80,,,,,,,,,,backtest
801631,2026-05-24 19:05:45.434859+02,2026-05-20 08:54:00+02,8.96,5.49,5.41,6.90,,,,,,,,,,backtest
801632,2026-05-24 19:05:45.434859+02,2026-05-20 08:57:00+02,9.14,3.95,3.95,6.00,,,,,,,,,,backtest
801633,2026-05-24 19:05:45.434859+02,2026-05-20 09:00:00+02,9.32,4.42,4.50,6.40,,,,,,,,,,backtest
801634,2026-05-24 19:05:45.434859+02,2026-05-20 09:03:00+02,9.50,3.97,3.70,6.10,,,,,,,,,,backtest
801635,2026-05-24 19:05:45.434859+02,2026-05-20 09:06:00+02,9.67,3.86,3.59,6.10,,,,,,,,,,backtest
801636,2026-05-24 19:05:45.434859+02,2026-05-20 09:09:00+02,9.84,3.90,3.52,6.20,,,,,,,,,,backtest
801637,2026-05-24 19:05:45.434859+02,2026-05-20 09:12:00+02,10.01,4.71,4.42,6.70,,,,,,,,,,backtest
801638,2026-05-24 19:05:45.434859+02,2026-05-20 09:15:00+02,10.17,4.09,3.59,6.40,,,,,,,,,,backtest
801639,2026-05-24 19:05:45.434859+02,2026-05-20 09:18:00+02,10.33,3.05,2.53,5.80,,,,,,,,,,backtest
801640,2026-05-24 19:05:45.434859+02,2026-05-20 09:21:00+02,10.49,2.86,2.24,5.70,,,,,,,,,,backtest
801641,2026-05-24 19:05:45.434859+02,2026-05-20 09:24:00+02,10.64,5.34,4.65,7.30,,,,,,,,,,backtest
801642,2026-05-24 19:05:45.434859+02,2026-05-20 09:27:00+02,10.78,4.33,3.81,6.80,,,,,,,,,,backtest
801643,2026-05-24 19:05:45.434859+02,2026-05-20 09:30:00+02,10.92,7.00,6.96,8.60,,,,,,,,,,backtest
801644,2026-05-24 19:05:45.434859+02,2026-05-20 09:33:00+02,11.06,9.18,9.04,9.90,,,,,,,,,,backtest
801645,2026-05-24 19:05:45.434859+02,2026-05-20 09:36:00+02,11.19,9.11,9.07,9.90,,,,,,,,,,backtest
801646,2026-05-24 19:05:45.434859+02,2026-05-20 09:39:00+02,11.31,8.75,8.98,9.80,,,,,,,,,,backtest
801647,2026-05-24 19:05:45.434859+02,2026-05-20 09:42:00+02,11.43,8.62,8.99,9.90,,,,,,,,,,backtest
801648,2026-05-24 19:05:45.434859+02,2026-05-20 09:45:00+02,11.54,7.83,8.10,9.40,,,,,,,,,,backtest
801649,2026-05-24 19:05:45.434859+02,2026-05-20 09:48:00+02,11.65,7.82,8.27,9.50,,,,,,,,,,backtest
801650,2026-05-24 19:05:45.434859+02,2026-05-20 09:51:00+02,11.75,10.59,10.89,11.10,,,,,,,,,,backtest
801651,2026-05-24 19:05:45.434859+02,2026-05-20 09:54:00+02,11.84,11.85,11.90,11.90,,,,,,,,,,backtest
801652,2026-05-24 19:05:45.434859+02,2026-05-20 09:57:00+02,11.93,13.48,14.14,13.10,,,,,,,,,,backtest
801653,2026-05-24 19:05:45.434859+02,2026-05-20 10:00:00+02,12.01,13.33,13.74,12.90,,,,,,,,,,backtest
801654,2026-05-24 19:05:45.434859+02,2026-05-20 10:03:00+02,12.08,13.10,13.26,12.70,,,,,,,,,,backtest
801655,2026-05-24 19:05:45.434859+02,2026-05-20 10:06:00+02,12.15,11.27,11.16,11.60,,,,,,,,,,backtest
801656,2026-05-24 19:05:45.434859+02,2026-05-20 10:09:00+02,12.21,11.24,11.22,11.60,,,,,,,,,,backtest
801657,2026-05-24 19:05:45.434859+02,2026-05-20 10:12:00+02,12.26,11.52,11.47,11.80,,,,,,,,,,backtest
801658,2026-05-24 19:05:45.434859+02,2026-05-20 10:15:00+02,12.30,11.70,11.26,11.80,,,,,,,,,,backtest
801659,2026-05-24 19:05:45.434859+02,2026-05-20 10:18:00+02,12.34,11.76,11.24,11.80,,,,,,,,,,backtest
801660,2026-05-24 19:05:45.434859+02,2026-05-20 10:21:00+02,12.37,11.76,11.56,11.90,,,,,,,,,,backtest
801661,2026-05-24 19:05:45.434859+02,2026-05-20 10:24:00+02,12.39,11.75,11.45,11.90,,,,,,,,,,backtest
801662,2026-05-24 19:05:45.434859+02,2026-05-20 10:27:00+02,12.41,11.74,11.79,12.00,,,,,,,,,,backtest
801663,2026-05-24 19:05:45.434859+02,2026-05-20 10:30:00+02,12.42,12.65,13.08,12.70,,,,,,,,,,backtest
801664,2026-05-24 19:05:45.434859+02,2026-05-20 10:33:00+02,12.42,11.79,11.97,12.10,,,,,,,,,,backtest
801665,2026-05-24 19:05:45.434859+02,2026-05-20 10:36:00+02,12.41,10.75,10.84,11.40,,,,,,,,,,backtest
801666,2026-05-24 19:05:45.434859+02,2026-05-20 10:39:00+02,12.40,9.86,9.94,10.90,,,,,,,,,,backtest
801667,2026-05-24 19:05:45.434859+02,2026-05-20 10:42:00+02,12.38,9.92,9.87,10.90,,,,,,,,,,backtest
801668,2026-05-24 19:05:45.434859+02,2026-05-20 10:45:00+02,12.35,6.73,6.33,8.90,,,,,,,,,,backtest
801669,2026-05-24 19:05:45.434859+02,2026-05-20 10:48:00+02,12.32,6.31,6.36,8.70,,,,,,,,,,backtest
801670,2026-05-24 19:05:45.434859+02,2026-05-20 10:51:00+02,12.28,6.66,7.15,9.10,,,,,,,,,,backtest
801671,2026-05-24 19:05:45.434859+02,2026-05-20 10:54:00+02,12.23,7.69,8.00,9.60,,,,,,,,,,backtest
801672,2026-05-24 19:05:45.434859+02,2026-05-20 10:57:00+02,12.18,9.50,9.66,10.60,,,,,,,,,,backtest
801673,2026-05-24 19:05:45.434859+02,2026-05-20 11:00:00+02,12.12,9.52,9.45,10.50,,,,,,,,,,backtest
801674,2026-05-24 19:05:45.434859+02,2026-05-20 11:03:00+02,12.05,9.19,9.19,10.30,,,,,,,,,,backtest
801675,2026-05-24 19:05:45.434859+02,2026-05-20 11:06:00+02,11.98,5.73,5.46,8.10,,,,,,,,,,backtest
801676,2026-05-24 19:05:45.434859+02,2026-05-20 11:09:00+02,11.91,5.15,5.53,8.00,,,,,,,,,,backtest
801677,2026-05-24 19:05:45.434859+02,2026-05-20 11:12:00+02,11.83,5.51,5.63,8.10,,,,,,,,,,backtest
801678,2026-05-24 19:05:45.434859+02,2026-05-20 11:15:00+02,11.74,5.78,5.62,8.10,,,,,,,,,,backtest
801679,2026-05-24 19:05:45.434859+02,2026-05-20 11:18:00+02,11.65,6.66,6.82,8.70,,,,,,,,,,backtest
801680,2026-05-24 19:05:45.434859+02,2026-05-20 11:21:00+02,11.55,11.03,11.15,11.30,,,,,,,,,,backtest
801681,2026-05-24 19:05:45.434859+02,2026-05-20 11:24:00+02,11.45,13.09,13.02,12.40,,,,,,,,,,backtest
801682,2026-05-24 19:05:45.434859+02,2026-05-20 11:27:00+02,11.35,12.63,12.91,12.20,,,,,,,,,,backtest
801683,2026-05-24 19:05:45.434859+02,2026-05-20 11:30:00+02,11.24,12.16,12.76,12.00,,,,,,,,,,backtest
801684,2026-05-24 19:05:45.434859+02,2026-05-20 11:33:00+02,11.13,14.83,15.64,13.60,,,,,,,,,,backtest
801685,2026-05-24 19:05:45.434859+02,2026-05-20 11:36:00+02,11.01,11.37,11.73,11.30,,,,,,,,,,backtest
801686,2026-05-24 19:05:45.434859+02,2026-05-20 11:39:00+02,10.90,9.27,9.59,10.00,,,,,,,,,,backtest
801687,2026-05-24 19:05:45.434859+02,2026-05-20 11:42:00+02,10.78,9.45,9.79,10.10,,,,,,,,,,backtest
801688,2026-05-24 19:05:45.434859+02,2026-05-20 11:45:00+02,10.65,9.91,10.00,10.20,,,,,,,,,,backtest
801689,2026-05-24 19:05:45.434859+02,2026-05-20 11:48:00+02,10.53,10.12,10.01,10.30,,,,,,,,,,backtest
801690,2026-05-24 19:05:45.434859+02,2026-05-20 11:51:00+02,10.40,10.14,10.01,10.20,,,,,,,,,,backtest
801691,2026-05-24 19:05:45.434859+02,2026-05-20 11:54:00+02,10.28,8.39,8.44,9.20,,,,,,,,,,backtest
801692,2026-05-24 19:05:45.434859+02,2026-05-20 11:57:00+02,10.15,8.14,8.16,9.00,,,,,,,,,,backtest
801693,2026-05-24 19:05:45.434859+02,2026-05-20 12:00:00+02,10.02,7.46,7.51,8.50,,,,,,,,,,backtest
801694,2026-05-24 19:05:45.434859+02,2026-05-20 12:03:00+02,9.89,7.44,7.68,8.50,,,,,,,,,,backtest
801695,2026-05-24 19:05:45.434859+02,2026-05-20 12:06:00+02,9.77,9.23,9.33,9.50,,,,,,,,,,backtest
801696,2026-05-24 19:05:45.434859+02,2026-05-20 12:09:00+02,9.64,15.84,15.60,13.30,,,,,,,,,,backtest
801697,2026-05-24 19:05:45.434859+02,2026-05-20 12:12:00+02,9.51,15.78,15.19,13.10,,,,,,,,,,backtest
801698,2026-05-24 19:05:45.434859+02,2026-05-20 12:15:00+02,9.39,15.01,14.58,12.60,,,,,,,,,,backtest
801699,2026-05-24 19:05:45.434859+02,2026-05-20 12:18:00+02,9.26,10.19,10.55,9.90,,,,,,,,,,backtest
801700,2026-05-24 19:05:45.434859+02,2026-05-20 12:21:00+02,9.14,9.91,10.49,9.80,,,,,,,,,,backtest
801701,2026-05-24 19:05:45.434859+02,2026-05-20 12:24:00+02,9.02,10.52,10.80,10.00,,,,,,,,,,backtest
801702,2026-05-24 19:05:45.434859+02,2026-05-20 12:27:00+02,8.90,10.91,10.82,10.10,,,,,,,,,,backtest
801703,2026-05-24 19:05:45.434859+02,2026-05-20 12:30:00+02,8.79,12.82,13.00,11.30,,,,,,,,,,backtest
801704,2026-05-24 19:05:45.434859+02,2026-05-20 12:33:00+02,8.67,12.89,13.14,11.30,,,,,,,,,,backtest
801705,2026-05-24 19:05:45.434859+02,2026-05-20 12:36:00+02,8.56,15.45,15.76,12.80,,,,,,,,,,backtest
801706,2026-05-24 19:05:45.434859+02,2026-05-20 12:39:00+02,8.46,15.35,15.30,12.60,,,,,,,,,,backtest
801707,2026-05-24 19:05:45.434859+02,2026-05-20 12:42:00+02,8.36,15.06,14.76,12.30,,,,,,,,,,backtest
801708,2026-05-24 19:05:45.434859+02,2026-05-20 12:45:00+02,8.26,14.96,14.66,12.20,,,,,,,,,,backtest
801709,2026-05-24 19:05:45.434859+02,2026-05-20 12:48:00+02,8.17,12.24,12.30,10.60,,,,,,,,,,backtest
801710,2026-05-24 19:05:45.434859+02,2026-05-20 12:51:00+02,8.08,12.21,12.54,10.70,,,,,,,,,,backtest
801711,2026-05-24 19:05:45.434859+02,2026-05-20 12:54:00+02,8.00,13.49,14.17,11.50,,,,,,,,,,backtest
801712,2026-05-24 19:05:45.434859+02,2026-05-20 12:57:00+02,7.92,15.59,15.28,12.40,,,,,,,,,,backtest
801713,2026-05-24 19:05:45.434859+02,2026-05-20 13:00:00+02,7.85,13.67,13.91,11.40,,,,,,,,,,backtest
801714,2026-05-24 19:05:45.434859+02,2026-05-20 13:03:00+02,7.78,13.36,13.76,11.20,,,,,,,,,,backtest
801715,2026-05-24 19:05:45.434859+02,2026-05-20 13:06:00+02,7.72,12.52,12.90,10.70,,,,,,,,,,backtest
801716,2026-05-24 19:05:45.434859+02,2026-05-20 13:09:00+02,7.66,9.90,10.07,9.10,,,,,,,,,,backtest
801717,2026-05-24 19:05:45.434859+02,2026-05-20 13:12:00+02,7.61,8.09,8.28,8.00,,,,,,,,,,backtest
801718,2026-05-24 19:05:45.434859+02,2026-05-20 13:15:00+02,7.57,8.23,8.31,8.00,,,,,,,,,,backtest
801719,2026-05-24 19:05:45.434859+02,2026-05-20 13:18:00+02,7.53,6.09,5.62,6.50,,,,,,,,,,backtest
801720,2026-05-24 19:05:45.434859+02,2026-05-20 13:21:00+02,7.50,5.81,5.68,6.40,,,,,,,,,,backtest
801721,2026-05-24 19:05:45.434859+02,2026-05-20 13:24:00+02,7.48,6.01,5.80,6.50,,,,,,,,,,backtest
801722,2026-05-24 19:05:45.434859+02,2026-05-20 13:27:00+02,7.46,6.10,5.81,6.60,,,,,,,,,,backtest
801723,2026-05-24 19:05:45.434859+02,2026-05-20 13:30:00+02,7.45,7.68,7.76,7.60,,,,,,,,,,backtest
801724,2026-05-24 19:05:45.434859+02,2026-05-20 13:33:00+02,7.44,8.66,8.82,8.20,,,,,,,,,,backtest
801725,2026-05-24 19:05:45.434859+02,2026-05-20 13:36:00+02,7.44,12.89,12.92,10.70,,,,,,,,,,backtest
801726,2026-05-24 19:05:45.434859+02,2026-05-20 14:54:00+02,9.52,12.92,13.39,11.70,,,,,,,,,,backtest
801727,2026-05-24 19:05:45.434859+02,2026-05-20 14:57:00+02,9.65,11.46,11.56,10.80,,,,,,,,,,backtest
801728,2026-05-24 19:05:45.434859+02,2026-05-20 15:00:00+02,9.79,11.16,11.93,10.80,,,,,,,,,,backtest
801729,2026-05-24 19:05:45.434859+02,2026-05-20 15:03:00+02,9.92,11.28,12.15,11.00,,,,,,,,,,backtest
801730,2026-05-24 19:05:45.434859+02,2026-05-20 15:06:00+02,10.06,10.55,11.31,10.60,,,,,,,,,,backtest
801731,2026-05-24 19:05:45.434859+02,2026-05-20 15:09:00+02,10.20,11.49,12.04,11.10,,,,,,,,,,backtest
801732,2026-05-24 19:05:45.434859+02,2026-05-20 15:12:00+02,10.33,10.82,11.35,10.80,,,,,,,,,,backtest
801733,2026-05-24 19:05:45.434859+02,2026-05-20 15:15:00+02,10.47,10.74,11.28,10.80,,,,,,,,,,backtest
801734,2026-05-24 19:05:45.434859+02,2026-05-20 15:18:00+02,10.61,12.60,13.45,12.10,,,,,,,,,,backtest
801735,2026-05-24 19:05:45.434859+02,2026-05-20 15:21:00+02,10.74,12.75,13.37,12.10,,,,,,,,,,backtest
801736,2026-05-24 19:05:45.434859+02,2026-05-20 15:24:00+02,10.87,9.94,10.07,10.40,,,,,,,,,,backtest
801737,2026-05-24 19:05:45.434859+02,2026-05-20 15:27:00+02,11.01,9.61,9.83,10.20,,,,,,,,,,backtest
801738,2026-05-24 19:05:45.434859+02,2026-05-20 15:30:00+02,11.14,9.89,10.10,10.50,,,,,,,,,,backtest
801739,2026-05-24 19:05:45.434859+02,2026-05-20 15:33:00+02,11.26,10.08,10.21,10.60,,,,,,,,,,backtest
801740,2026-05-24 19:05:45.434859+02,2026-05-20 15:36:00+02,11.39,10.12,10.21,10.70,,,,,,,,,,backtest
801741,2026-05-24 19:05:45.434859+02,2026-05-20 15:39:00+02,11.51,17.59,17.46,15.10,,,,,,,,,,backtest
801742,2026-05-24 19:05:45.434859+02,2026-05-20 15:42:00+02,11.63,21.47,21.82,17.60,,,,,,,,,,backtest
801743,2026-05-24 19:05:45.434859+02,2026-05-20 15:45:00+02,11.74,20.47,21.97,17.40,,,,,,,,,,backtest
801744,2026-05-24 19:05:45.434859+02,2026-05-20 15:48:00+02,11.85,19.85,21.85,17.30,,,,,,,,,,backtest
801745,2026-05-24 19:05:45.434859+02,2026-05-20 15:51:00+02,11.96,19.77,21.29,17.10,,,,,,,,,,backtest
801746,2026-05-24 19:05:45.434859+02,2026-05-20 15:54:00+02,12.06,17.94,18.69,15.80,,,,,,,,,,backtest
801747,2026-05-24 19:05:45.434859+02,2026-05-20 15:57:00+02,12.16,10.82,12.28,11.80,,,,,,,,,,backtest
801748,2026-05-24 19:05:45.434859+02,2026-05-20 16:00:00+02,12.25,5.72,6.41,8.50,,,,,,,,,,backtest
801749,2026-05-24 19:05:45.434859+02,2026-05-20 16:03:00+02,12.34,5.19,5.99,8.30,,,,,,,,,,backtest
801750,2026-05-24 19:05:45.434859+02,2026-05-20 16:06:00+02,12.42,6.12,6.41,8.70,,,,,,,,,,backtest
801751,2026-05-24 19:05:45.434859+02,2026-05-20 16:09:00+02,12.49,6.63,6.24,8.90,,,,,,,,,,backtest
801752,2026-05-24 19:05:45.434859+02,2026-05-20 16:12:00+02,12.56,6.61,6.26,8.90,,,,,,,,,,backtest
801753,2026-05-24 19:05:45.434859+02,2026-05-20 16:15:00+02,12.63,7.20,7.41,9.40,,,,,,,,,,backtest
801754,2026-05-24 19:05:45.434859+02,2026-05-20 16:18:00+02,12.68,7.93,8.31,9.90,,,,,,,,,,backtest
801755,2026-05-24 19:05:45.434859+02,2026-05-20 16:21:00+02,12.73,7.79,7.94,9.80,,,,,,,,,,backtest
801756,2026-05-24 19:05:45.434859+02,2026-05-20 16:24:00+02,12.78,8.36,8.84,10.30,,,,,,,,,,backtest
801757,2026-05-24 19:05:45.434859+02,2026-05-20 16:27:00+02,12.81,10.04,10.40,11.30,,,,,,,,,,backtest
801758,2026-05-24 19:05:45.434859+02,2026-05-20 16:30:00+02,12.84,13.68,14.51,13.60,,,,,,,,,,backtest
801759,2026-05-24 19:05:45.434859+02,2026-05-20 16:33:00+02,12.86,16.41,17.02,15.20,,,,,,,,,,backtest
801760,2026-05-24 19:05:45.434859+02,2026-05-20 16:36:00+02,12.88,15.95,17.09,15.10,,,,,,,,,,backtest
801761,2026-05-24 19:05:45.434859+02,2026-05-20 16:39:00+02,12.89,12.76,13.61,13.10,,,,,,,,,,backtest
801762,2026-05-24 19:05:45.434859+02,2026-05-20 16:42:00+02,12.89,8.23,9.14,10.40,,,,,,,,,,backtest
801763,2026-05-24 19:05:45.434859+02,2026-05-20 16:45:00+02,12.88,8.20,9.12,10.30,,,,,,,,,,backtest
801764,2026-05-24 19:05:45.434859+02,2026-05-20 16:48:00+02,12.86,8.98,9.91,10.80,,,,,,,,,,backtest
801765,2026-05-24 19:05:45.434859+02,2026-05-20 17:06:00+02,12.62,11.14,12.83,12.20,,,,,,,,,,backtest
801766,2026-05-24 19:05:45.434859+02,2026-05-20 17:09:00+02,12.55,25.21,25.52,20.20,,,,,,,,,,backtest
801767,2026-05-24 19:05:45.434859+02,2026-05-20 17:12:00+02,12.47,24.74,25.90,20.20,,,,,,,,,,backtest
801768,2026-05-24 19:05:45.434859+02,2026-05-20 17:15:00+02,12.39,23.54,22.74,18.80,,,,,,,,,,backtest
801769,2026-05-24 19:05:45.434859+02,2026-05-20 17:18:00+02,12.30,23.01,21.51,18.30,,,,,,,,,,backtest
801770,2026-05-24 19:05:45.434859+02,2026-05-20 17:21:00+02,12.20,21.05,17.65,16.50,,,,,,,,,,backtest
801771,2026-05-24 19:05:45.434859+02,2026-05-20 17:24:00+02,12.10,11.96,13.69,12.50,,,,,,,,,,backtest
801772,2026-05-24 19:05:45.434859+02,2026-05-20 17:27:00+02,11.99,12.40,14.52,12.90,,,,,,,,,,backtest
801773,2026-05-24 19:05:45.434859+02,2026-05-20 17:30:00+02,11.87,16.54,16.87,14.80,,,,,,,,,,backtest
801774,2026-05-24 19:05:45.434859+02,2026-05-20 17:33:00+02,11.75,14.18,14.75,13.40,,,,,,,,,,backtest
801775,2026-05-24 19:05:45.434859+02,2026-05-20 17:36:00+02,11.62,16.75,17.00,14.80,,,,,,,,,,backtest
801776,2026-05-24 19:05:45.434859+02,2026-05-20 17:39:00+02,11.49,19.67,19.15,16.20,,,,,,,,,,backtest
801777,2026-05-24 19:05:45.434859+02,2026-05-20 17:42:00+02,11.35,16.30,17.15,14.60,,,,,,,,,,backtest
801778,2026-05-24 19:05:45.434859+02,2026-05-20 17:45:00+02,11.20,14.05,14.41,13.00,,,,,,,,,,backtest
801779,2026-05-24 19:05:45.434859+02,2026-05-20 17:48:00+02,11.05,18.08,17.76,15.20,,,,,,,,,,backtest
801780,2026-05-24 19:05:45.434859+02,2026-05-20 17:51:00+02,10.89,14.45,14.97,13.20,,,,,,,,,,backtest
801781,2026-05-24 19:05:45.434859+02,2026-05-20 17:54:00+02,10.73,14.23,13.92,12.70,,,,,,,,,,backtest
801782,2026-05-24 19:05:45.434859+02,2026-05-20 17:57:00+02,10.56,14.45,14.37,12.90,,,,,,,,,,backtest
801783,2026-05-24 19:05:45.434859+02,2026-05-20 18:00:00+02,10.39,13.66,13.39,12.30,,,,,,,,,,backtest
801784,2026-05-24 19:05:45.434859+02,2026-05-20 18:03:00+02,10.22,12.73,12.69,11.70,,,,,,,,,,backtest
801785,2026-05-24 19:05:45.434859+02,2026-05-20 18:06:00+02,10.04,12.76,12.72,11.70,,,,,,,,,,backtest
801786,2026-05-24 19:05:45.434859+02,2026-05-20 18:09:00+02,9.86,12.86,12.70,11.60,,,,,,,,,,backtest
801787,2026-05-24 19:05:45.434859+02,2026-05-20 18:12:00+02,9.67,19.67,18.22,15.20,,,,,,,,,,backtest
801788,2026-05-24 19:05:45.434859+02,2026-05-20 18:15:00+02,9.49,19.33,17.67,14.90,,,,,,,,,,backtest
801789,2026-05-24 19:05:45.434859+02,2026-05-20 18:18:00+02,9.30,18.69,13.47,13.40,,,,,,,,,,backtest
801790,2026-05-24 19:05:45.434859+02,2026-05-20 18:21:00+02,9.10,15.49,10.82,11.50,,,,,,,,,,backtest
801791,2026-05-24 19:05:45.434859+02,2026-05-20 18:24:00+02,8.91,15.58,10.64,11.40,,,,,,,,,,backtest
801792,2026-05-24 19:05:45.434859+02,2026-05-20 18:27:00+02,8.71,15.98,10.84,11.50,,,,,,,,,,backtest
801793,2026-05-24 19:05:45.434859+02,2026-05-20 18:30:00+02,8.52,17.17,12.01,12.20,,,,,,,,,,backtest
801794,2026-05-24 19:05:45.434859+02,2026-05-20 18:33:00+02,8.32,17.20,11.84,12.00,,,,,,,,,,backtest
801795,2026-05-24 19:05:45.434859+02,2026-05-20 18:36:00+02,8.12,19.08,13.85,13.10,,,,,,,,,,backtest
801796,2026-05-24 19:05:45.434859+02,2026-05-20 18:39:00+02,7.92,18.91,14.21,13.10,,,,,,,,,,backtest
801797,2026-05-24 19:05:45.434859+02,2026-05-20 18:42:00+02,7.72,23.94,18.69,15.90,,,,,,,,,,backtest
801798,2026-05-24 19:05:45.434859+02,2026-05-20 18:45:00+02,7.52,23.23,19.02,15.70,,,,,,,,,,backtest
801799,2026-05-24 19:05:45.434859+02,2026-05-20 18:48:00+02,7.32,24.01,19.65,16.00,,,,,,,,,,backtest
801800,2026-05-24 19:05:45.434859+02,2026-05-20 18:51:00+02,7.13,23.75,19.52,15.80,,,,,,,,,,backtest
801801,2026-05-24 19:05:45.434859+02,2026-05-20 18:54:00+02,6.93,23.80,19.60,15.80,,,,,,,,,,backtest
801802,2026-05-24 19:05:45.434859+02,2026-05-20 18:57:00+02,6.73,23.89,19.66,15.80,,,,,,,,,,backtest
801803,2026-05-24 19:05:45.434859+02,2026-05-20 19:00:00+02,6.54,24.01,21.54,16.30,,,,,,,,,,backtest
801804,2026-05-24 19:05:45.434859+02,2026-05-20 19:03:00+02,6.35,20.92,18.34,14.30,,,,,,,,,,backtest
801805,2026-05-24 19:05:45.434859+02,2026-05-20 19:06:00+02,6.16,20.34,17.53,13.80,,,,,,,,,,backtest
801806,2026-05-24 19:05:45.434859+02,2026-05-20 19:09:00+02,5.97,20.72,17.42,13.80,,,,,,,,,,backtest
801807,2026-05-24 19:05:45.434859+02,2026-05-20 19:12:00+02,5.79,20.92,17.02,13.70,,,,,,,,,,backtest
801808,2026-05-24 19:05:45.434859+02,2026-05-20 19:15:00+02,5.61,20.94,15.99,13.30,,,,,,,,,,backtest
801809,2026-05-24 19:05:45.434859+02,2026-05-20 19:18:00+02,5.43,20.89,13.02,12.30,,,,,,,,,,backtest
801810,2026-05-24 19:05:45.434859+02,2026-05-20 19:21:00+02,5.25,19.81,10.27,11.10,,,,,,,,,,backtest
801811,2026-05-24 19:05:45.434859+02,2026-05-20 19:24:00+02,5.08,14.97,4.97,8.00,,,,,,,,,,backtest
801812,2026-05-24 19:05:45.434859+02,2026-05-20 19:27:00+02,4.91,15.17,4.97,8.00,,,,,,,,,,backtest
801813,2026-05-24 19:05:45.434859+02,2026-05-20 19:30:00+02,4.75,15.67,5.98,8.40,,,,,,,,,,backtest
801814,2026-05-24 19:05:45.434859+02,2026-05-20 19:33:00+02,4.59,16.82,7.24,9.10,,,,,,,,,,backtest
801815,2026-05-24 19:05:45.434859+02,2026-05-20 19:36:00+02,4.44,18.70,10.01,10.40,,,,,,,,,,backtest
801816,2026-05-24 19:05:45.434859+02,2026-05-20 19:39:00+02,4.29,18.39,8.58,9.80,,,,,,,,,,backtest
801817,2026-05-24 19:05:45.434859+02,2026-05-20 19:42:00+02,4.14,16.13,6.13,8.30,,,,,,,,,,backtest
801818,2026-05-24 19:05:45.434859+02,2026-05-20 19:45:00+02,4.00,13.21,6.48,7.50,,,,,,,,,,backtest
801819,2026-05-24 19:05:45.434859+02,2026-05-20 19:48:00+02,3.86,8.04,3.52,5.00,,,,,,,,,,backtest
801820,2026-05-24 19:05:45.434859+02,2026-05-20 19:51:00+02,3.73,7.93,4.12,5.10,,,,,,,,,,backtest
801821,2026-05-24 19:05:45.434859+02,2026-05-20 19:54:00+02,3.60,5.37,2.97,3.90,,,,,,,,,,backtest
801822,2026-05-24 19:05:45.434859+02,2026-05-20 19:57:00+02,3.48,5.15,4.74,4.40,,,,,,,,,,backtest
801823,2026-05-24 19:05:45.434859+02,2026-05-20 20:00:00+02,3.37,14.37,13.79,9.80,,,,,,,,,,backtest
801824,2026-05-24 19:05:45.434859+02,2026-05-20 20:03:00+02,3.26,19.72,13.75,11.30,,,,,,,,,,backtest
801825,2026-05-24 19:05:45.434859+02,2026-05-20 20:06:00+02,3.15,16.60,10.76,9.50,,,,,,,,,,backtest
801826,2026-05-24 19:05:45.434859+02,2026-05-20 20:09:00+02,3.05,15.58,9.33,8.70,,,,,,,,,,backtest
801827,2026-05-24 19:05:45.434859+02,2026-05-20 20:12:00+02,2.96,15.44,9.15,8.60,,,,,,,,,,backtest
801828,2026-05-24 19:05:45.434859+02,2026-05-20 20:15:00+02,2.87,11.93,6.64,6.70,,,,,,,,,,backtest
801829,2026-05-24 19:05:45.434859+02,2026-05-20 20:18:00+02,2.79,2.98,0.25,2.10,,,,,,,,,,backtest
801830,2026-05-24 19:05:45.434859+02,2026-05-20 20:21:00+02,2.71,1.84,0.42,1.80,,,,,,,,,,backtest
802495,2026-05-24 19:06:06.97521+02,2026-05-25 08:30:00+02,9.48,9.75,7.15,8.90,0.00,0.00,15.49,OK,34.22,0.00,0.00,0.00,,ensemble
802496,2026-05-25 08:32:05.816398+02,2026-05-25 08:33:00+02,8.50,16.85,12.53,12.20,0.00,0.00,16.66,OK,26.10,0.00,0.00,0.00,,ensemble
802553,2026-05-25 11:22:16.728827+02,2026-05-25 11:24:00+02,10.24,22.59,3.53,11.90,0.00,0.00,13.42,OK,29.46,0.00,0.00,0.00,,ensemble
802555,2026-05-25 11:28:12.507228+02,2026-05-25 11:30:00+02,10.37,13.69,1.52,8.70,0.00,0.00,8.45,OK,26.74,0.00,0.00,0.00,,ensemble
802556,2026-05-25 11:33:21.665063+02,2026-05-25 11:33:00+02,10.47,13.90,14.67,12.80,0.00,0.00,17.35,OK,26.49,0.00,0.00,0.00,,ensemble
802558,2026-05-25 11:37:29.714432+02,2026-05-25 11:39:00+02,10.70,18.81,4.18,11.20,2.07,0.00,14.65,OK,25.59,0.00,0.00,0.00,,ensemble
802606,2026-05-25 13:59:50.148422+02,2026-05-25 14:03:00+02,9.31,8.23,9.48,9.00,0.00,0.00,15.42,OK,31.68,0.00,0.00,0.00,,ensemble
802625,2026-05-25 14:56:09.33403+02,2026-05-25 15:00:00+02,11.29,9.13,5.56,8.90,0.00,0.00,18.01,OK,37.76,0.00,0.00,0.00,,ensemble
802611,2026-05-25 14:16:50.328371+02,2026-05-25 14:18:00+02,9.70,8.99,3.13,7.50,0.00,0.00,9.16,OK,17.25,0.00,0.00,0.00,,ensemble
850800,2026-05-26 08:32:34.155026+02,2026-05-26 08:33:00+02,8.07,15.63,10.96,11.20,0.00,0.00,16.48,OK,30.55,0.00,0.00,0.00,,ensemble
850802,2026-05-26 08:38:41.921421+02,2026-05-26 08:39:00+02,9.40,10.83,9.38,9.80,0.00,0.00,15.02,OK,34.09,0.00,0.00,0.00,,ensemble
850885,2026-05-26 12:46:58.203702+02,2026-05-26 12:48:00+02,19.92,16.03,6.70,14.80,0.00,0.00,18.64,OK,27.65,0.00,0.00,0.00,,ensemble
802734,2026-05-25 20:26:24.099513+02,2026-05-25 20:27:00+02,3.64,8.29,1.04,4.30,0.00,,,OK,,0.00,0.00,0.00,,ensemble
802602,2026-05-25 13:52:15.177323+02,2026-05-25 13:51:00+02,9.22,8.37,4.68,7.60,0.00,0.00,4.00,OK,16.03,0.00,0.00,0.00,,ensemble
802569,2026-05-25 12:09:39.079686+02,2026-05-25 12:12:00+02,12.06,20.72,20.16,17.10,0.00,0.00,23.99,OK,25.47,0.00,0.00,0.00,,ensemble
802567,2026-05-25 12:05:36.134078+02,2026-05-25 12:06:00+02,11.88,14.78,13.70,13.30,0.00,0.00,20.05,OK,25.92,0.00,0.00,0.00,,ensemble
850799,2026-05-25 20:46:17.232389+02,2026-05-26 08:30:00+02,7.45,10.86,7.48,8.50,0.00,0.00,12.46,OK,42.30,0.00,0.00,0.00,,ensemble
802562,2026-05-25 11:49:32.496809+02,2026-05-25 11:51:00+02,11.25,17.33,3.33,10.70,0.00,0.00,12.35,OK,28.55,0.00,0.00,0.00,,ensemble
802561,2026-05-25 11:45:56.786571+02,2026-05-25 11:48:00+02,11.10,22.23,24.81,18.60,0.00,0.00,25.55,OK,32.73,0.00,0.00,0.00,,ensemble
802552,2026-05-25 11:19:34.9783+02,2026-05-25 11:21:00+02,10.21,12.24,5.08,9.30,1.42,0.00,9.35,OK,25.60,0.00,0.00,0.00,,ensemble
802554,2026-05-25 11:26:56.507635+02,2026-05-25 11:27:00+02,10.30,19.13,9.39,12.70,7.23,0.00,14.72,BUSY,27.29,2.84,0.00,0.00,,ensemble
802557,2026-05-25 11:34:04.184395+02,2026-05-25 11:36:00+02,10.58,18.00,2.83,10.50,0.00,0.00,11.77,OK,27.20,0.00,0.00,0.00,,ensemble
802626,2026-05-25 15:01:39.119859+02,2026-05-25 15:03:00+02,11.41,5.88,3.46,7.40,0.00,0.00,9.90,OK,27.16,0.00,0.00,0.00,,ensemble
802610,2026-05-25 14:15:17.256996+02,2026-05-25 14:15:00+02,9.60,9.69,8.22,9.20,0.00,0.00,14.33,OK,23.80,0.00,0.00,0.00,,ensemble
802627,2026-05-25 15:06:00.296703+02,2026-05-25 15:06:00+02,11.52,4.97,4.94,7.60,0.00,0.00,7.79,OK,22.82,0.00,0.00,0.00,,ensemble
802608,2026-05-25 14:07:53.132812+02,2026-05-25 14:09:00+02,9.44,8.22,4.32,7.50,0.00,0.00,7.79,OK,19.24,0.00,0.00,0.00,,ensemble
850998,2026-05-26 18:26:36.04355+02,2026-05-26 18:27:00+02,15.92,21.28,20.32,18.80,0.00,0.00,38.06,OK,27.62,0.00,0.00,0.00,,ensemble
802603,2026-05-25 13:53:44.375037+02,2026-05-25 13:54:00+02,9.22,2.87,1.84,5.10,0.00,0.00,0.35,OK,11.30,0.00,0.00,0.00,,ensemble
802679,2026-05-25 17:39:44.491568+02,2026-05-25 17:42:00+02,8.82,13.34,16.65,12.50,0.00,0.00,16.23,OK,44.66,0.00,0.00,0.00,,ensemble
850992,2026-05-26 18:07:55.401192+02,2026-05-26 18:09:00+02,15.69,19.73,11.45,15.60,0.00,0.00,22.87,OK,35.92,0.00,0.00,0.00,,ensemble
802568,2026-05-25 12:07:18.298992+02,2026-05-25 12:09:00+02,11.98,20.48,3.35,11.90,0.00,0.00,16.12,OK,25.88,0.00,0.00,0.00,,ensemble
802609,2026-05-25 14:11:12.40931+02,2026-05-25 14:12:00+02,9.52,8.23,5.44,7.90,0.00,0.00,7.50,OK,19.59,0.00,0.00,0.00,,ensemble
850999,2026-05-26 18:28:15.152712+02,2026-05-26 18:30:00+02,15.74,21.64,6.61,14.80,0.00,0.00,20.23,OK,27.97,0.00,0.00,0.00,,ensemble
802559,2026-05-25 11:42:36.11858+02,2026-05-25 11:42:00+02,10.83,18.83,18.10,15.40,0.00,0.00,21.10,OK,34.98,0.00,0.00,0.00,,ensemble
850993,2026-05-26 18:11:24.562359+02,2026-05-26 18:12:00+02,15.36,26.18,17.00,19.10,0.45,0.00,31.38,OK,38.06,0.00,0.00,0.00,,ensemble
802560,2026-05-25 11:43:41.732162+02,2026-05-25 11:45:00+02,10.96,22.78,12.41,14.90,0.00,0.00,23.38,OK,39.50,0.00,0.00,0.00,,ensemble
902169,2026-05-27 13:20:43.207943+02,2026-05-27 13:24:00+02,8.79,9.35,5.25,7.90,0.00,0.00,13.24,OK,25.65,0.00,0.00,0.00,,ensemble
902170,2026-05-27 13:26:39.280426+02,2026-05-27 13:27:00+02,8.78,7.75,4.03,7.00,0.00,0.00,11.55,OK,21.13,0.00,0.00,0.00,,ensemble
802607,2026-05-25 14:05:35.114379+02,2026-05-25 14:06:00+02,9.37,9.05,3.52,7.50,0.00,0.00,6.36,OK,17.40,0.00,0.00,0.00,,ensemble
802624,2026-05-25 14:56:09.33403+02,2026-05-25 14:57:00+02,11.18,8.86,5.24,8.70,0.00,0.00,10.78,OK,28.42,0.00,0.00,0.00,,ensemble
850801,2026-05-26 08:36:25.762529+02,2026-05-26 08:36:00+02,8.73,12.94,8.74,10.00,0.00,0.00,15.63,OK,25.98,0.00,0.00,0.00,,ensemble
902167,2026-05-27 13:14:56.552237+02,2026-05-27 13:18:00+02,8.83,11.60,6.00,8.80,0.00,0.00,15.35,OK,27.98,0.00,0.00,0.00,,ensemble
850803,2026-05-26 08:41:55.665334+02,2026-05-26 08:42:00+02,10.10,12.48,8.05,10.20,0.00,0.00,16.33,OK,38.78,0.00,0.00,0.00,,ensemble
850804,2026-05-26 08:44:46.097559+02,2026-05-26 08:45:00+02,10.82,12.60,7.97,10.50,0.00,0.00,22.84,OK,31.58,0.00,0.00,0.00,,ensemble
902172,2026-05-27 13:32:39.111907+02,2026-05-27 13:33:00+02,7.90,5.57,4.07,6.10,0.00,0.00,5.24,OK,16.78,0.00,0.00,0.00,,ensemble
850997,2026-05-26 18:23:50.222117+02,2026-05-26 18:24:00+02,16.13,29.06,12.54,18.90,0.00,0.00,35.92,OK,27.68,0.00,0.00,0.00,,ensemble
902168,2026-05-27 13:20:43.207943+02,2026-05-27 13:21:00+02,8.80,9.31,6.02,8.10,0.00,0.00,8.94,OK,24.96,0.00,0.00,0.00,,ensemble
902171,2026-05-27 13:30:33.115118+02,2026-05-27 13:30:00+02,7.90,6.74,4.94,6.70,0.00,0.00,5.92,OK,19.47,0.00,0.00,0.00,,ensemble
802563,2026-05-25 11:52:17.050857+02,2026-05-25 11:54:00+02,11.39,17.33,14.83,14.20,0.00,0.00,17.44,OK,28.83,0.00,0.00,0.00,,ensemble
802565,2026-05-25 11:59:12.790849+02,2026-05-25 12:00:00+02,11.65,7.54,6.71,8.90,0.00,0.00,16.73,OK,32.82,0.00,0.00,0.00,,ensemble
802589,2026-05-25 13:11:41.234648+02,2026-05-25 13:12:00+02,10.43,9.97,10.81,10.40,0.00,0.00,14.38,OK,28.08,0.00,0.00,0.00,,ensemble
802598,2026-05-25 13:36:59.378842+02,2026-05-25 13:39:00+02,9.35,6.61,8.08,8.10,0.00,0.00,5.07,OK,14.51,0.00,0.00,0.00,,ensemble
850824,2026-05-26 09:43:19.965325+02,2026-05-26 09:45:00+02,16.27,7.20,15.97,13.50,0.00,0.00,25.96,OK,30.01,0.00,0.00,0.00,,ensemble
850827,2026-05-26 09:52:32.790519+02,2026-05-26 09:54:00+02,17.03,7.20,17.09,14.10,0.00,0.00,19.85,OK,27.62,0.00,0.00,0.00,,ensemble
850835,2026-05-26 10:16:58.119331+02,2026-05-26 10:18:00+02,18.21,7.20,6.44,11.40,0.00,0.00,12.96,OK,36.02,0.00,0.00,0.00,,ensemble
802592,2026-05-25 13:19:32.900512+02,2026-05-25 13:21:00+02,9.98,5.30,4.04,6.80,0.00,0.00,8.01,OK,13.28,0.00,0.00,0.00,,ensemble
802579,2026-05-25 12:40:52.533727+02,2026-05-25 12:42:00+02,11.91,9.32,4.96,9.00,0.00,0.00,6.37,OK,28.79,0.00,0.00,0.00,,ensemble
802596,2026-05-25 13:30:47.256472+02,2026-05-25 13:33:00+02,9.51,6.87,4.76,7.30,0.00,0.00,4.41,OK,11.05,0.00,0.00,0.00,,ensemble
802577,2026-05-25 12:36:27.276122+02,2026-05-25 12:36:00+02,12.08,8.49,6.97,9.50,0.00,0.00,7.59,OK,25.93,0.00,0.00,0.00,,ensemble
802576,2026-05-25 12:31:27.030618+02,2026-05-25 12:33:00+02,12.14,12.22,3.90,9.70,0.00,0.00,8.38,OK,21.06,0.00,0.00,0.00,,ensemble
802575,2026-05-25 12:30:38.44049+02,2026-05-25 12:30:00+02,12.19,13.13,10.63,12.00,0.00,0.00,12.60,OK,27.59,0.00,0.00,0.00,,ensemble
802599,2026-05-25 13:42:23.809248+02,2026-05-25 13:42:00+02,9.29,7.39,12.46,9.70,0.00,0.00,6.35,OK,27.47,0.00,0.00,0.00,,ensemble
902256,2026-05-27 17:43:29.447572+02,2026-05-27 17:45:00+02,11.44,15.70,4.10,10.50,0.00,0.00,12.22,OK,29.65,0.00,0.00,0.00,,ensemble
802574,2026-05-25 12:24:42.178703+02,2026-05-25 12:27:00+02,12.21,14.93,19.69,15.30,0.00,0.00,19.43,OK,22.74,0.00,0.00,0.00,,ensemble
902257,2026-05-27 17:47:47.002944+02,2026-05-27 17:48:00+02,12.85,12.51,10.88,12.20,0.00,0.00,15.74,OK,23.82,0.00,0.00,0.00,,ensemble
802580,2026-05-25 12:42:44.880189+02,2026-05-25 12:45:00+02,11.80,11.87,13.07,12.20,0.00,0.00,15.25,OK,39.23,0.00,0.00,0.00,,ensemble
802600,2026-05-25 13:42:44.311337+02,2026-05-25 13:45:00+02,9.25,7.39,13.90,10.10,0.00,0.00,8.85,OK,34.74,0.00,0.00,0.00,,ensemble
802570,2026-05-25 12:15:28.311872+02,2026-05-25 12:15:00+02,12.13,24.23,10.33,15.20,0.00,0.00,26.72,OK,23.59,0.00,0.00,0.00,,ensemble
850833,2026-05-26 10:11:05.751646+02,2026-05-26 10:12:00+02,18.60,7.20,5.09,11.10,0.00,0.00,10.74,OK,45.45,0.00,0.00,0.00,,ensemble
802601,2026-05-25 13:47:48.3944+02,2026-05-25 13:48:00+02,9.23,8.12,5.85,7.90,0.00,0.00,4.05,OK,20.50,0.00,0.00,0.00,,ensemble
802578,2026-05-25 12:38:44.27514+02,2026-05-25 12:39:00+02,12.00,8.54,7.27,9.50,0.00,0.00,8.93,OK,24.13,0.00,0.00,0.00,,ensemble
802566,2026-05-25 12:01:12.493718+02,2026-05-25 12:03:00+02,11.77,7.65,4.10,8.20,0.00,0.00,12.41,OK,29.34,0.00,0.00,0.00,,ensemble
802564,2026-05-25 11:55:23.006676+02,2026-05-25 11:57:00+02,11.52,15.58,3.85,10.40,0.00,0.00,15.63,OK,27.17,0.00,0.00,0.00,,ensemble
802594,2026-05-25 13:26:23.220197+02,2026-05-25 13:27:00+02,9.72,5.42,5.16,7.10,0.00,0.00,6.46,OK,11.20,0.00,0.00,0.00,,ensemble
802590,2026-05-25 13:13:27.018793+02,2026-05-25 13:15:00+02,10.27,10.67,21.19,13.70,0.00,0.00,26.29,OK,21.82,0.00,0.00,0.00,,ensemble
802593,2026-05-25 13:23:25.952542+02,2026-05-25 13:24:00+02,9.84,6.25,6.91,7.90,0.00,0.00,9.26,OK,17.90,0.00,0.00,0.00,,ensemble
802597,2026-05-25 13:35:28.486713+02,2026-05-25 13:36:00+02,9.42,6.61,7.23,7.90,0.00,0.00,3.99,OK,15.46,0.00,0.00,0.00,,ensemble
802572,2026-05-25 12:18:46.784618+02,2026-05-25 12:21:00+02,12.20,13.77,16.51,14.00,0.00,0.00,18.09,OK,21.97,0.00,0.00,0.00,,ensemble
850830,2026-05-26 10:01:40.68507+02,2026-05-26 10:03:00+02,16.72,7.20,5.10,10.40,0.00,0.00,11.04,OK,26.87,0.00,0.00,0.00,,ensemble
802573,2026-05-25 12:22:29.45692+02,2026-05-25 12:24:00+02,12.22,12.73,9.71,11.60,1.48,0.00,13.55,OK,25.23,0.00,0.00,0.00,,ensemble
802591,2026-05-25 13:17:27.886939+02,2026-05-25 13:18:00+02,10.12,5.24,1.52,6.10,0.00,0.00,7.53,OK,12.44,0.00,0.00,0.00,,ensemble
850828,2026-05-26 09:57:11.785991+02,2026-05-26 09:57:00+02,16.95,7.20,6.82,11.00,0.00,0.00,19.21,OK,23.91,0.00,0.00,0.00,,ensemble
802595,2026-05-25 13:29:16.201448+02,2026-05-25 13:30:00+02,9.61,6.87,3.41,6.90,0.00,0.00,3.99,OK,10.77,0.00,0.00,0.00,,ensemble
850823,2026-05-26 09:41:39.015746+02,2026-05-26 09:42:00+02,17.55,7.20,14.45,13.50,0.00,0.00,19.48,OK,38.96,0.00,0.00,0.00,,ensemble
850825,2026-05-26 09:46:36.759674+02,2026-05-26 09:48:00+02,16.25,7.20,6.21,10.50,0.00,0.00,12.40,OK,23.67,0.00,0.00,0.00,,ensemble
850826,2026-05-26 09:49:27.566288+02,2026-05-26 09:51:00+02,17.09,7.20,17.99,14.40,0.00,0.00,15.71,OK,22.36,0.00,0.00,0.00,,ensemble
851029,2026-05-26 19:58:45.209506+02,2026-05-26 20:00:00+02,16.43,17.23,7.04,13.90,0.00,0.00,,OK,,0.00,0.00,0.00,,ensemble
858146,2026-05-26 10:05:49.833738+02,2026-05-26 20:30:00+02,6.32,15.17,0.00,7.10,32.91,27.06,,ALERT,,0.00,0.00,0.00,,ensemble
850831,2026-05-26 10:05:54.637456+02,2026-05-26 10:06:00+02,19.22,7.20,18.17,15.30,0.00,0.00,16.75,OK,24.33,0.00,0.00,0.00,,ensemble
850832,2026-05-26 10:08:41.783637+02,2026-05-26 10:09:00+02,18.77,7.20,6.44,11.60,0.00,0.00,13.13,OK,25.41,0.00,0.00,0.00,,ensemble
850834,2026-05-26 10:14:35.744507+02,2026-05-26 10:15:00+02,18.41,7.20,15.86,14.30,0.00,0.00,20.71,OK,31.20,0.00,0.00,0.00,,ensemble
902271,2026-05-27 18:27:33.542324+02,2026-05-27 18:30:00+02,8.34,17.39,12.26,12.20,0.00,0.00,30.42,OK,26.95,0.00,0.00,0.00,,ensemble
850829,2026-05-26 09:58:38.428095+02,2026-05-26 10:00:00+02,16.85,7.20,5.30,10.50,0.00,0.00,14.96,OK,28.45,0.00,0.00,0.00,,ensemble
851014,2026-05-26 19:14:11.409639+02,2026-05-26 19:15:00+02,16.31,20.29,3.08,13.50,0.00,0.00,23.83,OK,26.17,0.00,0.00,0.00,,ensemble
802530,2026-05-25 10:13:20.604868+02,2026-05-25 10:15:00+02,15.01,4.38,16.10,12.20,0.00,0.00,20.47,OK,33.01,0.00,0.00,0.00,,ensemble
802534,2026-05-25 10:26:36.724243+02,2026-05-25 10:27:00+02,13.70,4.38,6.90,8.90,0.00,0.00,9.74,OK,32.55,0.00,0.00,0.00,,ensemble
802620,2026-05-25 14:45:02.349101+02,2026-05-25 14:45:00+02,10.72,9.12,6.87,9.10,0.00,0.00,8.01,OK,36.19,0.00,0.00,0.00,,ensemble
850847,2026-05-26 10:53:38.524046+02,2026-05-26 10:54:00+02,17.21,17.31,6.71,14.10,0.00,0.00,36.95,OK,34.19,0.00,0.00,0.00,,ensemble
850988,2026-05-26 17:54:29.583154+02,2026-05-26 17:57:00+02,15.12,24.23,24.96,20.80,0.00,0.00,40.14,OK,31.38,0.00,0.00,0.00,,ensemble
802547,2026-05-25 11:04:18.407633+02,2026-05-25 11:06:00+02,10.40,6.84,5.94,8.00,0.00,0.00,9.86,OK,23.57,0.00,0.00,0.00,,ensemble
850983,2026-05-26 17:41:36.535322+02,2026-05-26 17:42:00+02,17.20,14.68,10.63,14.50,0.00,0.00,20.48,OK,40.14,0.00,0.00,0.00,,ensemble
802622,2026-05-25 14:50:37.338681+02,2026-05-25 14:51:00+02,10.95,5.51,5.57,7.70,0.00,0.00,5.11,OK,21.47,0.00,0.00,0.00,,ensemble
802623,2026-05-25 14:50:37.338681+02,2026-05-25 14:54:00+02,11.07,5.84,5.81,7.90,0.00,0.00,6.48,OK,30.34,0.00,0.00,0.00,,ensemble
802551,2026-05-25 11:17:31.953221+02,2026-05-25 11:18:00+02,10.19,12.10,11.14,11.10,1.30,0.00,14.45,OK,28.93,0.00,0.00,0.00,,ensemble
802548,2026-05-25 11:07:10.010945+02,2026-05-25 11:09:00+02,10.31,9.45,4.03,8.20,0.00,0.00,9.22,OK,21.56,0.00,0.00,0.00,,ensemble
802550,2026-05-25 11:13:21.013423+02,2026-05-25 11:15:00+02,10.21,14.95,2.80,9.40,0.00,0.00,11.42,OK,23.02,0.00,0.00,0.00,,ensemble
802621,2026-05-25 14:45:42.285682+02,2026-05-25 14:48:00+02,10.83,9.04,8.96,9.70,0.00,0.00,7.25,OK,31.76,0.00,0.00,0.00,,ensemble
802538,2026-05-25 10:39:14.014464+02,2026-05-25 10:39:00+02,12.38,8.44,6.88,9.60,0.00,0.00,16.85,OK,27.82,0.00,0.00,0.00,,ensemble
802531,2026-05-25 10:16:18.286814+02,2026-05-25 10:18:00+02,14.70,4.38,2.98,8.10,0.00,0.00,9.84,OK,28.74,0.00,0.00,0.00,,ensemble
802532,2026-05-25 10:20:52.510028+02,2026-05-25 10:21:00+02,14.37,4.38,10.92,10.30,0.00,0.00,13.43,OK,35.20,0.00,0.00,0.00,,ensemble
802533,2026-05-25 10:22:20.377024+02,2026-05-25 10:24:00+02,14.04,4.38,2.29,7.60,0.46,0.00,7.63,OK,30.10,0.00,0.00,0.00,,ensemble
802667,2026-05-25 17:05:52.653691+02,2026-05-25 17:06:00+02,10.38,17.76,24.95,17.00,1.32,0.00,22.12,OK,29.19,0.00,0.00,0.00,,ensemble
850981,2026-05-26 17:36:14.370364+02,2026-05-26 17:36:00+02,18.05,15.25,11.34,15.20,0.00,0.00,23.77,OK,27.65,0.00,0.00,0.00,,ensemble
802545,2026-05-25 10:58:07.835267+02,2026-05-25 11:00:00+02,10.67,13.28,6.65,10.20,0.00,0.00,20.08,OK,31.81,0.00,0.00,0.00,,ensemble
802668,2026-05-25 17:07:34.209568+02,2026-05-25 17:09:00+02,10.34,18.27,7.15,11.80,0.00,0.00,16.99,OK,29.94,0.00,0.00,0.00,,ensemble
850961,2026-05-26 16:33:54.448102+02,2026-05-26 16:36:00+02,22.07,10.91,14.44,16.40,0.00,0.00,25.34,OK,25.76,0.00,0.00,0.00,,ensemble
802544,2026-05-25 10:55:02.722986+02,2026-05-25 10:57:00+02,10.85,12.36,3.20,9.00,0.00,0.00,13.57,OK,24.72,0.00,0.00,0.00,,ensemble
850845,2026-05-26 10:46:49.296773+02,2026-05-26 10:48:00+02,19.08,13.27,6.11,13.40,0.00,0.00,26.49,OK,32.94,0.00,0.00,0.00,,ensemble
850846,2026-05-26 10:50:03.593676+02,2026-05-26 10:51:00+02,18.87,15.50,8.52,14.80,0.00,0.00,26.61,OK,30.20,0.00,0.00,0.00,,ensemble
802546,2026-05-25 11:01:29.677111+02,2026-05-25 11:03:00+02,10.52,7.98,5.72,8.30,0.00,0.00,12.90,OK,28.95,0.00,0.00,0.00,,ensemble
802539,2026-05-25 10:42:28.85404+02,2026-05-25 10:42:00+02,12.08,10.37,12.31,11.60,2.70,0.00,18.66,OK,37.21,0.00,0.00,0.00,,ensemble
802536,2026-05-25 10:33:03.490738+02,2026-05-25 10:33:00+02,13.03,14.30,10.59,12.70,0.00,0.00,21.96,OK,28.67,0.00,0.00,0.00,,ensemble
902231,2026-05-27 16:29:48.730787+02,2026-05-27 16:30:00+02,18.51,9.63,8.73,12.90,0.00,0.00,18.66,OK,28.73,0.00,0.00,0.00,,ensemble
802540,2026-05-25 10:45:16.154458+02,2026-05-25 10:45:00+02,11.79,14.78,11.19,12.50,0.34,0.00,22.12,OK,41.65,0.00,0.00,0.00,,ensemble
850844,2026-05-26 10:45:02.698273+02,2026-05-26 10:45:00+02,19.30,13.08,19.12,17.40,0.00,0.00,41.03,OK,45.92,0.00,0.00,0.00,,ensemble
802678,2026-05-25 17:39:11.443108+02,2026-05-25 17:39:00+02,9.02,12.44,14.30,11.60,0.00,0.00,13.20,OK,32.96,0.00,0.00,0.00,,ensemble
902242,2026-05-27 17:01:50.519516+02,2026-05-27 17:03:00+02,18.24,7.42,3.00,10.40,0.00,0.00,13.02,OK,27.15,0.00,0.00,0.00,,ensemble
802537,2026-05-25 10:35:41.461768+02,2026-05-25 10:36:00+02,12.70,14.00,3.01,10.20,0.00,0.00,16.83,OK,29.46,0.00,0.00,0.00,,ensemble
850982,2026-05-26 17:37:25.366895+02,2026-05-26 17:39:00+02,17.63,15.44,4.53,13.00,0.00,0.00,17.49,OK,29.41,0.00,0.00,0.00,,ensemble
802680,2026-05-25 17:43:40.915201+02,2026-05-25 17:45:00+02,8.62,15.08,10.77,11.20,0.00,0.00,16.77,OK,32.91,0.00,0.00,0.00,,ensemble
802535,2026-05-25 10:28:55.470358+02,2026-05-25 10:30:00+02,13.36,4.38,3.16,7.60,0.00,0.00,9.05,OK,29.59,0.00,0.00,0.00,,ensemble
802549,2026-05-25 11:10:39.059199+02,2026-05-25 11:12:00+02,10.24,15.01,3.47,9.60,0.00,0.00,10.37,OK,23.19,0.00,0.00,0.00,,ensemble
802666,2026-05-25 17:00:11.594809+02,2026-05-25 17:03:00+02,10.41,14.23,15.39,13.10,0.00,0.00,24.86,OK,31.70,0.00,0.00,0.00,,ensemble
902276,2026-05-27 18:44:29.893638+02,2026-05-27 18:45:00+02,7.81,15.49,9.47,10.60,0.00,0.00,11.68,OK,27.89,0.00,0.00,0.00,,ensemble
902274,2026-05-27 18:38:45.173046+02,2026-05-27 18:39:00+02,7.95,13.52,14.31,11.50,0.00,0.00,18.51,OK,27.21,0.00,0.00,0.00,,ensemble
850843,2026-05-26 10:41:03.689905+02,2026-05-26 10:42:00+02,19.52,10.03,4.46,12.20,0.00,0.00,22.51,OK,60.00,0.00,0.00,0.00,,ensemble
902275,2026-05-27 18:38:45.173046+02,2026-05-27 18:42:00+02,7.87,13.53,12.17,10.90,0.00,0.00,18.63,OK,23.52,0.00,0.00,0.00,,ensemble
850960,2026-05-26 16:33:17.175302+02,2026-05-26 16:33:00+02,22.01,10.91,10.77,15.30,0.00,0.00,22.68,OK,26.56,0.00,0.00,0.00,,ensemble
902255,2026-05-27 17:42:02.98291+02,2026-05-27 17:42:00+02,13.47,13.90,12.36,13.30,0.00,0.00,18.55,OK,23.52,0.00,0.00,0.00,,ensemble
902252,2026-05-27 17:32:46.50497+02,2026-05-27 17:33:00+02,14.83,8.20,10.36,11.50,0.00,0.00,21.41,OK,28.09,0.00,0.00,0.00,,ensemble
850842,2026-05-26 10:38:21.696724+02,2026-05-26 10:39:00+02,19.75,10.39,5.55,12.70,0.00,0.00,22.14,OK,47.71,0.00,0.00,0.00,,ensemble
902192,2026-05-27 14:33:25.785048+02,2026-05-27 14:33:00+02,10.29,9.57,12.02,10.60,0.00,0.00,14.12,OK,27.16,0.00,0.00,0.00,,ensemble
902273,2026-05-27 18:35:03.771547+02,2026-05-27 18:36:00+02,8.04,11.52,9.06,9.40,0.00,0.00,20.54,OK,32.57,0.00,0.00,0.00,,ensemble
802507,2026-05-25 09:04:21.382354+02,2026-05-25 09:06:00+02,13.74,6.11,3.74,8.50,0.00,0.00,12.21,OK,24.36,0.00,0.00,0.00,,ensemble
802508,2026-05-25 09:07:08.465357+02,2026-05-25 09:09:00+02,14.16,7.20,4.45,9.20,0.00,0.00,14.09,OK,24.24,0.00,0.00,0.00,,ensemble
802510,2026-05-25 09:15:59.90177+02,2026-05-25 09:15:00+02,14.94,8.38,4.75,9.90,0.00,0.00,16.62,OK,31.46,0.00,0.00,0.00,,ensemble
802526,2026-05-25 10:01:03.631804+02,2026-05-25 10:03:00+02,16.09,4.38,5.32,9.30,0.00,0.00,15.86,OK,31.14,0.00,0.00,0.00,,ensemble
802528,2026-05-25 10:07:04.136286+02,2026-05-25 10:09:00+02,15.59,4.38,10.26,10.60,0.00,0.00,15.74,OK,27.80,0.00,0.00,0.00,,ensemble
802529,2026-05-25 10:11:59.926056+02,2026-05-25 10:12:00+02,15.31,4.38,8.00,9.80,0.00,0.00,12.74,OK,27.34,0.00,0.00,0.00,,ensemble
802522,2026-05-25 09:51:27.200696+02,2026-05-25 09:51:00+02,16.71,4.38,5.03,9.50,0.65,0.00,13.14,OK,29.86,0.00,0.00,0.00,,ensemble
802523,2026-05-25 09:51:27.200696+02,2026-05-25 09:54:00+02,16.61,5.73,5.76,10.10,0.00,0.00,16.87,OK,30.15,0.00,0.00,0.00,,ensemble
802729,2026-05-25 20:11:02.817938+02,2026-05-25 20:12:00+02,4.38,9.72,3.01,5.60,0.00,0.00,,OK,,0.00,0.00,0.00,,ensemble
850848,2026-05-26 10:55:50.948925+02,2026-05-26 10:57:00+02,17.87,16.58,5.92,13.90,0.00,0.00,50.45,OK,28.96,0.00,0.00,0.00,,ensemble
802520,2026-05-25 09:44:52.64444+02,2026-05-25 09:45:00+02,16.81,4.38,5.73,9.80,0.00,0.00,17.23,OK,42.11,0.00,0.00,0.00,,ensemble
850849,2026-05-26 11:00:26.695457+02,2026-05-26 11:00:00+02,17.69,17.19,11.57,15.70,0.00,0.00,44.53,OK,32.68,0.00,0.00,0.00,,ensemble
850850,2026-05-26 11:01:44.835503+02,2026-05-26 11:03:00+02,17.54,15.95,5.66,13.50,0.00,0.00,25.25,OK,31.26,0.00,0.00,0.00,,ensemble
850956,2026-05-26 16:20:53.387923+02,2026-05-26 16:21:00+02,22.83,11.87,7.19,14.80,0.00,0.00,20.60,OK,28.80,0.00,0.00,0.00,,ensemble
802517,2026-05-25 09:35:46.913531+02,2026-05-25 09:36:00+02,16.66,4.38,3.94,9.20,0.00,0.00,13.91,OK,28.99,0.00,0.00,0.00,,ensemble
850856,2026-05-26 11:19:04.026366+02,2026-05-26 11:21:00+02,16.46,11.46,4.29,11.30,0.00,0.00,16.34,OK,25.32,0.00,0.00,0.00,,ensemble
850959,2026-05-26 16:27:58.30257+02,2026-05-26 16:30:00+02,21.93,10.58,4.51,13.30,0.00,0.00,15.68,OK,34.14,0.00,0.00,0.00,,ensemble
802524,2026-05-25 09:57:32.218114+02,2026-05-25 09:57:00+02,16.46,4.38,12.71,11.70,0.00,0.00,21.38,OK,28.49,0.00,0.00,0.00,,ensemble
802525,2026-05-25 09:57:32.218114+02,2026-05-25 10:00:00+02,16.29,5.73,10.85,11.50,0.00,0.00,33.12,OK,33.40,0.00,0.00,0.00,,ensemble
802515,2026-05-25 09:29:03.713907+02,2026-05-25 09:30:00+02,16.35,4.38,7.46,10.10,0.00,0.00,14.41,OK,35.05,0.00,0.00,0.00,,ensemble
802506,2026-05-25 09:01:17.252625+02,2026-05-25 09:03:00+02,13.29,7.35,4.67,8.90,0.00,0.00,14.87,OK,27.71,0.00,0.00,0.00,,ensemble
802509,2026-05-25 09:09:40.741086+02,2026-05-25 09:12:00+02,14.57,5.75,3.68,8.70,0.00,0.00,12.06,OK,24.39,0.00,0.00,0.00,,ensemble
802511,2026-05-25 09:17:16.384331+02,2026-05-25 09:18:00+02,15.29,9.08,4.88,10.30,0.00,0.00,13.70,OK,32.14,0.00,0.00,0.00,,ensemble
802512,2026-05-25 09:20:55.271735+02,2026-05-25 09:21:00+02,15.61,7.39,4.93,9.90,0.00,0.00,12.05,OK,33.08,0.00,0.00,0.00,,ensemble
802513,2026-05-25 09:23:45.387521+02,2026-05-25 09:24:00+02,15.89,7.65,3.58,9.70,0.00,0.00,11.03,OK,34.52,0.00,0.00,0.00,,ensemble
802527,2026-05-25 10:05:50.587732+02,2026-05-25 10:06:00+02,15.85,4.38,10.29,10.70,0.00,0.00,16.66,OK,28.26,0.00,0.00,0.00,,ensemble
802730,2026-05-25 20:14:07.02366+02,2026-05-25 20:15:00+02,4.23,9.72,3.08,5.50,0.00,,,OK,,0.00,0.00,0.00,,ensemble
850858,2026-05-26 11:25:17.548223+02,2026-05-26 11:27:00+02,10.77,10.91,4.17,8.80,0.00,0.00,18.66,OK,22.93,0.00,0.00,0.00,,ensemble
850857,2026-05-26 11:21:50.901824+02,2026-05-26 11:24:00+02,16.44,12.51,13.53,14.40,0.00,0.00,23.74,OK,22.18,0.00,0.00,0.00,,ensemble
802571,2026-05-25 12:15:28.311872+02,2026-05-25 12:18:00+02,12.17,22.09,11.44,14.90,0.00,0.00,29.34,OK,24.34,0.00,0.00,0.00,,ensemble
802521,2026-05-25 09:48:21.911014+02,2026-05-25 09:48:00+02,16.78,4.38,2.66,8.80,0.00,0.00,11.03,OK,33.17,0.00,0.00,0.00,,ensemble
802731,2026-05-25 20:16:09.932873+02,2026-05-25 20:18:00+02,4.08,8.29,0.95,4.40,0.00,,,OK,,0.00,0.00,0.00,,ensemble
850851,2026-05-26 11:04:20.407183+02,2026-05-26 11:06:00+02,17.40,15.14,3.93,12.70,0.00,0.00,20.44,OK,29.43,0.00,0.00,0.00,,ensemble
902307,2026-05-27 20:17:44.592218+02,2026-05-27 20:18:00+02,5.57,9.21,9.54,7.90,0.00,,,OK,,0.00,0.00,0.00,,ensemble
850855,2026-05-26 11:16:34.723725+02,2026-05-26 11:18:00+02,16.50,11.67,4.41,11.40,0.00,0.00,17.62,OK,24.37,0.00,0.00,0.00,,ensemble
802518,2026-05-25 09:38:54.091925+02,2026-05-25 09:39:00+02,16.75,4.38,5.07,9.50,0.00,0.00,16.71,OK,27.66,0.00,0.00,0.00,,ensemble
802516,2026-05-25 09:33:30.805906+02,2026-05-25 09:33:00+02,16.52,4.38,12.46,11.70,0.00,0.00,18.91,OK,27.86,0.00,0.00,0.00,,ensemble
802732,2026-05-25 20:20:03.346208+02,2026-05-25 20:21:00+02,3.93,8.29,1.04,4.40,0.00,,,OK,,0.00,0.00,0.00,,ensemble
902309,2026-05-27 20:23:58.053029+02,2026-05-27 20:24:00+02,4.81,6.13,1.84,4.30,0.00,,,OK,,0.00,0.00,0.00,,ensemble
802733,2026-05-25 20:21:17.204919+02,2026-05-25 20:24:00+02,3.78,8.29,1.04,4.30,0.00,,,OK,,0.00,0.00,0.00,,ensemble
805167,2026-05-24 22:09:11.581822+02,2026-05-24 22:24:11.581822+02,3.97,,,,0.00,0.00,0.00,OK,,,,,pipeline_v2,ensemble
802514,2026-05-25 09:26:33.472724+02,2026-05-25 09:27:00+02,16.14,8.54,4.20,10.30,0.00,0.00,10.31,OK,32.16,0.00,0.00,0.00,,ensemble
902308,2026-05-27 20:19:23.616663+02,2026-05-27 20:21:00+02,7.26,6.76,0.81,5.20,0.00,,,OK,,0.00,0.00,0.00,,ensemble
850853,2026-05-26 11:10:21.053544+02,2026-05-26 11:12:00+02,16.64,14.26,5.45,12.60,0.00,0.00,18.73,OK,46.46,0.00,0.00,0.00,,ensemble
850854,2026-05-26 11:13:23.136827+02,2026-05-26 11:15:00+02,16.56,13.65,12.82,14.60,0.00,0.00,25.63,OK,20.34,0.00,0.00,0.00,,ensemble
850958,2026-05-26 16:26:33.126765+02,2026-05-26 16:27:00+02,23.13,10.43,6.34,14.30,0.00,0.00,30.58,OK,28.34,0.00,0.00,0.00,,ensemble
850852,2026-05-26 11:09:27.246711+02,2026-05-26 11:09:00+02,13.96,14.26,5.41,11.50,0.00,0.00,19.46,OK,30.23,0.00,0.00,0.00,,ensemble
902278,2026-05-27 18:50:54.724279+02,2026-05-27 18:51:00+02,8.19,20.38,18.83,15.00,0.00,0.00,23.77,OK,26.98,0.00,0.00,0.00,,ensemble
802499,2026-05-25 08:39:54.750792+02,2026-05-25 08:42:00+02,9.90,10.86,7.77,9.60,0.00,0.00,13.91,OK,36.26,0.00,0.00,0.00,,ensemble
802502,2026-05-25 08:50:36.246026+02,2026-05-25 08:51:00+02,11.38,9.79,6.78,9.50,0.00,0.00,12.75,OK,28.98,0.00,0.00,0.00,,ensemble
802503,2026-05-25 08:53:29.349961+02,2026-05-25 08:54:00+02,11.87,9.43,6.45,9.50,0.00,0.00,11.05,OK,29.41,0.00,0.00,0.00,,ensemble
850860,2026-05-26 11:32:24.554112+02,2026-05-26 11:33:00+02,15.11,11.16,5.71,11.10,0.00,0.00,11.63,OK,26.55,0.00,0.00,0.00,,ensemble
802581,2026-05-25 12:47:34.037186+02,2026-05-25 12:48:00+02,11.67,4.36,2.19,6.60,0.00,0.00,3.44,OK,22.94,0.00,0.00,0.00,,ensemble
850863,2026-05-26 11:41:04.740844+02,2026-05-26 11:42:00+02,10.70,12.07,7.19,10.10,0.00,0.00,9.87,OK,46.34,0.00,0.00,0.00,,ensemble
802582,2026-05-25 12:49:01.514795+02,2026-05-25 12:51:00+02,11.54,12.05,13.51,12.30,0.00,0.00,14.30,OK,28.90,0.00,0.00,0.00,,ensemble
802500,2026-05-25 08:45:15.407754+02,2026-05-25 08:45:00+02,10.39,9.12,6.38,8.80,0.00,0.00,14.77,OK,41.37,0.00,0.00,0.00,,ensemble
805168,2026-05-24 22:10:18.509664+02,2026-05-24 22:25:18.509664+02,3.97,,,,0.00,0.00,0.00,OK,,,,,pipeline_v2,ensemble
805178,2026-05-24 22:48:19.006129+02,2026-05-24 23:03:19.006129+02,5.08,,,,0.00,0.00,0.00,OK,,,,,pipeline_v2,ensemble
805188,2026-05-25 06:32:20.860398+02,2026-05-25 06:47:20.860398+02,4.34,,,,0.00,0.00,0.00,OK,,,,,pipeline_v2,ensemble
805198,2026-05-25 07:17:55.856177+02,2026-05-25 07:32:55.856177+02,7.71,,,,0.00,0.00,0.00,OK,,,,,pipeline_v2,ensemble
802498,2026-05-25 08:37:26.288976+02,2026-05-25 08:39:00+02,9.42,8.96,6.37,8.40,0.00,0.00,15.20,OK,26.67,0.00,0.00,0.00,,ensemble
802501,2026-05-25 08:48:08.756972+02,2026-05-25 08:48:00+02,10.88,7.50,5.08,8.10,0.00,0.00,11.09,OK,32.35,0.00,0.00,0.00,,ensemble
802504,2026-05-25 08:55:56.868441+02,2026-05-25 08:57:00+02,12.35,9.07,6.12,9.50,0.00,0.00,15.20,OK,27.03,0.00,0.00,0.00,,ensemble
802505,2026-05-25 08:59:13.817992+02,2026-05-25 09:00:00+02,12.83,6.04,3.87,8.10,0.00,0.00,17.78,OK,31.93,0.00,0.00,0.00,,ensemble
802605,2026-05-25 13:59:50.148422+02,2026-05-25 14:00:00+02,9.27,7.95,9.06,8.80,0.00,0.00,13.27,OK,35.48,0.00,0.00,0.00,,ensemble
850955,2026-05-26 16:17:38.713574+02,2026-05-26 16:18:00+02,22.65,12.60,5.27,14.40,0.00,0.00,21.26,OK,27.33,0.00,0.00,0.00,,ensemble
802588,2026-05-25 13:07:37.98867+02,2026-05-25 13:09:00+02,10.59,7.80,2.92,7.50,0.00,0.00,8.24,OK,21.26,0.00,0.00,0.00,,ensemble
850952,2026-05-26 16:07:13.859502+02,2026-05-26 16:09:00+02,20.60,18.03,6.03,15.50,0.00,0.00,27.31,OK,27.30,0.00,0.00,0.00,,ensemble
802585,2026-05-25 12:59:10.687216+02,2026-05-25 13:00:00+02,11.08,8.90,4.55,8.50,0.00,0.00,13.27,OK,36.47,0.00,0.00,0.00,,ensemble
802497,2026-05-25 08:34:34.146221+02,2026-05-25 08:36:00+02,8.95,10.79,7.83,9.20,0.00,0.00,15.68,OK,27.75,0.00,0.00,0.00,,ensemble
902145,2026-05-27 12:11:58.533576+02,2026-05-27 12:12:00+02,11.63,12.35,6.51,10.30,0.00,0.00,8.94,OK,39.72,0.00,0.00,0.00,,ensemble
850859,2026-05-26 11:27:38.026405+02,2026-05-26 11:30:00+02,15.08,11.51,9.64,12.40,0.00,0.00,12.73,OK,31.97,0.00,0.00,0.00,,ensemble
850861,2026-05-26 11:33:29.807544+02,2026-05-26 11:36:00+02,15.15,11.22,9.12,12.20,0.00,0.00,13.51,OK,22.53,0.00,0.00,0.00,,ensemble
850862,2026-05-26 11:39:10.655323+02,2026-05-26 11:39:00+02,15.21,11.59,13.03,13.50,0.00,0.00,14.37,OK,33.47,0.00,0.00,0.00,,ensemble
850953,2026-05-26 16:11:40.434049+02,2026-05-26 16:12:00+02,20.41,16.79,3.49,14.20,0.00,0.00,17.86,OK,40.44,0.00,0.00,0.00,,ensemble
802542,2026-05-25 10:51:40.555591+02,2026-05-25 10:51:00+02,11.27,13.91,15.35,13.30,0.00,0.00,19.01,OK,28.80,0.00,0.00,0.00,,ensemble
850948,2026-05-26 15:55:56.299274+02,2026-05-26 15:57:00+02,17.26,12.31,5.06,12.10,0.00,0.00,28.52,OK,24.94,0.00,0.00,0.00,,ensemble
902266,2026-05-27 18:14:45.650274+02,2026-05-27 18:15:00+02,8.58,9.35,6.96,8.30,0.00,0.00,5.85,OK,35.30,0.00,0.00,0.00,,ensemble
850947,2026-05-26 15:53:10.00673+02,2026-05-26 15:54:00+02,19.16,13.30,7.27,13.80,0.00,0.00,24.72,OK,33.96,0.00,0.00,0.00,,ensemble
802586,2026-05-25 13:03:26.386792+02,2026-05-25 13:03:00+02,10.92,16.74,17.59,14.70,0.00,0.00,27.77,OK,34.60,0.00,0.00,0.00,,ensemble
802543,2026-05-25 10:54:44.192083+02,2026-05-25 10:54:00+02,11.05,14.97,10.38,12.00,0.00,0.00,15.25,OK,28.97,0.00,0.00,0.00,,ensemble
802604,2026-05-25 13:53:44.375037+02,2026-05-25 13:57:00+02,9.24,3.30,2.38,5.40,0.00,0.00,2.64,OK,12.65,0.00,0.00,0.00,,ensemble
850946,2026-05-26 15:49:56.221107+02,2026-05-26 15:51:00+02,18.92,11.36,6.21,12.80,0.00,0.00,16.62,OK,24.96,0.00,0.00,0.00,,ensemble
802583,2026-05-25 12:54:38.51043+02,2026-05-25 12:54:00+02,11.39,13.41,9.02,11.30,0.00,0.00,11.30,OK,31.16,0.00,0.00,0.00,,ensemble
902267,2026-05-27 18:18:06.731117+02,2026-05-27 18:18:00+02,9.15,11.71,9.35,10.00,0.00,0.00,8.22,OK,30.09,0.00,0.00,0.00,,ensemble
802628,2026-05-25 15:07:31.988872+02,2026-05-25 15:09:00+02,12.04,4.12,2.64,6.80,0.00,0.00,7.30,OK,19.76,0.00,0.00,0.00,,ensemble
802664,2026-05-25 16:54:24.190436+02,2026-05-25 16:57:00+02,10.41,12.94,10.57,11.20,0.00,0.00,25.62,OK,24.28,0.00,0.00,0.00,,ensemble
902265,2026-05-27 18:10:28.071038+02,2026-05-27 18:12:00+02,10.00,11.37,2.13,8.10,0.00,0.00,6.08,OK,11.00,0.00,0.00,0.00,,ensemble
850954,2026-05-26 16:15:14.707516+02,2026-05-26 16:15:00+02,22.46,14.41,3.56,14.40,0.00,0.00,21.65,OK,22.89,0.00,0.00,0.00,,ensemble
902143,2026-05-27 12:06:37.411572+02,2026-05-27 12:06:00+02,13.01,10.75,8.12,10.90,0.00,0.00,12.62,OK,24.90,0.00,0.00,0.00,,ensemble
802541,2026-05-25 10:45:16.154458+02,2026-05-25 10:48:00+02,11.52,13.93,9.99,11.80,0.00,0.00,22.89,OK,32.79,0.00,0.00,0.00,,ensemble
802519,2026-05-25 09:42:46.253206+02,2026-05-25 09:42:00+02,16.80,4.38,12.28,11.70,0.00,0.00,19.59,OK,37.33,0.00,0.00,0.00,,ensemble
850927,2026-05-26 14:52:37.732107+02,2026-05-26 14:54:00+02,15.03,9.79,4.81,10.40,0.00,0.00,13.41,OK,34.04,0.00,0.00,0.00,,ensemble
902144,2026-05-27 12:09:24.867121+02,2026-05-27 12:09:00+02,5.76,12.43,16.27,10.90,0.00,0.00,9.42,OK,25.04,0.00,0.00,0.00,,ensemble
850864,2026-05-26 11:45:18.716686+02,2026-05-26 11:45:00+02,15.02,13.97,15.89,15.00,0.00,0.00,25.28,OK,32.13,0.00,0.00,0.00,,ensemble
802665,2026-05-25 17:00:11.594809+02,2026-05-25 17:00:00+02,10.42,14.07,16.92,13.50,0.00,0.00,25.59,OK,28.31,0.00,0.00,0.00,,ensemble
802584,2026-05-25 12:55:27.462202+02,2026-05-25 12:57:00+02,11.24,9.36,2.29,8.00,0.00,0.00,9.66,OK,25.76,0.00,0.00,0.00,,ensemble
802587,2026-05-25 13:05:26.765846+02,2026-05-25 13:06:00+02,10.76,14.96,5.02,10.30,0.00,0.00,13.85,OK,29.25,0.00,0.00,0.00,,ensemble
858155,2026-05-26 10:05:49.833738+02,2026-05-26 20:57:00+02,4.03,15.17,0.00,6.20,41.31,,,ALERT,,0.00,0.00,0.00,,ensemble
902277,2026-05-27 18:46:08.628303+02,2026-05-27 18:48:00+02,7.79,15.52,3.11,8.70,0.00,0.00,8.30,OK,16.52,0.00,0.00,0.00,,ensemble
805157,2026-05-24 21:49:09.767558+02,2026-05-24 22:04:09.767558+02,4.26,,,,0.00,0.00,0.00,OK,,,,,pipeline_v2,ensemble
805169,2026-05-24 22:10:23.853688+02,2026-05-24 22:25:23.853688+02,3.97,,,,0.00,0.00,0.00,OK,,,,,pipeline_v2,ensemble
805179,2026-05-24 22:49:32.768914+02,2026-05-24 23:04:32.768914+02,3.81,,,,0.00,0.00,0.00,OK,,,,,pipeline_v2,ensemble
805189,2026-05-25 06:33:38.927953+02,2026-05-25 06:48:38.927953+02,3.88,,,,0.00,0.00,0.00,OK,,,,,pipeline_v2,ensemble
805199,2026-05-25 07:36:29.337054+02,2026-05-25 07:51:29.337054+02,6.52,,,,0.00,0.00,0.00,OK,,,,,pipeline_v2,ensemble
902110,2026-05-27 10:26:37.162471+02,2026-05-27 10:27:00+02,15.73,5.85,8.91,10.70,0.00,0.00,22.03,OK,27.73,0.00,0.00,0.00,,ensemble
902111,2026-05-27 10:30:10.449619+02,2026-05-27 10:30:00+02,15.49,5.85,13.75,12.10,0.00,0.00,17.52,OK,28.36,0.00,0.00,0.00,,ensemble
850926,2026-05-26 14:49:47.393371+02,2026-05-26 14:51:00+02,19.91,9.67,6.58,12.80,0.00,0.00,13.69,OK,25.77,0.00,0.00,0.00,,ensemble
850921,2026-05-26 14:35:00.14863+02,2026-05-26 14:36:00+02,19.96,8.26,4.33,11.80,0.00,0.00,15.72,OK,22.60,0.00,0.00,0.00,,ensemble
850957,2026-05-26 16:22:04.565641+02,2026-05-26 16:24:00+02,22.99,11.04,5.00,14.00,0.00,0.00,19.42,OK,25.35,0.00,0.00,0.00,,ensemble
850925,2026-05-26 14:46:33.411389+02,2026-05-26 14:48:00+02,19.67,8.03,4.98,11.80,0.00,0.00,14.62,OK,26.54,0.00,0.00,0.00,,ensemble
850920,2026-05-26 14:32:13.785703+02,2026-05-26 14:33:00+02,19.72,8.36,4.64,11.80,0.00,0.00,16.32,OK,26.16,0.00,0.00,0.00,,ensemble
850903,2026-05-26 13:42:20.546854+02,2026-05-26 13:42:00+02,19.98,20.50,20.10,20.20,0.00,0.00,29.08,OK,45.28,0.00,0.00,0.00,,ensemble
850902,2026-05-26 13:39:15.629497+02,2026-05-26 13:39:00+02,19.92,19.48,22.56,20.60,0.00,0.00,25.56,OK,32.12,0.00,0.00,0.00,,ensemble
902120,2026-05-27 10:54:33.586909+02,2026-05-27 10:57:00+02,16.25,10.62,4.53,11.00,0.00,0.00,22.03,OK,23.72,0.00,0.00,0.00,,ensemble
902115,2026-05-27 10:42:20.549057+02,2026-05-27 10:42:00+02,16.63,13.36,6.85,12.70,0.00,0.00,16.34,OK,40.23,0.00,0.00,0.00,,ensemble
850919,2026-05-26 14:29:07.206894+02,2026-05-26 14:30:00+02,19.49,8.37,2.23,11.00,0.00,0.00,12.80,OK,33.69,0.00,0.00,0.00,,ensemble
850923,2026-05-26 14:42:22.12718+02,2026-05-26 14:42:00+02,19.19,7.87,5.63,11.70,0.00,0.00,15.22,OK,44.91,0.00,0.00,0.00,,ensemble
902114,2026-05-27 10:39:19.745577+02,2026-05-27 10:39:00+02,16.89,15.29,9.70,14.30,0.00,0.00,20.43,OK,30.70,0.00,0.00,0.00,,ensemble
850978,2026-05-26 17:26:07.343346+02,2026-05-26 17:27:00+02,19.53,11.96,6.17,13.20,0.00,0.00,28.55,OK,27.62,0.00,0.00,0.00,,ensemble
850971,2026-05-26 17:06:16.708442+02,2026-05-26 17:06:00+02,20.73,12.46,10.16,15.10,0.00,0.00,25.32,OK,32.22,0.00,0.00,0.00,,ensemble
850922,2026-05-26 14:38:09.538951+02,2026-05-26 14:39:00+02,18.96,8.01,3.57,11.10,0.00,0.00,12.51,OK,32.01,0.00,0.00,0.00,,ensemble
850904,2026-05-26 13:45:13.733985+02,2026-05-26 13:45:00+02,20.05,21.14,11.20,17.70,0.00,0.00,34.15,OK,33.26,0.00,0.00,0.00,,ensemble
902116,2026-05-27 10:45:38.416806+02,2026-05-27 10:45:00+02,16.38,14.21,19.05,16.50,0.00,0.00,25.06,OK,36.79,0.00,0.00,0.00,,ensemble
850979,2026-05-26 17:29:58.813132+02,2026-05-26 17:30:00+02,19.14,15.80,12.63,16.20,0.00,0.00,24.11,OK,27.97,0.00,0.00,0.00,,ensemble
902117,2026-05-27 10:48:27.805121+02,2026-05-27 10:48:00+02,20.87,13.57,16.11,17.20,0.00,0.00,25.31,OK,28.35,0.00,0.00,0.00,,ensemble
850980,2026-05-26 17:31:47.73111+02,2026-05-26 17:33:00+02,18.47,15.68,4.89,13.60,0.00,0.00,20.07,OK,24.76,0.00,0.00,0.00,,ensemble
850972,2026-05-26 17:08:51.282529+02,2026-05-26 17:09:00+02,20.48,12.38,16.35,16.80,0.00,0.00,29.03,OK,36.68,0.00,0.00,0.00,,ensemble
850924,2026-05-26 14:44:01.286946+02,2026-05-26 14:45:00+02,19.42,7.44,3.08,10.90,0.00,0.00,16.82,OK,32.89,0.00,0.00,0.00,,ensemble
850901,2026-05-26 13:36:24.158617+02,2026-05-26 13:36:00+02,19.87,17.59,15.57,17.90,0.00,0.00,29.22,OK,22.57,0.00,0.00,0.00,,ensemble
850963,2026-05-26 16:42:15.18531+02,2026-05-26 16:42:00+02,22.12,11.45,8.32,14.80,0.00,0.00,22.15,OK,45.91,0.00,0.00,0.00,,ensemble
902118,2026-05-27 10:48:27.805121+02,2026-05-27 10:51:00+02,20.54,12.87,14.11,16.30,0.00,0.00,27.90,OK,26.41,0.00,0.00,0.00,,ensemble
850899,2026-05-26 13:29:59.600867+02,2026-05-26 13:30:00+02,19.43,13.97,16.21,16.80,0.24,0.00,24.18,OK,34.15,0.00,0.00,0.00,,ensemble
850900,2026-05-26 13:32:43.424293+02,2026-05-26 13:33:00+02,11.10,15.80,19.60,15.10,0.00,0.00,24.09,OK,26.52,0.00,0.00,0.00,,ensemble
858147,2026-05-26 10:05:49.833738+02,2026-05-26 20:33:00+02,6.02,15.17,0.00,7.00,24.75,30.45,,ALERT,,0.00,0.00,0.00,,ensemble
858148,2026-05-26 10:05:49.833738+02,2026-05-26 20:36:00+02,5.73,15.17,0.00,6.80,23.58,27.94,,ALERT,,0.00,0.00,0.00,,ensemble
902121,2026-05-27 11:00:27.979445+02,2026-05-27 11:00:00+02,16.04,8.91,11.67,12.60,0.00,0.00,25.52,OK,27.18,0.00,0.00,0.00,,ensemble
850886,2026-05-26 12:50:51.584804+02,2026-05-26 12:51:00+02,19.98,17.35,11.48,16.60,0.00,0.00,18.58,OK,24.61,0.00,0.00,0.00,,ensemble
902113,2026-05-27 10:36:20.517412+02,2026-05-27 10:36:00+02,17.13,20.23,9.59,15.80,0.00,0.00,30.01,OK,27.90,0.00,0.00,0.00,,ensemble
858149,2026-05-26 10:05:49.833738+02,2026-05-26 20:39:00+02,5.45,15.17,0.00,6.70,29.67,28.69,,ALERT,,0.00,0.00,0.00,,ensemble
902122,2026-05-27 11:00:27.979445+02,2026-05-27 11:03:00+02,15.83,9.35,11.69,12.60,0.00,0.00,25.66,OK,29.00,0.00,0.00,0.00,,ensemble
902112,2026-05-27 10:32:51.625544+02,2026-05-27 10:33:00+02,17.38,9.23,13.42,13.70,0.00,0.00,22.06,OK,27.72,0.00,0.00,0.00,,ensemble
902119,2026-05-27 10:54:22.886618+02,2026-05-27 10:54:00+02,16.48,10.62,4.56,11.10,0.00,0.00,16.09,OK,24.77,0.00,0.00,0.00,,ensemble
805158,2026-05-24 21:51:12.964607+02,2026-05-24 22:06:12.964607+02,3.63,,,,0.00,0.00,0.00,OK,,,,,pipeline_v2,ensemble
805170,2026-05-24 22:11:30.789928+02,2026-05-24 22:26:30.789928+02,3.97,,,,0.00,0.00,0.00,OK,,,,,pipeline_v2,ensemble
805180,2026-05-24 22:51:29.699572+02,2026-05-24 23:06:29.699572+02,4.22,,,,0.00,0.00,0.00,OK,,,,,pipeline_v2,ensemble
805190,2026-05-25 06:36:47.43485+02,2026-05-25 06:51:47.43485+02,6.97,,,,0.00,0.00,0.00,OK,,,,,pipeline_v2,ensemble
805200,2026-05-25 07:44:18.047047+02,2026-05-25 07:59:18.047047+02,7.31,,,,2.30,2.30,0.00,OK,,,,,pipeline_v2,ensemble
802612,2026-05-25 14:20:54.343121+02,2026-05-25 14:21:00+02,9.80,7.24,5.65,7.80,0.00,0.00,7.74,OK,15.62,0.00,0.00,0.00,,ensemble
802614,2026-05-25 14:26:30.478244+02,2026-05-25 14:27:00+02,10.01,8.22,8.71,9.10,0.00,0.00,8.48,OK,19.88,0.00,0.00,0.00,,ensemble
850876,2026-05-26 12:20:30.602563+02,2026-05-26 12:21:00+02,18.30,22.21,16.11,18.80,0.00,0.00,25.53,OK,25.69,0.00,0.00,0.00,,ensemble
802634,2026-05-25 15:26:04.973433+02,2026-05-25 15:27:00+02,12.69,4.87,3.99,7.70,0.00,0.00,5.51,OK,16.64,0.00,0.00,0.00,,ensemble
851012,2026-05-26 19:08:26.241325+02,2026-05-26 19:09:00+02,16.38,27.19,22.06,21.30,0.00,0.00,30.26,OK,35.92,0.00,0.00,0.00,,ensemble
902123,2026-05-27 11:05:42.848358+02,2026-05-27 11:06:00+02,14.71,10.00,9.46,11.70,0.42,0.00,15.56,OK,25.49,0.00,0.00,0.00,,ensemble
802633,2026-05-25 15:24:10.945753+02,2026-05-25 15:24:00+02,12.57,5.79,4.17,8.00,0.00,0.00,7.50,OK,22.05,0.00,0.00,0.00,,ensemble
802613,2026-05-25 14:23:31.230276+02,2026-05-25 14:24:00+02,9.90,7.31,6.70,8.20,0.00,0.00,7.78,OK,20.19,0.00,0.00,0.00,,ensemble
850877,2026-05-26 12:23:31.257785+02,2026-05-26 12:24:00+02,18.44,23.64,16.40,19.40,0.00,0.00,26.35,OK,22.17,0.00,0.00,0.00,,ensemble
902124,2026-05-27 11:09:23.978518+02,2026-05-27 11:09:00+02,14.51,14.12,15.89,14.80,0.00,0.00,18.07,OK,28.06,0.00,0.00,0.00,,ensemble
850883,2026-05-26 12:41:04.228206+02,2026-05-26 12:42:00+02,20.12,15.45,14.20,16.90,0.00,0.00,23.53,OK,45.82,0.00,0.00,0.00,,ensemble
850881,2026-05-26 12:35:48.35466+02,2026-05-26 12:36:00+02,19.91,17.20,7.39,15.30,0.00,0.00,19.88,OK,20.78,0.00,0.00,0.00,,ensemble
802725,2026-05-25 19:58:43.334533+02,2026-05-25 20:00:00+02,4.94,9.72,2.41,5.60,0.00,0.00,,OK,,0.00,0.00,0.00,,ensemble
802721,2026-05-25 19:45:20.787751+02,2026-05-25 19:48:00+02,5.37,14.17,0.78,6.60,0.00,0.00,3.99,OK,,0.00,0.00,0.00,,ensemble
850884,2026-05-26 12:44:18.750812+02,2026-05-26 12:45:00+02,12.62,15.18,11.44,13.00,0.00,0.00,20.01,OK,32.39,0.00,0.00,0.00,,ensemble
902126,2026-05-27 11:12:55.563889+02,2026-05-27 11:15:00+02,14.16,15.28,16.43,15.20,0.00,0.00,19.76,OK,25.15,0.00,0.00,0.00,,ensemble
802632,2026-05-25 15:18:38.737157+02,2026-05-25 15:21:00+02,12.46,8.70,8.83,10.20,0.00,0.00,12.00,OK,22.69,0.00,0.00,0.00,,ensemble
802722,2026-05-25 19:50:29.977851+02,2026-05-25 19:51:00+02,5.27,9.72,3.15,6.00,0.00,0.00,1.85,OK,,0.00,0.00,0.00,,ensemble
850882,2026-05-26 12:37:52.641148+02,2026-05-26 12:39:00+02,20.02,15.61,5.33,14.30,0.00,0.00,15.30,OK,32.94,0.00,0.00,0.00,,ensemble
802726,2026-05-25 20:00:48.070122+02,2026-05-25 20:03:00+02,4.81,9.72,2.86,5.70,0.00,0.00,,OK,,0.00,0.00,0.00,,ensemble
851013,2026-05-26 19:11:54.753012+02,2026-05-26 19:12:00+02,16.34,27.05,13.83,18.80,0.00,0.00,28.60,OK,38.06,0.00,0.00,0.00,,ensemble
850879,2026-05-26 12:29:24.041768+02,2026-05-26 12:30:00+02,19.66,21.20,6.50,16.20,0.00,0.00,18.13,OK,32.28,0.00,0.00,0.00,,ensemble
802631,2026-05-25 15:17:06.503962+02,2026-05-25 15:18:00+02,12.35,6.12,3.58,7.90,0.00,0.00,10.42,OK,20.27,0.00,0.00,0.00,,ensemble
802635,2026-05-25 15:29:49.222833+02,2026-05-25 15:30:00+02,12.80,6.56,10.61,10.30,0.00,0.00,9.09,OK,26.68,0.00,0.00,0.00,,ensemble
802630,2026-05-25 15:13:04.187556+02,2026-05-25 15:15:00+02,12.25,5.83,5.19,8.20,0.00,0.00,13.37,OK,20.64,0.00,0.00,0.00,,ensemble
851011,2026-05-26 19:05:00.457943+02,2026-05-26 19:06:00+02,22.93,19.34,5.55,16.60,0.00,0.00,25.25,OK,31.46,0.00,0.00,0.00,,ensemble
850878,2026-05-26 12:26:15.132797+02,2026-05-26 12:27:00+02,18.57,23.07,13.73,18.50,0.00,0.00,42.61,OK,25.62,0.00,0.00,0.00,,ensemble
802616,2026-05-25 14:32:15.076014+02,2026-05-25 14:33:00+02,10.24,9.12,4.51,8.20,0.00,0.00,6.24,OK,14.87,0.00,0.00,0.00,,ensemble
802629,2026-05-25 15:11:33.673962+02,2026-05-25 15:12:00+02,12.14,5.42,7.17,8.60,0.00,0.00,10.17,OK,24.39,0.00,0.00,0.00,,ensemble
802727,2026-05-25 20:05:55.780328+02,2026-05-25 20:06:00+02,4.67,9.72,3.01,5.70,0.00,0.00,,OK,,0.00,0.00,0.00,,ensemble
802723,2026-05-25 19:53:34.956665+02,2026-05-25 19:54:00+02,5.17,9.72,2.90,5.90,0.00,0.00,2.16,OK,,0.00,0.00,0.00,,ensemble
802619,2026-05-25 14:39:25.501741+02,2026-05-25 14:42:00+02,10.60,7.46,13.01,10.40,0.00,0.00,8.74,OK,33.53,0.00,0.00,0.00,,ensemble
802662,2026-05-25 16:52:01.83367+02,2026-05-25 16:51:00+02,10.36,13.48,5.24,9.80,0.00,0.00,9.92,OK,24.72,0.00,0.00,0.00,,ensemble
802618,2026-05-25 14:39:06.768439+02,2026-05-25 14:39:00+02,10.48,7.46,12.09,10.10,0.00,0.00,9.21,OK,21.80,0.00,0.00,0.00,,ensemble
802728,2026-05-25 20:08:59.735446+02,2026-05-25 20:09:00+02,4.53,9.72,3.01,5.60,0.00,0.00,,OK,,0.00,0.00,0.00,,ensemble
850880,2026-05-26 12:32:04.31224+02,2026-05-26 12:33:00+02,19.79,18.71,4.80,15.00,0.00,0.00,19.52,OK,24.80,0.00,0.00,0.00,,ensemble
902254,2026-05-27 17:36:20.239318+02,2026-05-27 17:39:00+02,13.93,12.01,12.93,13.10,0.00,0.00,23.11,OK,27.21,0.00,0.00,0.00,,ensemble
802617,2026-05-25 14:33:48.681738+02,2026-05-25 14:36:00+02,10.36,9.12,4.51,8.20,0.00,0.00,4.87,OK,16.62,0.00,0.00,0.00,,ensemble
802615,2026-05-25 14:30:08.834029+02,2026-05-25 14:30:00+02,10.13,9.12,4.38,8.10,0.00,0.00,5.91,OK,17.96,0.00,0.00,0.00,,ensemble
802636,2026-05-25 15:32:32.388021+02,2026-05-25 15:33:00+02,12.92,6.25,6.34,8.90,0.00,0.00,7.30,OK,21.73,0.00,0.00,0.00,,ensemble
802724,2026-05-25 19:55:39.113046+02,2026-05-25 19:57:00+02,5.06,9.72,2.90,5.80,0.00,0.00,4.66,OK,,0.00,0.00,0.00,,ensemble
802720,2026-05-25 19:43:17.165195+02,2026-05-25 19:45:00+02,5.45,17.45,3.81,8.60,0.00,0.00,9.12,OK,,0.00,0.00,0.00,,ensemble
902127,2026-05-27 11:18:01.573088+02,2026-05-27 11:18:00+02,14.00,16.13,11.07,13.80,0.00,0.00,18.34,OK,26.07,0.00,0.00,0.00,,ensemble
902253,2026-05-27 17:35:48.830469+02,2026-05-27 17:36:00+02,14.39,10.66,11.75,12.50,0.00,0.00,29.86,OK,32.57,0.00,0.00,0.00,,ensemble
858150,2026-05-26 10:05:49.833738+02,2026-05-26 20:42:00+02,5.18,15.17,0.00,6.60,23.04,41.31,,ALERT,,0.00,0.00,0.00,,ensemble
902125,2026-05-27 11:11:41.743277+02,2026-05-27 11:12:00+02,14.33,12.97,6.15,11.50,0.00,0.00,11.42,OK,41.17,0.00,0.00,0.00,,ensemble
805159,2026-05-24 21:51:12.965607+02,2026-05-24 22:06:12.965607+02,3.52,,,,0.00,0.00,0.00,OK,,,,,pipeline_v2,ensemble
805171,2026-05-24 22:11:44.962339+02,2026-05-24 22:26:44.962339+02,4.26,,,,0.00,0.00,0.00,OK,,,,,pipeline_v2,ensemble
805181,2026-05-25 05:50:45.736388+02,2026-05-25 06:05:45.736388+02,7.63,,,,0.00,0.00,0.00,OK,,,,,pipeline_v2,ensemble
805191,2026-05-25 06:38:34.506261+02,2026-05-25 06:53:34.506261+02,4.35,,,,0.00,0.00,0.00,OK,,,,,pipeline_v2,ensemble
850888,2026-05-26 12:55:10.169299+02,2026-05-26 12:57:00+02,20.07,17.73,21.12,19.70,0.00,0.00,45.82,OK,25.38,0.00,0.00,0.00,,ensemble
850929,2026-05-26 14:58:23.300143+02,2026-05-26 15:00:00+02,19.07,9.37,4.05,11.70,0.00,0.00,21.07,OK,36.63,0.00,0.00,0.00,,ensemble
850944,2026-05-26 15:44:10.035597+02,2026-05-26 15:45:00+02,18.44,8.43,12.34,13.60,0.00,0.00,25.30,OK,33.63,0.00,0.00,0.00,,ensemble
850937,2026-05-26 15:24:02.053694+02,2026-05-26 15:24:00+02,14.87,8.45,5.43,10.10,0.00,0.00,12.29,OK,26.12,0.00,0.00,0.00,,ensemble
802641,2026-05-25 15:48:07.42811+02,2026-05-25 15:48:00+02,13.58,7.83,4.99,9.30,0.00,0.00,7.32,OK,30.35,0.00,0.00,0.00,,ensemble
850940,2026-05-26 15:32:43.937013+02,2026-05-26 15:33:00+02,18.76,6.46,5.40,11.10,0.00,0.00,14.74,OK,26.93,0.00,0.00,0.00,,ensemble
850936,2026-05-26 15:21:11.424566+02,2026-05-26 15:21:00+02,18.89,8.40,6.95,12.20,0.00,0.00,17.57,OK,29.57,0.00,0.00,0.00,,ensemble
850935,2026-05-26 15:17:48.509422+02,2026-05-26 15:18:00+02,18.64,7.99,6.54,11.80,0.00,0.00,18.07,OK,28.06,0.00,0.00,0.00,,ensemble
850934,2026-05-26 15:14:32.826835+02,2026-05-26 15:15:00+02,18.40,7.86,8.39,12.20,0.00,0.00,24.18,OK,24.28,0.00,0.00,0.00,,ensemble
850939,2026-05-26 15:30:12.938673+02,2026-05-26 15:30:00+02,18.51,6.90,1.24,9.80,0.00,0.00,10.73,OK,34.30,0.00,0.00,0.00,,ensemble
850942,2026-05-26 15:38:28.277274+02,2026-05-26 15:39:00+02,19.27,6.24,4.09,10.80,0.00,0.00,13.04,OK,33.40,0.00,0.00,0.00,,ensemble
802642,2026-05-25 15:51:16.031247+02,2026-05-25 15:51:00+02,13.73,8.46,7.75,10.40,0.00,0.00,12.46,OK,25.35,0.00,0.00,0.00,,ensemble
850945,2026-05-26 15:47:30.819989+02,2026-05-26 15:48:00+02,18.68,10.00,9.46,13.30,0.00,0.00,19.56,OK,25.59,0.00,0.00,0.00,,ensemble
802643,2026-05-25 15:52:02.921345+02,2026-05-25 15:54:00+02,13.87,6.57,4.54,8.90,0.00,0.00,7.71,OK,32.28,0.00,0.00,0.00,,ensemble
850928,2026-05-26 14:55:38.596013+02,2026-05-26 14:57:00+02,18.83,9.37,3.83,11.50,0.00,0.00,24.78,OK,27.89,0.00,0.00,0.00,,ensemble
802639,2026-05-25 15:41:34.519083+02,2026-05-25 15:42:00+02,13.31,7.27,6.65,9.50,0.00,0.00,8.79,OK,36.67,0.00,0.00,0.00,,ensemble
850889,2026-05-26 12:58:41.157815+02,2026-05-26 13:00:00+02,20.10,16.80,3.84,14.20,0.00,0.00,25.61,OK,30.52,0.00,0.00,0.00,,ensemble
802661,2026-05-25 16:47:36.673213+02,2026-05-25 16:48:00+02,15.60,14.65,12.27,14.30,0.00,0.00,17.15,OK,33.93,0.00,0.00,0.00,,ensemble
802637,2026-05-25 15:35:25.857619+02,2026-05-25 15:36:00+02,13.05,8.17,4.64,9.10,0.00,0.00,6.94,OK,28.56,0.00,0.00,0.00,,ensemble
802638,2026-05-25 15:35:25.857619+02,2026-05-25 15:39:00+02,13.18,8.61,4.81,9.30,0.00,0.00,11.82,OK,24.36,0.00,0.00,0.00,,ensemble
802644,2026-05-25 15:57:06.400388+02,2026-05-25 15:57:00+02,14.02,9.99,10.43,11.70,0.00,0.00,20.57,OK,25.12,0.00,0.00,0.00,,ensemble
802645,2026-05-25 15:57:37.971674+02,2026-05-25 16:00:00+02,14.16,11.99,13.06,13.20,0.00,0.00,28.18,OK,30.75,0.00,0.00,0.00,,ensemble
802640,2026-05-25 15:45:03.390217+02,2026-05-25 15:45:00+02,13.44,8.33,15.88,12.60,0.00,0.00,15.75,OK,40.63,0.00,0.00,0.00,,ensemble
850887,2026-05-26 12:52:56.370846+02,2026-05-26 12:54:00+02,20.03,17.41,11.95,16.80,0.29,0.00,29.44,OK,31.37,0.00,0.00,0.00,,ensemble
902259,2026-05-27 17:53:25.828747+02,2026-05-27 17:54:00+02,11.97,13.79,5.98,10.70,0.00,0.00,12.81,OK,26.22,0.00,0.00,0.00,,ensemble
902260,2026-05-27 17:53:25.828747+02,2026-05-27 17:57:00+02,11.55,13.62,5.51,10.40,0.00,0.00,13.96,OK,25.25,0.00,0.00,0.00,,ensemble
902270,2026-05-27 18:27:00.028623+02,2026-05-27 18:27:00+02,8.51,17.39,9.48,11.50,0.00,0.00,7.75,OK,26.92,0.00,0.00,0.00,,ensemble
850933,2026-05-26 15:12:00.94329+02,2026-05-26 15:12:00+02,18.15,6.84,5.86,11.10,0.00,0.00,14.03,OK,41.68,0.00,0.00,0.00,,ensemble
902263,2026-05-27 18:04:49.89565+02,2026-05-27 18:06:00+02,10.67,22.65,8.15,13.50,1.23,0.00,16.10,OK,20.40,0.00,0.00,0.00,,ensemble
850943,2026-05-26 15:41:46.729529+02,2026-05-26 15:42:00+02,18.20,7.36,13.54,13.50,0.00,0.00,21.31,OK,45.11,0.00,0.00,0.00,,ensemble
850932,2026-05-26 15:08:20.30569+02,2026-05-26 15:09:00+02,14.71,7.00,3.80,9.10,0.00,0.00,12.00,OK,27.57,0.00,0.00,0.00,,ensemble
850938,2026-05-26 15:27:03.553619+02,2026-05-26 15:27:00+02,18.26,7.62,1.58,10.10,0.00,0.00,19.73,OK,29.25,0.00,0.00,0.00,,ensemble
850931,2026-05-26 15:06:19.208124+02,2026-05-26 15:06:00+02,19.57,7.36,1.94,10.60,0.00,0.00,12.16,OK,27.39,0.00,0.00,0.00,,ensemble
850930,2026-05-26 15:01:17.95966+02,2026-05-26 15:03:00+02,19.32,8.85,3.55,11.40,0.00,0.00,15.36,OK,30.84,0.00,0.00,0.00,,ensemble
850941,2026-05-26 15:36:06.376451+02,2026-05-26 15:36:00+02,19.01,6.23,4.81,10.90,0.00,0.00,14.36,OK,25.78,0.00,0.00,0.00,,ensemble
902268,2026-05-27 18:21:02.015989+02,2026-05-27 18:21:00+02,8.92,14.15,11.71,11.30,0.00,0.00,7.80,OK,39.99,0.00,0.00,0.00,,ensemble
902258,2026-05-27 17:48:19.88936+02,2026-05-27 17:51:00+02,12.41,13.17,12.70,12.70,0.00,0.00,20.27,OK,26.98,0.00,0.00,0.00,,ensemble
858151,2026-05-26 10:05:49.833738+02,2026-05-26 20:45:00+02,4.92,15.17,0.00,6.50,27.06,,,ALERT,,0.00,0.00,0.00,,ensemble
858152,2026-05-26 10:05:49.833738+02,2026-05-26 20:48:00+02,4.68,15.17,0.00,6.40,30.45,,,ALERT,,0.00,0.00,0.00,,ensemble
858153,2026-05-26 10:05:49.833738+02,2026-05-26 20:51:00+02,4.44,15.17,0.00,6.30,27.94,,,ALERT,,0.00,0.00,0.00,,ensemble
902269,2026-05-27 18:21:56.87013+02,2026-05-27 18:24:00+02,8.70,15.04,2.87,8.90,0.00,0.00,7.21,OK,25.64,0.00,0.00,0.00,,ensemble
902264,2026-05-27 18:04:49.89565+02,2026-05-27 18:09:00+02,10.33,22.42,4.97,12.30,0.00,0.00,19.73,OK,28.43,0.00,0.00,0.00,,ensemble
902261,2026-05-27 17:59:18.544093+02,2026-05-27 18:00:00+02,11.42,13.27,11.23,11.90,2.79,0.00,14.34,OK,24.89,0.00,0.00,0.00,,ensemble
902262,2026-05-27 18:02:30.304173+02,2026-05-27 18:03:00+02,11.04,15.32,16.33,13.90,0.00,0.00,14.36,OK,23.77,0.00,0.00,0.00,,ensemble
805160,2026-05-24 21:53:06.366957+02,2026-05-24 22:08:06.366957+02,3.72,,,,0.00,0.00,0.00,OK,,,,,pipeline_v2,ensemble
805172,2026-05-24 22:16:17.25533+02,2026-05-24 22:31:17.25533+02,4.03,,,,0.00,0.00,0.00,OK,,,,,pipeline_v2,ensemble
805182,2026-05-25 06:04:28.045225+02,2026-05-25 06:19:28.045225+02,3.91,,,,0.00,0.00,0.00,OK,,,,,pipeline_v2,ensemble
805192,2026-05-25 06:40:31.848091+02,2026-05-25 06:55:31.848091+02,3.86,,,,0.00,0.00,0.00,OK,,,,,pipeline_v2,ensemble
802683,2026-05-25 17:54:03.276441+02,2026-05-25 17:54:00+02,7.98,16.68,16.48,13.10,0.00,0.00,20.62,OK,29.67,0.00,0.00,0.00,,ensemble
802688,2026-05-25 18:06:05.031484+02,2026-05-25 18:09:00+02,6.97,15.64,8.67,10.10,0.00,0.00,10.25,OK,21.34,0.00,0.00,0.00,,ensemble
850891,2026-05-26 13:04:22.322194+02,2026-05-26 13:06:00+02,19.60,14.72,5.51,13.90,0.00,0.00,16.54,OK,27.07,0.00,0.00,0.00,,ensemble
802674,2026-05-25 17:26:54.626283+02,2026-05-25 17:27:00+02,9.72,10.79,5.32,8.70,0.00,0.00,15.39,OK,19.04,0.00,0.00,0.00,,ensemble
850893,2026-05-26 13:10:05.466162+02,2026-05-26 13:12:00+02,19.61,12.45,5.30,13.20,0.00,0.00,15.34,OK,44.14,0.00,0.00,0.00,,ensemble
802717,2026-05-25 19:34:58.842441+02,2026-05-25 19:36:00+02,5.63,15.47,8.68,9.50,0.00,0.00,7.90,OK,14.62,0.00,0.00,0.00,,ensemble
802675,2026-05-25 17:28:38.492639+02,2026-05-25 17:30:00+02,9.56,9.95,4.73,8.20,0.00,0.00,6.28,OK,20.12,0.00,0.00,0.00,,ensemble
802671,2026-05-25 17:17:02.301019+02,2026-05-25 17:18:00+02,10.10,12.49,5.41,9.40,0.00,0.00,10.88,OK,20.19,0.00,0.00,0.00,,ensemble
802672,2026-05-25 17:17:02.301019+02,2026-05-25 17:21:00+02,9.99,11.88,4.17,8.80,0.00,0.00,12.93,OK,23.36,0.00,0.00,0.00,,ensemble
902138,2026-05-27 11:50:17.442337+02,2026-05-27 11:51:00+02,13.09,14.53,3.94,10.80,0.00,0.00,11.92,OK,25.25,0.00,0.00,0.00,,ensemble
850966,2026-05-26 16:51:27.958308+02,2026-05-26 16:51:00+02,20.98,12.91,13.54,16.30,0.00,0.00,24.09,OK,24.83,0.00,0.00,0.00,,ensemble
802718,2026-05-25 19:38:03.18457+02,2026-05-25 19:39:00+02,5.58,17.55,17.21,12.70,0.00,0.00,12.51,OK,30.60,0.00,0.00,0.00,,ensemble
802673,2026-05-25 17:23:26.846332+02,2026-05-25 17:24:00+02,9.86,11.73,3.74,8.60,0.00,0.00,9.35,OK,17.22,0.00,0.00,0.00,,ensemble
850964,2026-05-26 16:44:12.381576+02,2026-05-26 16:45:00+02,21.11,11.45,6.32,13.80,0.00,0.00,23.91,OK,34.16,0.00,0.00,0.00,,ensemble
802677,2026-05-25 17:34:15.950691+02,2026-05-25 17:36:00+02,9.21,10.05,4.42,8.00,0.00,0.00,5.91,OK,12.48,0.00,0.00,0.00,,ensemble
802719,2026-05-25 19:40:10.109014+02,2026-05-25 19:42:00+02,5.52,17.55,17.32,12.70,0.00,0.00,13.51,OK,43.17,0.00,0.00,0.00,,ensemble
902142,2026-05-27 12:02:19.051152+02,2026-05-27 12:03:00+02,12.99,11.35,3.41,9.60,0.00,0.00,11.54,OK,27.93,0.00,0.00,0.00,,ensemble
850968,2026-05-26 16:57:15.193553+02,2026-05-26 16:57:00+02,21.22,15.12,17.96,18.40,0.00,0.00,40.90,OK,32.14,0.00,0.00,0.00,,ensemble
902139,2026-05-27 11:54:22.004047+02,2026-05-27 11:54:00+02,12.98,15.30,17.40,15.00,0.00,0.00,21.79,OK,23.88,0.00,0.00,0.00,,ensemble
850890,2026-05-26 13:00:57.335582+02,2026-05-26 13:03:00+02,19.59,14.66,4.00,13.40,0.00,0.00,19.93,OK,29.07,0.00,0.00,0.00,,ensemble
802686,2026-05-25 18:01:21.734858+02,2026-05-25 18:03:00+02,7.36,15.53,4.68,9.00,0.00,0.00,8.61,OK,21.85,0.00,0.00,0.00,,ensemble
802669,2026-05-25 17:11:28.31417+02,2026-05-25 17:12:00+02,10.28,17.18,5.20,10.80,0.00,0.00,10.41,OK,42.56,0.00,0.00,0.00,,ensemble
802670,2026-05-25 17:15:00.66609+02,2026-05-25 17:15:00+02,10.20,14.44,3.14,9.40,0.00,0.00,9.72,OK,18.49,0.00,0.00,0.00,,ensemble
850892,2026-05-26 13:07:17.212005+02,2026-05-26 13:09:00+02,19.60,12.49,1.45,12.00,0.00,0.00,18.01,OK,27.89,0.00,0.00,0.00,,ensemble
802684,2026-05-25 17:55:43.990828+02,2026-05-25 17:57:00+02,7.77,16.90,5.55,9.80,0.00,0.00,16.83,OK,18.28,0.00,0.00,0.00,,ensemble
850894,2026-05-26 13:12:23.709596+02,2026-05-26 13:15:00+02,19.60,15.16,16.55,17.40,0.00,0.00,27.93,OK,25.06,0.00,0.00,0.00,,ensemble
850969,2026-05-26 16:59:28.037066+02,2026-05-26 17:00:00+02,17.94,12.97,13.19,15.00,0.00,0.00,35.05,OK,35.93,0.00,0.00,0.00,,ensemble
850965,2026-05-26 16:47:53.846069+02,2026-05-26 16:48:00+02,21.06,11.87,8.58,14.60,0.00,0.00,20.94,OK,26.00,0.00,0.00,0.00,,ensemble
902137,2026-05-27 11:48:23.103998+02,2026-05-27 11:48:00+02,13.10,14.18,11.92,13.10,0.00,0.00,16.08,OK,27.00,0.00,0.00,0.00,,ensemble
802681,2026-05-25 17:46:10.383429+02,2026-05-25 17:48:00+02,8.41,15.98,5.84,9.90,0.00,0.00,9.30,OK,21.52,0.00,0.00,0.00,,ensemble
850897,2026-05-26 13:24:14.960198+02,2026-05-26 13:24:00+02,19.41,12.40,10.93,14.80,0.00,0.00,21.29,OK,25.56,0.00,0.00,0.00,,ensemble
802663,2026-05-25 16:53:24.687747+02,2026-05-25 16:54:00+02,10.39,12.61,6.03,9.70,0.00,0.00,13.78,OK,30.92,0.00,0.00,0.00,,ensemble
802685,2026-05-25 17:59:14.069799+02,2026-05-25 18:00:00+02,7.56,15.57,3.16,8.60,0.00,0.00,11.79,OK,19.08,0.00,0.00,0.00,,ensemble
802676,2026-05-25 17:32:31.371621+02,2026-05-25 17:33:00+02,9.39,9.92,8.05,9.10,0.00,0.00,9.26,OK,24.13,0.00,0.00,0.00,,ensemble
802682,2026-05-25 17:50:33.300698+02,2026-05-25 17:51:00+02,8.19,16.53,11.52,11.70,0.00,0.00,13.37,OK,23.58,0.00,0.00,0.00,,ensemble
802687,2026-05-25 18:04:24.660201+02,2026-05-25 18:06:00+02,7.16,15.64,4.43,8.90,0.00,0.00,6.91,OK,18.79,0.00,0.00,0.00,,ensemble
850898,2026-05-26 13:24:14.960198+02,2026-05-26 13:27:00+02,19.42,12.27,9.36,14.30,0.00,0.00,44.14,OK,29.08,0.00,0.00,0.00,,ensemble
902136,2026-05-27 11:43:47.493098+02,2026-05-27 11:45:00+02,13.12,10.51,6.13,10.20,0.00,0.00,10.36,OK,33.17,0.00,0.00,0.00,,ensemble
850970,2026-05-26 17:03:02.795084+02,2026-05-26 17:03:00+02,20.94,16.09,8.61,15.80,0.00,0.00,28.34,OK,37.61,0.00,0.00,0.00,,ensemble
850895,2026-05-26 13:18:24.269501+02,2026-05-26 13:18:00+02,19.41,13.07,3.60,12.80,0.00,0.00,18.47,OK,28.67,0.00,0.00,0.00,,ensemble
850896,2026-05-26 13:18:24.269501+02,2026-05-26 13:21:00+02,19.41,12.81,3.71,12.70,0.00,0.00,22.45,OK,29.22,0.00,0.00,0.00,,ensemble
850967,2026-05-26 16:54:35.40982+02,2026-05-26 16:54:00+02,21.36,13.90,4.77,14.10,0.00,0.00,22.92,OK,31.02,0.00,0.00,0.00,,ensemble
902135,2026-05-27 11:42:29.952094+02,2026-05-27 11:42:00+02,13.16,18.35,15.71,15.50,0.00,0.00,20.21,OK,35.87,0.00,0.00,0.00,,ensemble
902141,2026-05-27 12:00:25.337392+02,2026-05-27 12:00:00+02,12.98,15.93,9.71,12.90,0.00,0.00,21.99,OK,26.46,0.00,0.00,0.00,,ensemble
902140,2026-05-27 11:56:26.488936+02,2026-05-27 11:57:00+02,12.98,10.46,8.33,10.80,0.00,0.00,17.18,OK,22.93,0.00,0.00,0.00,,ensemble
858154,2026-05-26 10:05:49.833738+02,2026-05-26 20:54:00+02,4.23,15.17,0.00,6.20,28.69,,,ALERT,,0.00,0.00,0.00,,ensemble
801831,2026-05-24 19:05:45.434859+02,2026-05-21 15:15:00+02,10.88,1.22,1.49,5.20,,,,,,,,,,backtest
801832,2026-05-24 19:05:45.434859+02,2026-05-21 15:18:00+02,11.02,13.98,13.23,12.60,,,,,,,,,,backtest
801833,2026-05-24 19:05:45.434859+02,2026-05-21 15:21:00+02,11.15,15.18,14.47,13.40,,,,,,,,,,backtest
801834,2026-05-24 19:05:45.434859+02,2026-05-21 15:24:00+02,11.28,13.90,11.60,12.20,,,,,,,,,,backtest
801835,2026-05-24 19:05:45.434859+02,2026-05-21 15:27:00+02,11.41,4.95,3.83,7.20,,,,,,,,,,backtest
801836,2026-05-24 19:05:45.434859+02,2026-05-21 15:30:00+02,11.54,2.82,4.02,6.70,,,,,,,,,,backtest
801837,2026-05-24 19:05:45.434859+02,2026-05-21 15:33:00+02,11.67,3.72,4.87,7.20,,,,,,,,,,backtest
801838,2026-05-24 19:05:45.434859+02,2026-05-21 15:36:00+02,11.79,4.69,4.87,7.60,,,,,,,,,,backtest
801839,2026-05-24 19:05:45.434859+02,2026-05-21 15:39:00+02,11.91,5.07,4.87,7.70,,,,,,,,,,backtest
801840,2026-05-24 19:05:45.434859+02,2026-05-21 15:42:00+02,12.03,5.88,5.48,8.20,,,,,,,,,,backtest
801841,2026-05-24 19:05:45.434859+02,2026-05-21 15:45:00+02,12.14,5.92,5.66,8.30,,,,,,,,,,backtest
801842,2026-05-24 19:05:45.434859+02,2026-05-21 15:48:00+02,12.25,5.74,5.68,8.30,,,,,,,,,,backtest
801843,2026-05-24 19:05:45.434859+02,2026-05-21 15:51:00+02,12.36,5.61,5.72,8.30,,,,,,,,,,backtest
801844,2026-05-24 19:05:45.434859+02,2026-05-21 15:54:00+02,12.46,8.04,8.28,9.90,,,,,,,,,,backtest
801845,2026-05-24 19:05:45.434859+02,2026-05-21 15:57:00+02,12.55,10.10,10.43,11.20,,,,,,,,,,backtest
801846,2026-05-24 19:05:45.434859+02,2026-05-21 16:00:00+02,12.64,10.03,9.99,11.10,,,,,,,,,,backtest
801847,2026-05-24 19:05:45.434859+02,2026-05-21 16:03:00+02,12.73,8.00,7.85,9.80,,,,,,,,,,backtest
801848,2026-05-24 19:05:45.434859+02,2026-05-21 16:06:00+02,12.81,7.67,7.90,9.80,,,,,,,,,,backtest
801849,2026-05-24 19:05:45.434859+02,2026-05-21 16:09:00+02,12.88,5.43,5.21,8.30,,,,,,,,,,backtest
801850,2026-05-24 19:05:45.434859+02,2026-05-21 16:12:00+02,12.95,5.22,5.47,8.40,,,,,,,,,,backtest
801851,2026-05-24 19:05:45.434859+02,2026-05-21 16:15:00+02,13.02,7.22,8.04,9.80,,,,,,,,,,backtest
801852,2026-05-24 19:05:45.434859+02,2026-05-21 16:18:00+02,13.07,7.68,8.18,10.00,,,,,,,,,,backtest
801853,2026-05-24 19:05:45.434859+02,2026-05-21 16:21:00+02,13.12,5.91,5.88,8.80,,,,,,,,,,backtest
801854,2026-05-24 19:05:45.434859+02,2026-05-21 16:24:00+02,13.16,7.10,7.50,9.60,,,,,,,,,,backtest
801855,2026-05-24 19:05:45.434859+02,2026-05-21 16:27:00+02,13.20,7.46,7.70,9.80,,,,,,,,,,backtest
801856,2026-05-24 19:05:45.434859+02,2026-05-21 16:30:00+02,13.23,9.08,9.37,10.80,,,,,,,,,,backtest
801857,2026-05-24 19:05:45.434859+02,2026-05-21 16:33:00+02,13.25,9.20,9.45,10.90,,,,,,,,,,backtest
801858,2026-05-24 19:05:45.434859+02,2026-05-21 16:36:00+02,13.26,8.98,9.22,10.80,,,,,,,,,,backtest
801859,2026-05-24 19:05:45.434859+02,2026-05-21 16:39:00+02,13.27,8.88,9.26,10.70,,,,,,,,,,backtest
801860,2026-05-24 19:05:45.434859+02,2026-05-21 16:42:00+02,13.27,8.88,9.32,10.80,,,,,,,,,,backtest
801861,2026-05-24 19:05:45.434859+02,2026-05-21 16:45:00+02,13.26,8.92,9.38,10.80,,,,,,,,,,backtest
801862,2026-05-24 19:05:45.434859+02,2026-05-21 16:48:00+02,13.24,8.97,9.38,10.80,,,,,,,,,,backtest
801863,2026-05-24 19:05:45.434859+02,2026-05-21 16:51:00+02,13.22,15.39,15.79,14.60,,,,,,,,,,backtest
801864,2026-05-24 19:05:45.434859+02,2026-05-21 16:54:00+02,13.19,15.60,16.04,14.80,,,,,,,,,,backtest
801865,2026-05-24 19:05:45.434859+02,2026-05-21 16:57:00+02,13.15,14.98,15.29,14.30,,,,,,,,,,backtest
801866,2026-05-24 19:05:45.434859+02,2026-05-21 17:00:00+02,13.10,11.95,12.81,12.70,,,,,,,,,,backtest
801867,2026-05-24 19:05:45.434859+02,2026-05-21 17:03:00+02,13.05,10.07,10.87,11.50,,,,,,,,,,backtest
801868,2026-05-24 19:05:45.434859+02,2026-05-21 17:06:00+02,12.99,10.35,10.69,11.50,,,,,,,,,,backtest
801869,2026-05-24 19:05:45.434859+02,2026-05-21 17:09:00+02,12.92,10.82,10.46,11.60,,,,,,,,,,backtest
801870,2026-05-24 19:05:45.434859+02,2026-05-21 17:12:00+02,12.84,10.14,9.89,11.10,,,,,,,,,,backtest
801871,2026-05-24 19:05:45.434859+02,2026-05-21 17:15:00+02,12.76,10.08,9.79,11.10,,,,,,,,,,backtest
801872,2026-05-24 19:05:45.434859+02,2026-05-21 17:18:00+02,12.67,10.13,9.94,11.10,,,,,,,,,,backtest
801873,2026-05-24 19:05:45.434859+02,2026-05-21 17:21:00+02,12.57,10.14,9.92,11.00,,,,,,,,,,backtest
801874,2026-05-24 19:05:45.434859+02,2026-05-21 17:24:00+02,12.47,10.11,9.90,11.00,,,,,,,,,,backtest
801875,2026-05-24 19:05:45.434859+02,2026-05-21 17:27:00+02,12.36,10.95,10.76,11.50,,,,,,,,,,backtest
801876,2026-05-24 19:05:45.434859+02,2026-05-21 17:30:00+02,12.24,11.88,11.75,12.00,,,,,,,,,,backtest
801877,2026-05-24 19:05:45.434859+02,2026-05-21 17:33:00+02,12.11,11.83,11.65,11.90,,,,,,,,,,backtest
801878,2026-05-24 19:05:45.434859+02,2026-05-21 17:36:00+02,11.98,16.35,16.92,14.80,,,,,,,,,,backtest
801879,2026-05-24 19:05:45.434859+02,2026-05-21 17:39:00+02,11.85,17.26,17.64,15.20,,,,,,,,,,backtest
801880,2026-05-24 19:05:45.434859+02,2026-05-21 17:42:00+02,11.71,20.78,21.32,17.30,,,,,,,,,,backtest
801881,2026-05-24 19:05:45.434859+02,2026-05-21 17:45:00+02,11.56,20.24,21.27,17.10,,,,,,,,,,backtest
801882,2026-05-24 19:05:45.434859+02,2026-05-21 17:48:00+02,11.41,19.95,20.57,16.70,,,,,,,,,,backtest
801883,2026-05-24 19:05:45.434859+02,2026-05-21 17:51:00+02,11.25,19.94,20.48,16.60,,,,,,,,,,backtest
801884,2026-05-24 19:05:45.434859+02,2026-05-21 17:54:00+02,11.09,19.08,19.04,15.90,,,,,,,,,,backtest
801885,2026-05-24 19:05:45.434859+02,2026-05-21 17:57:00+02,10.92,18.32,18.64,15.50,,,,,,,,,,backtest
801886,2026-05-24 19:05:45.434859+02,2026-05-21 18:00:00+02,10.75,14.71,14.41,13.00,,,,,,,,,,backtest
801887,2026-05-24 19:05:45.434859+02,2026-05-21 18:03:00+02,10.57,14.99,14.08,13.00,,,,,,,,,,backtest
801888,2026-05-24 19:05:45.434859+02,2026-05-21 18:06:00+02,10.39,11.77,11.72,11.20,,,,,,,,,,backtest
801889,2026-05-24 19:05:45.434859+02,2026-05-21 18:09:00+02,10.21,11.81,11.80,11.20,,,,,,,,,,backtest
801890,2026-05-24 19:05:45.434859+02,2026-05-21 18:12:00+02,10.02,15.97,15.61,13.50,,,,,,,,,,backtest
801891,2026-05-24 19:05:45.434859+02,2026-05-21 18:15:00+02,9.84,18.01,16.76,14.40,,,,,,,,,,backtest
801892,2026-05-24 19:05:45.434859+02,2026-05-21 18:18:00+02,9.65,17.49,13.25,13.10,,,,,,,,,,backtest
801893,2026-05-24 19:05:45.434859+02,2026-05-21 18:21:00+02,9.45,21.05,16.42,15.00,,,,,,,,,,backtest
801894,2026-05-24 19:05:45.434859+02,2026-05-21 18:24:00+02,9.26,21.59,17.22,15.30,,,,,,,,,,backtest
801895,2026-05-24 19:05:45.434859+02,2026-05-21 18:27:00+02,9.06,21.20,16.16,14.80,,,,,,,,,,backtest
801896,2026-05-24 19:05:45.434859+02,2026-05-21 18:30:00+02,8.86,21.06,16.74,14.90,,,,,,,,,,backtest
801897,2026-05-24 19:05:45.434859+02,2026-05-21 18:33:00+02,8.66,21.12,16.71,14.80,,,,,,,,,,backtest
801898,2026-05-24 19:05:45.434859+02,2026-05-21 18:36:00+02,8.46,13.49,10.31,10.50,,,,,,,,,,backtest
801899,2026-05-24 19:05:45.434859+02,2026-05-21 18:39:00+02,8.26,13.70,9.35,10.20,,,,,,,,,,backtest
801900,2026-05-24 19:05:45.434859+02,2026-05-21 18:42:00+02,8.06,16.49,12.56,11.90,,,,,,,,,,backtest
801901,2026-05-24 19:05:45.434859+02,2026-05-21 18:45:00+02,7.86,16.82,12.59,12.00,,,,,,,,,,backtest
801902,2026-05-24 19:05:45.434859+02,2026-05-21 18:48:00+02,7.66,16.62,11.04,11.40,,,,,,,,,,backtest
801903,2026-05-24 19:05:45.434859+02,2026-05-21 18:51:00+02,7.46,16.42,11.47,11.40,,,,,,,,,,backtest
801904,2026-05-24 19:05:45.434859+02,2026-05-21 18:54:00+02,7.27,17.29,13.08,12.00,,,,,,,,,,backtest
801905,2026-05-24 19:05:45.434859+02,2026-05-21 18:57:00+02,7.07,22.30,16.79,14.60,,,,,,,,,,backtest
801906,2026-05-24 19:05:45.434859+02,2026-05-21 19:00:00+02,6.88,21.70,17.76,14.60,,,,,,,,,,backtest
801907,2026-05-24 19:05:45.434859+02,2026-05-21 19:03:00+02,6.68,21.29,17.72,14.40,,,,,,,,,,backtest
801908,2026-05-24 19:05:45.434859+02,2026-05-21 19:06:00+02,6.49,20.10,17.01,13.70,,,,,,,,,,backtest
801909,2026-05-24 19:05:45.434859+02,2026-05-21 19:09:00+02,6.31,19.25,14.81,12.70,,,,,,,,,,backtest
801910,2026-05-24 19:05:45.434859+02,2026-05-21 19:12:00+02,6.12,19.52,14.39,12.60,,,,,,,,,,backtest
801911,2026-05-24 19:05:45.434859+02,2026-05-21 19:15:00+02,5.94,15.79,9.50,10.00,,,,,,,,,,backtest
801912,2026-05-24 19:05:45.434859+02,2026-05-21 19:18:00+02,5.76,16.02,5.99,8.90,,,,,,,,,,backtest
801913,2026-05-24 19:05:45.434859+02,2026-05-21 19:21:00+02,5.58,16.41,6.16,9.00,,,,,,,,,,backtest
801914,2026-05-24 19:05:45.434859+02,2026-05-21 19:24:00+02,5.41,14.64,6.75,8.60,,,,,,,,,,backtest
801915,2026-05-24 19:05:45.434859+02,2026-05-21 19:27:00+02,5.24,14.61,6.41,8.40,,,,,,,,,,backtest
801916,2026-05-24 19:05:45.434859+02,2026-05-21 19:30:00+02,5.08,11.09,6.77,7.40,,,,,,,,,,backtest
801917,2026-05-24 19:05:45.434859+02,2026-05-21 19:33:00+02,4.92,10.02,7.05,7.10,,,,,,,,,,backtest
801918,2026-05-24 19:05:45.434859+02,2026-05-21 19:36:00+02,4.76,10.29,6.53,6.90,,,,,,,,,,backtest
801919,2026-05-24 19:05:45.434859+02,2026-05-21 19:39:00+02,4.61,10.52,7.29,7.20,,,,,,,,,,backtest
801920,2026-05-24 19:05:45.434859+02,2026-05-21 19:42:00+02,4.47,15.12,9.41,9.10,,,,,,,,,,backtest
801921,2026-05-24 19:05:45.434859+02,2026-05-21 19:45:00+02,4.32,15.13,8.21,8.70,,,,,,,,,,backtest
801922,2026-05-24 19:05:45.434859+02,2026-05-21 19:48:00+02,4.19,14.54,7.89,8.40,,,,,,,,,,backtest
801923,2026-05-24 19:05:45.434859+02,2026-05-21 19:51:00+02,4.05,15.17,6.58,8.10,,,,,,,,,,backtest
801924,2026-05-24 19:05:45.434859+02,2026-05-21 19:54:00+02,3.93,14.19,8.25,8.30,,,,,,,,,,backtest
801925,2026-05-24 19:05:45.434859+02,2026-05-21 19:57:00+02,3.81,15.08,6.12,7.90,,,,,,,,,,backtest
801926,2026-05-24 19:05:45.434859+02,2026-05-21 20:00:00+02,3.69,15.19,9.43,8.90,,,,,,,,,,backtest
801927,2026-05-24 19:05:45.434859+02,2026-05-21 20:03:00+02,3.58,15.18,8.34,8.50,,,,,,,,,,backtest
801928,2026-05-24 19:05:45.434859+02,2026-05-21 20:06:00+02,3.47,8.97,7.03,6.20,,,,,,,,,,backtest
801929,2026-05-24 19:05:45.434859+02,2026-05-21 20:09:00+02,3.37,8.46,6.37,5.80,,,,,,,,,,backtest
801930,2026-05-24 19:05:45.434859+02,2026-05-21 20:12:00+02,3.28,7.45,3.96,4.70,,,,,,,,,,backtest
801931,2026-05-24 19:05:45.434859+02,2026-05-21 20:15:00+02,3.19,7.63,3.85,4.70,,,,,,,,,,backtest
801932,2026-05-24 19:05:45.434859+02,2026-05-21 20:27:00+02,2.88,7.03,3.07,4.20,,,,,,,,,,backtest
801933,2026-05-24 19:05:45.434859+02,2026-05-22 08:30:00+02,8.54,11.57,10.94,10.20,,,,,,,,,,backtest
801934,2026-05-24 19:05:45.434859+02,2026-05-22 08:33:00+02,8.73,10.88,10.03,9.80,,,,,,,,,,backtest
801935,2026-05-24 19:05:45.434859+02,2026-05-22 08:36:00+02,8.92,8.76,8.47,8.70,,,,,,,,,,backtest
801936,2026-05-24 19:05:45.434859+02,2026-05-22 08:39:00+02,9.11,8.51,8.39,8.70,,,,,,,,,,backtest
801937,2026-05-24 19:05:45.434859+02,2026-05-22 08:42:00+02,9.31,8.78,9.00,9.10,,,,,,,,,,backtest
801938,2026-05-24 19:05:45.434859+02,2026-05-22 08:45:00+02,9.50,14.42,14.30,12.40,,,,,,,,,,backtest
801939,2026-05-24 19:05:45.434859+02,2026-05-22 08:48:00+02,9.69,14.73,14.09,12.50,,,,,,,,,,backtest
801940,2026-05-24 19:05:45.434859+02,2026-05-22 08:51:00+02,9.87,14.20,13.20,12.20,,,,,,,,,,backtest
801941,2026-05-24 19:05:45.434859+02,2026-05-22 08:54:00+02,10.06,13.01,13.23,11.90,,,,,,,,,,backtest
801942,2026-05-24 19:05:45.434859+02,2026-05-22 08:57:00+02,10.25,6.97,6.77,8.20,,,,,,,,,,backtest
801943,2026-05-24 19:05:45.434859+02,2026-05-22 09:00:00+02,10.43,6.44,6.98,8.20,,,,,,,,,,backtest
801944,2026-05-24 19:05:45.434859+02,2026-05-22 09:03:00+02,10.61,6.41,6.87,8.20,,,,,,,,,,backtest
801945,2026-05-24 19:05:45.434859+02,2026-05-22 09:06:00+02,10.78,6.77,7.00,8.40,,,,,,,,,,backtest
801946,2026-05-24 19:05:45.434859+02,2026-05-22 09:09:00+02,10.96,6.94,7.09,8.60,,,,,,,,,,backtest
801947,2026-05-24 19:05:45.434859+02,2026-05-22 09:12:00+02,11.13,6.91,6.94,8.60,,,,,,,,,,backtest
801948,2026-05-24 19:05:45.434859+02,2026-05-22 09:15:00+02,11.29,6.80,6.79,8.60,,,,,,,,,,backtest
801949,2026-05-24 19:05:45.434859+02,2026-05-22 09:18:00+02,11.45,6.70,6.79,8.60,,,,,,,,,,backtest
801950,2026-05-24 19:05:45.434859+02,2026-05-22 09:21:00+02,11.61,8.29,8.55,9.70,,,,,,,,,,backtest
801951,2026-05-24 19:05:45.434859+02,2026-05-22 09:24:00+02,11.77,6.03,5.38,8.10,,,,,,,,,,backtest
801952,2026-05-24 19:05:45.434859+02,2026-05-22 09:27:00+02,11.91,7.90,8.24,9.60,,,,,,,,,,backtest
801953,2026-05-24 19:05:45.434859+02,2026-05-22 09:30:00+02,12.06,8.38,8.55,9.90,,,,,,,,,,backtest
801954,2026-05-24 19:05:45.434859+02,2026-05-22 09:33:00+02,12.20,8.26,8.54,9.90,,,,,,,,,,backtest
801955,2026-05-24 19:05:45.434859+02,2026-05-22 09:36:00+02,12.33,8.97,9.38,10.40,,,,,,,,,,backtest
801956,2026-05-24 19:05:45.434859+02,2026-05-22 09:39:00+02,12.46,9.04,9.37,10.50,,,,,,,,,,backtest
801957,2026-05-24 19:05:45.434859+02,2026-05-22 09:42:00+02,12.58,8.11,8.42,10.00,,,,,,,,,,backtest
801958,2026-05-24 19:05:45.434859+02,2026-05-22 09:45:00+02,12.69,7.97,8.45,10.00,,,,,,,,,,backtest
801959,2026-05-24 19:05:45.434859+02,2026-05-22 09:48:00+02,12.80,9.80,10.31,11.20,,,,,,,,,,backtest
801960,2026-05-24 19:05:45.434859+02,2026-05-22 09:51:00+02,12.90,10.07,10.42,11.30,,,,,,,,,,backtest
801961,2026-05-24 19:05:45.434859+02,2026-05-22 09:54:00+02,13.00,11.68,11.90,12.30,,,,,,,,,,backtest
801962,2026-05-24 19:05:45.434859+02,2026-05-22 09:57:00+02,13.09,14.45,14.88,14.00,,,,,,,,,,backtest
801963,2026-05-24 19:05:45.434859+02,2026-05-22 10:00:00+02,13.17,13.43,14.05,13.50,,,,,,,,,,backtest
801964,2026-05-24 19:05:45.434859+02,2026-05-22 10:03:00+02,13.25,13.98,14.38,13.80,,,,,,,,,,backtest
801965,2026-05-24 19:05:45.434859+02,2026-05-22 10:06:00+02,13.32,14.00,14.30,13.80,,,,,,,,,,backtest
801966,2026-05-24 19:05:45.434859+02,2026-05-22 10:09:00+02,13.38,14.02,14.30,13.80,,,,,,,,,,backtest
801967,2026-05-24 19:05:45.434859+02,2026-05-22 10:12:00+02,13.43,14.09,14.28,13.90,,,,,,,,,,backtest
801968,2026-05-24 19:05:45.434859+02,2026-05-22 10:15:00+02,13.48,14.16,14.25,13.90,,,,,,,,,,backtest
801969,2026-05-24 19:05:45.434859+02,2026-05-22 10:18:00+02,13.52,15.17,15.09,14.50,,,,,,,,,,backtest
801970,2026-05-24 19:05:45.434859+02,2026-05-22 10:21:00+02,13.55,13.37,13.07,13.40,,,,,,,,,,backtest
801971,2026-05-24 19:05:45.434859+02,2026-05-22 10:24:00+02,13.58,12.35,12.91,13.00,,,,,,,,,,backtest
801972,2026-05-24 19:05:45.434859+02,2026-05-22 10:27:00+02,13.60,12.48,12.86,13.00,,,,,,,,,,backtest
801973,2026-05-24 19:05:45.434859+02,2026-05-22 10:30:00+02,13.61,11.79,11.91,12.60,,,,,,,,,,backtest
801974,2026-05-24 19:05:45.434859+02,2026-05-22 10:33:00+02,13.61,11.81,11.83,12.50,,,,,,,,,,backtest
801975,2026-05-24 19:05:45.434859+02,2026-05-22 10:36:00+02,13.61,11.90,11.91,12.60,,,,,,,,,,backtest
801976,2026-05-24 19:05:45.434859+02,2026-05-22 10:39:00+02,13.60,11.92,11.92,12.60,,,,,,,,,,backtest
801977,2026-05-24 19:05:45.434859+02,2026-05-22 10:42:00+02,13.58,12.79,13.16,13.20,,,,,,,,,,backtest
801978,2026-05-24 19:05:45.434859+02,2026-05-22 10:45:00+02,13.56,12.80,13.14,13.20,,,,,,,,,,backtest
801979,2026-05-24 19:05:45.434859+02,2026-05-22 10:48:00+02,13.53,13.59,14.25,13.80,,,,,,,,,,backtest
801980,2026-05-24 19:05:45.434859+02,2026-05-22 10:51:00+02,13.49,13.55,13.90,13.60,,,,,,,,,,backtest
801981,2026-05-24 19:05:45.434859+02,2026-05-22 10:54:00+02,13.44,13.44,13.79,13.50,,,,,,,,,,backtest
801982,2026-05-24 19:05:45.434859+02,2026-05-22 10:57:00+02,13.39,13.41,13.79,13.50,,,,,,,,,,backtest
801983,2026-05-24 19:05:45.434859+02,2026-05-22 11:00:00+02,13.34,13.42,13.91,13.50,,,,,,,,,,backtest
801984,2026-05-24 19:05:45.434859+02,2026-05-22 11:03:00+02,13.28,11.63,11.94,12.40,,,,,,,,,,backtest
801985,2026-05-24 19:05:45.434859+02,2026-05-22 11:06:00+02,13.21,7.27,6.92,9.50,,,,,,,,,,backtest
801986,2026-05-24 19:05:45.434859+02,2026-05-22 11:09:00+02,13.13,6.11,6.15,8.90,,,,,,,,,,backtest
801987,2026-05-24 19:05:45.434859+02,2026-05-22 11:12:00+02,13.06,6.56,6.98,9.30,,,,,,,,,,backtest
801988,2026-05-24 19:05:45.434859+02,2026-05-22 11:15:00+02,12.97,6.96,6.97,9.40,,,,,,,,,,backtest
801989,2026-05-24 19:05:45.434859+02,2026-05-22 11:18:00+02,12.88,7.03,7.07,9.40,,,,,,,,,,backtest
801990,2026-05-24 19:05:45.434859+02,2026-05-22 11:21:00+02,12.79,12.15,11.93,12.30,,,,,,,,,,backtest
801991,2026-05-24 19:05:45.434859+02,2026-05-22 11:24:00+02,12.69,12.46,12.15,12.50,,,,,,,,,,backtest
801992,2026-05-24 19:05:45.434859+02,2026-05-22 11:27:00+02,12.59,10.93,10.77,11.50,,,,,,,,,,backtest
801993,2026-05-24 19:05:45.434859+02,2026-05-22 11:30:00+02,12.49,10.48,10.60,11.30,,,,,,,,,,backtest
801994,2026-05-24 19:05:45.434859+02,2026-05-22 11:33:00+02,12.38,10.52,10.55,11.30,,,,,,,,,,backtest
801995,2026-05-24 19:05:45.434859+02,2026-05-22 11:36:00+02,12.26,8.07,8.31,9.80,,,,,,,,,,backtest
801996,2026-05-24 19:05:45.434859+02,2026-05-22 11:39:00+02,12.15,10.48,10.56,11.20,,,,,,,,,,backtest
801997,2026-05-24 19:05:45.434859+02,2026-05-22 11:42:00+02,12.03,11.05,11.26,11.50,,,,,,,,,,backtest
801998,2026-05-24 19:05:45.434859+02,2026-05-22 11:45:00+02,11.91,12.74,13.00,12.50,,,,,,,,,,backtest
801999,2026-05-24 19:05:45.434859+02,2026-05-22 11:48:00+02,11.79,12.71,13.03,12.40,,,,,,,,,,backtest
802000,2026-05-24 19:05:45.434859+02,2026-05-22 11:51:00+02,11.67,13.38,14.21,12.90,,,,,,,,,,backtest
802001,2026-05-24 19:05:45.434859+02,2026-05-22 11:54:00+02,11.55,13.33,13.90,12.80,,,,,,,,,,backtest
802002,2026-05-24 19:05:45.434859+02,2026-05-22 11:57:00+02,11.42,13.25,13.63,12.60,,,,,,,,,,backtest
802003,2026-05-24 19:05:45.434859+02,2026-05-22 12:00:00+02,11.30,12.35,12.91,12.10,,,,,,,,,,backtest
802004,2026-05-24 19:05:45.434859+02,2026-05-22 12:03:00+02,11.17,13.28,13.92,12.60,,,,,,,,,,backtest
802005,2026-05-24 19:05:45.434859+02,2026-05-22 12:06:00+02,11.04,13.46,14.19,12.70,,,,,,,,,,backtest
802006,2026-05-24 19:05:45.434859+02,2026-05-22 12:09:00+02,10.92,20.31,19.78,16.40,,,,,,,,,,backtest
802007,2026-05-24 19:05:45.434859+02,2026-05-22 12:12:00+02,10.80,19.92,20.14,16.30,,,,,,,,,,backtest
802008,2026-05-24 19:05:45.434859+02,2026-05-22 12:15:00+02,10.67,19.36,18.52,15.60,,,,,,,,,,backtest
802009,2026-05-24 19:05:45.434859+02,2026-05-22 12:18:00+02,10.55,19.14,18.32,15.50,,,,,,,,,,backtest
802010,2026-05-24 19:05:45.434859+02,2026-05-22 12:21:00+02,10.43,13.47,13.96,12.40,,,,,,,,,,backtest
802011,2026-05-24 19:05:45.434859+02,2026-05-22 12:24:00+02,10.31,13.64,13.19,12.20,,,,,,,,,,backtest
802012,2026-05-24 19:05:45.434859+02,2026-05-22 12:27:00+02,10.20,12.48,12.97,11.70,,,,,,,,,,backtest
802013,2026-05-24 19:05:45.434859+02,2026-05-22 12:30:00+02,10.09,12.77,13.17,11.80,,,,,,,,,,backtest
802014,2026-05-24 19:05:45.434859+02,2026-05-22 12:33:00+02,9.98,12.10,12.21,11.30,,,,,,,,,,backtest
802015,2026-05-24 19:05:45.434859+02,2026-05-22 12:36:00+02,9.87,11.18,11.30,10.70,,,,,,,,,,backtest
802016,2026-05-24 19:05:45.434859+02,2026-05-22 12:39:00+02,9.77,12.96,13.38,11.80,,,,,,,,,,backtest
802017,2026-05-24 19:05:45.434859+02,2026-05-22 12:42:00+02,9.67,13.10,13.63,11.90,,,,,,,,,,backtest
802018,2026-05-24 19:05:45.434859+02,2026-05-22 12:45:00+02,9.58,17.65,17.34,14.30,,,,,,,,,,backtest
802019,2026-05-24 19:05:45.434859+02,2026-05-22 12:48:00+02,9.49,17.41,16.92,14.10,,,,,,,,,,backtest
802020,2026-05-24 19:05:45.434859+02,2026-05-22 12:51:00+02,9.40,16.90,16.30,13.70,,,,,,,,,,backtest
802021,2026-05-24 19:05:45.434859+02,2026-05-22 12:54:00+02,9.32,12.06,12.44,11.10,,,,,,,,,,backtest
802022,2026-05-24 19:05:45.434859+02,2026-05-22 12:57:00+02,9.25,9.26,9.52,9.30,,,,,,,,,,backtest
802023,2026-05-24 19:05:45.434859+02,2026-05-22 13:00:00+02,9.18,7.04,7.10,7.90,,,,,,,,,,backtest
802024,2026-05-24 19:05:45.434859+02,2026-05-22 13:03:00+02,9.11,7.34,7.26,8.00,,,,,,,,,,backtest
802025,2026-05-24 19:05:45.434859+02,2026-05-22 13:06:00+02,9.05,7.86,8.24,8.50,,,,,,,,,,backtest
802026,2026-05-24 19:05:45.434859+02,2026-05-22 13:09:00+02,9.00,8.00,7.96,8.40,,,,,,,,,,backtest
802027,2026-05-24 19:05:45.434859+02,2026-05-22 13:12:00+02,8.95,7.90,7.80,8.30,,,,,,,,,,backtest
802028,2026-05-24 19:05:45.434859+02,2026-05-22 13:15:00+02,8.91,10.33,10.95,9.90,,,,,,,,,,backtest
802029,2026-05-24 19:05:45.434859+02,2026-05-22 13:18:00+02,8.88,11.34,11.42,10.40,,,,,,,,,,backtest
802030,2026-05-24 19:05:45.434859+02,2026-05-22 13:21:00+02,8.85,11.05,11.04,10.20,,,,,,,,,,backtest
802031,2026-05-24 19:05:45.434859+02,2026-05-22 13:24:00+02,8.83,12.53,12.94,11.20,,,,,,,,,,backtest
802032,2026-05-24 19:05:45.434859+02,2026-05-22 13:27:00+02,8.81,12.53,13.14,11.20,,,,,,,,,,backtest
802033,2026-05-24 19:05:45.434859+02,2026-05-22 13:30:00+02,8.80,12.37,13.02,11.10,,,,,,,,,,backtest
802034,2026-05-24 19:05:45.434859+02,2026-05-22 13:33:00+02,8.80,8.02,8.51,8.50,,,,,,,,,,backtest
802035,2026-05-24 19:05:45.434859+02,2026-05-22 13:36:00+02,8.81,12.05,12.69,10.90,,,,,,,,,,backtest
802036,2026-05-24 19:05:45.434859+02,2026-05-22 13:39:00+02,8.82,12.88,13.46,11.40,,,,,,,,,,backtest
802037,2026-05-24 19:05:45.434859+02,2026-05-22 13:42:00+02,8.83,10.94,11.19,10.20,,,,,,,,,,backtest
802038,2026-05-24 19:05:45.434859+02,2026-05-22 13:45:00+02,8.86,10.62,11.03,10.00,,,,,,,,,,backtest
802039,2026-05-24 19:05:45.434859+02,2026-05-22 13:48:00+02,8.89,10.74,11.14,10.10,,,,,,,,,,backtest
802040,2026-05-24 19:05:45.434859+02,2026-05-22 13:51:00+02,8.93,10.85,11.05,10.10,,,,,,,,,,backtest
802041,2026-05-24 19:05:45.434859+02,2026-05-22 13:54:00+02,8.97,10.89,10.91,10.10,,,,,,,,,,backtest
802042,2026-05-24 19:05:45.434859+02,2026-05-22 13:57:00+02,9.02,11.78,11.80,10.70,,,,,,,,,,backtest
802043,2026-05-24 19:05:45.434859+02,2026-05-22 14:00:00+02,9.08,11.83,11.83,10.70,,,,,,,,,,backtest
802044,2026-05-24 19:05:45.434859+02,2026-05-22 14:03:00+02,9.14,11.73,11.89,10.70,,,,,,,,,,backtest
802045,2026-05-24 19:05:45.434859+02,2026-05-22 14:06:00+02,9.21,15.39,15.83,13.10,,,,,,,,,,backtest
802046,2026-05-24 19:05:45.434859+02,2026-05-22 14:09:00+02,9.28,17.35,16.97,14.00,,,,,,,,,,backtest
802047,2026-05-24 19:05:45.434859+02,2026-05-22 14:12:00+02,9.36,12.37,12.97,11.30,,,,,,,,,,backtest
802048,2026-05-24 19:05:45.434859+02,2026-05-22 14:15:00+02,9.45,14.70,15.08,12.70,,,,,,,,,,backtest
802049,2026-05-24 19:05:45.434859+02,2026-05-22 14:18:00+02,9.54,17.07,17.23,14.10,,,,,,,,,,backtest
802050,2026-05-24 19:05:45.434859+02,2026-05-22 14:21:00+02,9.64,17.05,16.92,14.00,,,,,,,,,,backtest
802051,2026-05-24 19:05:45.434859+02,2026-05-22 14:24:00+02,9.74,14.93,15.36,13.00,,,,,,,,,,backtest
802052,2026-05-24 19:05:45.434859+02,2026-05-22 14:27:00+02,9.84,14.88,15.13,12.90,,,,,,,,,,backtest
802053,2026-05-24 19:05:45.434859+02,2026-05-22 14:30:00+02,9.95,17.04,16.95,14.20,,,,,,,,,,backtest
802054,2026-05-24 19:05:45.434859+02,2026-05-22 14:33:00+02,10.07,16.18,16.50,13.80,,,,,,,,,,backtest
802055,2026-05-24 19:05:45.434859+02,2026-05-22 14:36:00+02,10.18,14.17,14.58,12.70,,,,,,,,,,backtest
802056,2026-05-24 19:05:45.434859+02,2026-05-22 14:39:00+02,10.30,14.18,14.26,12.70,,,,,,,,,,backtest
802057,2026-05-24 19:05:45.434859+02,2026-05-22 14:42:00+02,10.43,9.93,10.42,10.30,,,,,,,,,,backtest
802058,2026-05-24 19:05:45.434859+02,2026-05-22 14:45:00+02,10.56,9.73,10.21,10.20,,,,,,,,,,backtest
802059,2026-05-24 19:05:45.434859+02,2026-05-22 14:48:00+02,10.68,8.50,8.70,9.40,,,,,,,,,,backtest
802060,2026-05-24 19:05:45.434859+02,2026-05-22 14:51:00+02,10.82,10.29,10.15,10.50,,,,,,,,,,backtest
802061,2026-05-24 19:05:45.434859+02,2026-05-22 14:54:00+02,10.95,11.52,11.69,11.30,,,,,,,,,,backtest
802062,2026-05-24 19:05:45.434859+02,2026-05-22 14:57:00+02,11.09,11.39,11.28,11.20,,,,,,,,,,backtest
802063,2026-05-24 19:05:45.434859+02,2026-05-22 15:00:00+02,11.22,8.52,8.62,9.60,,,,,,,,,,backtest
802064,2026-05-24 19:05:45.434859+02,2026-05-22 15:03:00+02,11.36,10.68,11.01,11.10,,,,,,,,,,backtest
802065,2026-05-24 19:05:45.434859+02,2026-05-22 15:06:00+02,11.50,11.14,12.22,11.60,,,,,,,,,,backtest
802066,2026-05-24 19:05:45.434859+02,2026-05-22 15:09:00+02,11.64,18.59,19.24,16.00,,,,,,,,,,backtest
802067,2026-05-24 19:05:45.434859+02,2026-05-22 15:12:00+02,11.78,18.31,18.70,15.80,,,,,,,,,,backtest
802068,2026-05-24 19:05:45.434859+02,2026-05-22 15:15:00+02,11.92,17.58,18.12,15.50,,,,,,,,,,backtest
802069,2026-05-24 19:05:45.434859+02,2026-05-22 15:18:00+02,12.06,16.30,17.36,14.90,,,,,,,,,,backtest
802070,2026-05-24 19:05:45.434859+02,2026-05-22 15:21:00+02,12.20,13.55,14.70,13.40,,,,,,,,,,backtest
802071,2026-05-24 19:05:45.434859+02,2026-05-22 15:24:00+02,12.33,13.79,14.61,13.50,,,,,,,,,,backtest
802072,2026-05-24 19:05:45.434859+02,2026-05-22 15:27:00+02,12.47,14.26,15.68,14.00,,,,,,,,,,backtest
802073,2026-05-24 19:05:45.434859+02,2026-05-22 15:30:00+02,12.60,14.48,15.46,14.00,,,,,,,,,,backtest
802074,2026-05-24 19:05:45.434859+02,2026-05-22 15:33:00+02,12.73,14.52,15.48,14.10,,,,,,,,,,backtest
802075,2026-05-24 19:05:45.434859+02,2026-05-22 15:36:00+02,12.86,16.40,17.56,15.30,,,,,,,,,,backtest
802076,2026-05-24 19:05:45.434859+02,2026-05-22 15:39:00+02,12.98,16.34,17.62,15.40,,,,,,,,,,backtest
802077,2026-05-24 19:05:45.434859+02,2026-05-22 15:42:00+02,13.10,16.14,17.09,15.20,,,,,,,,,,backtest
802078,2026-05-24 19:05:45.434859+02,2026-05-22 15:45:00+02,13.22,11.46,12.78,12.60,,,,,,,,,,backtest
802079,2026-05-24 19:05:45.434859+02,2026-05-22 15:48:00+02,13.33,11.27,12.26,12.40,,,,,,,,,,backtest
802080,2026-05-24 19:05:45.434859+02,2026-05-22 15:51:00+02,13.44,9.15,9.76,11.00,,,,,,,,,,backtest
802081,2026-05-24 19:05:45.434859+02,2026-05-22 15:54:00+02,13.54,10.06,10.21,11.50,,,,,,,,,,backtest
802082,2026-05-24 19:05:45.434859+02,2026-05-22 15:57:00+02,13.64,10.46,10.78,11.80,,,,,,,,,,backtest
802083,2026-05-24 19:05:45.434859+02,2026-05-22 16:00:00+02,13.74,15.04,15.02,14.50,,,,,,,,,,backtest
802084,2026-05-24 19:05:45.434859+02,2026-05-22 16:03:00+02,13.83,10.63,10.92,12.00,,,,,,,,,,backtest
802085,2026-05-24 19:05:45.434859+02,2026-05-22 16:06:00+02,13.91,12.42,13.46,13.30,,,,,,,,,,backtest
802086,2026-05-24 19:05:45.434859+02,2026-05-22 16:09:00+02,13.99,12.73,13.88,13.60,,,,,,,,,,backtest
802087,2026-05-24 19:05:45.434859+02,2026-05-22 16:12:00+02,14.06,12.64,13.54,13.50,,,,,,,,,,backtest
802088,2026-05-24 19:05:45.434859+02,2026-05-22 16:15:00+02,14.13,12.56,13.59,13.50,,,,,,,,,,backtest
802089,2026-05-24 19:05:45.434859+02,2026-05-22 16:18:00+02,14.19,13.46,14.88,14.20,,,,,,,,,,backtest
802090,2026-05-24 19:05:45.434859+02,2026-05-22 16:21:00+02,14.24,13.50,14.89,14.20,,,,,,,,,,backtest
802091,2026-05-24 19:05:45.434859+02,2026-05-22 16:24:00+02,14.28,13.43,14.66,14.10,,,,,,,,,,backtest
802092,2026-05-24 19:05:45.434859+02,2026-05-22 16:27:00+02,14.32,13.40,14.69,14.20,,,,,,,,,,backtest
802093,2026-05-24 19:05:45.434859+02,2026-05-22 16:30:00+02,14.36,16.25,17.43,15.80,,,,,,,,,,backtest
802094,2026-05-24 19:05:45.434859+02,2026-05-22 16:33:00+02,14.38,16.26,17.50,15.90,,,,,,,,,,backtest
802095,2026-05-24 19:05:45.434859+02,2026-05-22 16:36:00+02,14.40,16.01,17.08,15.70,,,,,,,,,,backtest
802096,2026-05-24 19:05:45.434859+02,2026-05-22 16:39:00+02,14.41,15.90,17.57,15.80,,,,,,,,,,backtest
802097,2026-05-24 19:05:45.434859+02,2026-05-22 16:42:00+02,14.41,15.93,17.42,15.80,,,,,,,,,,backtest
802098,2026-05-24 19:05:45.434859+02,2026-05-22 16:45:00+02,14.41,12.29,14.06,13.70,,,,,,,,,,backtest
802099,2026-05-24 19:05:45.434859+02,2026-05-22 16:48:00+02,14.39,12.23,13.61,13.50,,,,,,,,,,backtest
802100,2026-05-24 19:05:45.434859+02,2026-05-22 16:51:00+02,14.37,12.66,14.12,13.80,,,,,,,,,,backtest
802101,2026-05-24 19:05:45.434859+02,2026-05-22 16:54:00+02,14.35,17.66,18.60,16.60,,,,,,,,,,backtest
802102,2026-05-24 19:05:45.434859+02,2026-05-22 16:57:00+02,14.31,17.58,18.68,16.60,,,,,,,,,,backtest
802103,2026-05-24 19:05:45.434859+02,2026-05-22 17:00:00+02,14.27,18.04,18.24,16.60,,,,,,,,,,backtest
802104,2026-05-24 19:05:45.434859+02,2026-05-22 17:03:00+02,14.22,17.75,18.35,16.50,,,,,,,,,,backtest
802105,2026-05-24 19:05:45.434859+02,2026-05-22 17:06:00+02,14.16,16.68,17.39,15.90,,,,,,,,,,backtest
802106,2026-05-24 19:05:45.434859+02,2026-05-22 17:09:00+02,14.09,15.77,16.56,15.30,,,,,,,,,,backtest
802107,2026-05-24 19:05:45.434859+02,2026-05-22 17:12:00+02,14.02,12.24,13.50,13.30,,,,,,,,,,backtest
802108,2026-05-24 19:05:45.434859+02,2026-05-22 17:15:00+02,13.94,12.33,13.21,13.20,,,,,,,,,,backtest
802109,2026-05-24 19:05:45.434859+02,2026-05-22 17:18:00+02,13.85,11.01,11.63,12.30,,,,,,,,,,backtest
802110,2026-05-24 19:05:45.434859+02,2026-05-22 17:21:00+02,13.76,11.09,11.40,12.20,,,,,,,,,,backtest
802111,2026-05-24 19:05:45.434859+02,2026-05-22 17:24:00+02,13.66,13.09,13.69,13.50,,,,,,,,,,backtest
802112,2026-05-24 19:05:45.434859+02,2026-05-22 17:27:00+02,13.55,17.95,18.42,16.30,,,,,,,,,,backtest
802113,2026-05-24 19:05:45.434859+02,2026-05-22 17:30:00+02,13.44,18.55,18.60,16.50,,,,,,,,,,backtest
802114,2026-05-24 19:05:45.434859+02,2026-05-22 17:33:00+02,13.32,17.88,18.12,16.10,,,,,,,,,,backtest
802115,2026-05-24 19:05:45.434859+02,2026-05-22 17:36:00+02,13.19,18.54,18.46,16.40,,,,,,,,,,backtest
802116,2026-05-24 19:05:45.434859+02,2026-05-22 17:39:00+02,13.06,18.46,18.67,16.40,,,,,,,,,,backtest
802117,2026-05-24 19:05:45.434859+02,2026-05-22 17:42:00+02,12.92,21.56,21.39,18.10,,,,,,,,,,backtest
802118,2026-05-24 19:05:45.434859+02,2026-05-22 17:45:00+02,12.77,21.32,21.15,17.90,,,,,,,,,,backtest
802119,2026-05-24 19:05:45.434859+02,2026-05-22 17:48:00+02,12.62,24.37,23.96,19.50,,,,,,,,,,backtest
802120,2026-05-24 19:05:45.434859+02,2026-05-22 17:51:00+02,12.47,20.76,21.35,17.60,,,,,,,,,,backtest
802121,2026-05-24 19:05:45.434859+02,2026-05-22 17:54:00+02,12.31,18.96,19.23,16.40,,,,,,,,,,backtest
802122,2026-05-24 19:05:45.434859+02,2026-05-22 17:57:00+02,12.15,19.37,19.21,16.40,,,,,,,,,,backtest
802123,2026-05-24 19:05:45.434859+02,2026-05-22 18:00:00+02,11.98,18.73,17.26,15.60,,,,,,,,,,backtest
802124,2026-05-24 19:05:45.434859+02,2026-05-22 18:03:00+02,11.81,15.99,15.14,14.10,,,,,,,,,,backtest
802125,2026-05-24 19:05:45.434859+02,2026-05-22 18:06:00+02,11.63,16.20,15.34,14.10,,,,,,,,,,backtest
802126,2026-05-24 19:05:45.434859+02,2026-05-22 18:09:00+02,11.45,16.49,15.73,14.20,,,,,,,,,,backtest
802127,2026-05-24 19:05:45.434859+02,2026-05-22 18:12:00+02,11.27,15.61,14.71,13.60,,,,,,,,,,backtest
802128,2026-05-24 19:05:45.434859+02,2026-05-22 18:15:00+02,11.08,15.58,13.81,13.30,,,,,,,,,,backtest
802129,2026-05-24 19:05:45.434859+02,2026-05-22 18:18:00+02,10.90,15.59,11.55,12.50,,,,,,,,,,backtest
802130,2026-05-24 19:05:45.434859+02,2026-05-22 18:21:00+02,10.71,17.51,13.05,13.50,,,,,,,,,,backtest
802131,2026-05-24 19:05:45.434859+02,2026-05-22 18:24:00+02,10.51,17.39,13.22,13.40,,,,,,,,,,backtest
802132,2026-05-24 19:05:45.434859+02,2026-05-22 18:27:00+02,10.32,20.17,14.59,14.60,,,,,,,,,,backtest
802133,2026-05-24 19:05:45.434859+02,2026-05-22 18:30:00+02,10.13,16.89,12.36,12.80,,,,,,,,,,backtest
802134,2026-05-24 19:05:45.434859+02,2026-05-22 18:33:00+02,9.93,14.82,9.74,11.30,,,,,,,,,,backtest
802135,2026-05-24 19:05:45.434859+02,2026-05-22 18:36:00+02,9.73,11.33,9.07,10.00,,,,,,,,,,backtest
802136,2026-05-24 19:05:45.434859+02,2026-05-22 18:39:00+02,9.54,11.53,9.84,10.20,,,,,,,,,,backtest
802137,2026-05-24 19:05:45.434859+02,2026-05-22 18:42:00+02,9.34,12.07,10.89,10.60,,,,,,,,,,backtest
802138,2026-05-24 19:05:45.434859+02,2026-05-22 18:45:00+02,9.14,17.00,14.73,13.20,,,,,,,,,,backtest
805161,2026-05-24 22:01:08.282893+02,2026-05-24 22:16:08.282893+02,3.84,,,,0.00,0.00,0.00,OK,,,,,pipeline_v2,ensemble
802139,2026-05-24 19:05:45.434859+02,2026-05-22 18:48:00+02,8.95,23.97,18.54,16.30,,,,,,,,,,backtest
802140,2026-05-24 19:05:45.434859+02,2026-05-22 18:51:00+02,8.75,22.69,16.90,15.40,,,,,,,,,,backtest
802141,2026-05-24 19:05:45.434859+02,2026-05-22 18:54:00+02,8.56,21.92,17.00,15.10,,,,,,,,,,backtest
802142,2026-05-24 19:05:45.434859+02,2026-05-22 18:57:00+02,8.36,27.12,19.47,17.30,,,,,,,,,,backtest
802143,2026-05-24 19:05:45.434859+02,2026-05-22 19:00:00+02,8.17,21.02,18.16,15.00,,,,,,,,,,backtest
802144,2026-05-24 19:05:45.434859+02,2026-05-22 19:03:00+02,7.98,19.56,18.16,14.50,,,,,,,,,,backtest
802145,2026-05-24 19:05:45.434859+02,2026-05-22 19:06:00+02,7.79,20.15,17.78,14.50,,,,,,,,,,backtest
802146,2026-05-24 19:05:45.434859+02,2026-05-22 19:09:00+02,7.61,21.66,17.60,14.80,,,,,,,,,,backtest
802147,2026-05-24 19:05:45.434859+02,2026-05-22 19:12:00+02,7.43,20.67,16.86,14.20,,,,,,,,,,backtest
802148,2026-05-24 19:05:45.434859+02,2026-05-22 19:15:00+02,7.25,20.71,16.38,14.00,,,,,,,,,,backtest
802149,2026-05-24 19:05:45.434859+02,2026-05-22 19:18:00+02,7.07,21.77,13.88,13.50,,,,,,,,,,backtest
802150,2026-05-24 19:05:45.434859+02,2026-05-22 19:21:00+02,6.90,21.67,13.43,13.30,,,,,,,,,,backtest
802151,2026-05-24 19:05:45.434859+02,2026-05-22 19:24:00+02,6.73,13.81,7.25,9.00,,,,,,,,,,backtest
802152,2026-05-24 19:05:45.434859+02,2026-05-22 19:27:00+02,6.56,14.88,5.40,8.70,,,,,,,,,,backtest
802153,2026-05-24 19:05:45.434859+02,2026-05-22 19:30:00+02,6.40,15.65,6.20,9.10,,,,,,,,,,backtest
802154,2026-05-24 19:05:45.434859+02,2026-05-22 19:33:00+02,6.25,15.89,6.07,9.10,,,,,,,,,,backtest
802155,2026-05-24 19:05:45.434859+02,2026-05-22 19:36:00+02,6.09,15.82,6.12,9.00,,,,,,,,,,backtest
802156,2026-05-24 19:05:45.434859+02,2026-05-22 19:39:00+02,5.94,22.79,14.85,13.70,,,,,,,,,,backtest
802157,2026-05-24 19:05:45.434859+02,2026-05-22 19:42:00+02,5.80,22.01,14.05,13.10,,,,,,,,,,backtest
802158,2026-05-24 19:05:45.434859+02,2026-05-22 19:45:00+02,5.66,21.41,14.02,12.90,,,,,,,,,,backtest
802159,2026-05-24 19:05:45.434859+02,2026-05-22 19:48:00+02,5.53,20.11,13.46,12.30,,,,,,,,,,backtest
802160,2026-05-24 19:05:45.434859+02,2026-05-22 19:51:00+02,5.40,17.23,9.25,10.10,,,,,,,,,,backtest
802161,2026-05-24 19:05:45.434859+02,2026-05-22 19:54:00+02,5.27,17.61,8.51,9.90,,,,,,,,,,backtest
802162,2026-05-24 19:05:45.434859+02,2026-05-22 19:57:00+02,5.16,16.05,6.16,8.70,,,,,,,,,,backtest
802163,2026-05-24 19:05:45.434859+02,2026-05-22 20:00:00+02,5.04,16.27,9.45,9.70,,,,,,,,,,backtest
802164,2026-05-24 19:05:45.434859+02,2026-05-22 20:03:00+02,4.93,11.83,8.50,8.10,,,,,,,,,,backtest
802165,2026-05-24 19:05:45.434859+02,2026-05-22 20:06:00+02,4.83,11.70,8.81,8.10,,,,,,,,,,backtest
802166,2026-05-24 19:05:45.434859+02,2026-05-22 20:09:00+02,4.73,10.36,7.44,7.20,,,,,,,,,,backtest
802167,2026-05-24 19:05:45.434859+02,2026-05-22 20:12:00+02,4.64,8.67,5.48,6.10,,,,,,,,,,backtest
802168,2026-05-24 19:05:45.434859+02,2026-05-22 20:15:00+02,4.55,5.32,1.55,3.90,,,,,,,,,,backtest
802169,2026-05-24 19:05:45.434859+02,2026-05-22 20:18:00+02,4.47,4.15,1.44,3.50,,,,,,,,,,backtest
802170,2026-05-24 19:05:45.434859+02,2026-05-23 08:30:00+02,9.75,4.64,4.45,6.60,,,,,,,,,,backtest
802171,2026-05-24 19:05:45.434859+02,2026-05-23 08:33:00+02,9.94,4.66,4.51,6.70,,,,,,,,,,backtest
802172,2026-05-24 19:05:45.434859+02,2026-05-23 08:36:00+02,10.13,7.95,7.86,8.80,,,,,,,,,,backtest
802173,2026-05-24 19:05:45.434859+02,2026-05-23 08:39:00+02,10.31,11.03,10.91,10.70,,,,,,,,,,backtest
802174,2026-05-24 19:05:45.434859+02,2026-05-23 08:42:00+02,10.50,10.94,10.78,10.70,,,,,,,,,,backtest
802175,2026-05-24 19:05:45.434859+02,2026-05-23 08:45:00+02,10.69,7.92,8.05,9.10,,,,,,,,,,backtest
802176,2026-05-24 19:05:45.434859+02,2026-05-23 08:48:00+02,10.87,10.02,10.22,10.40,,,,,,,,,,backtest
802177,2026-05-24 19:05:45.434859+02,2026-05-23 08:51:00+02,11.05,8.05,8.56,9.40,,,,,,,,,,backtest
802178,2026-05-24 19:05:45.434859+02,2026-05-23 08:54:00+02,11.24,7.76,7.95,9.20,,,,,,,,,,backtest
802179,2026-05-24 19:05:45.434859+02,2026-05-23 08:57:00+02,11.42,11.50,11.75,11.50,,,,,,,,,,backtest
802180,2026-05-24 19:05:45.434859+02,2026-05-23 09:00:00+02,11.59,12.87,13.06,12.40,,,,,,,,,,backtest
802181,2026-05-24 19:05:45.434859+02,2026-05-23 09:03:00+02,11.77,11.72,11.56,11.70,,,,,,,,,,backtest
802182,2026-05-24 19:05:45.434859+02,2026-05-23 09:06:00+02,11.94,14.12,14.62,13.40,,,,,,,,,,backtest
802183,2026-05-24 19:05:45.434859+02,2026-05-23 09:09:00+02,12.11,20.08,19.01,16.60,,,,,,,,,,backtest
802184,2026-05-24 19:05:45.434859+02,2026-05-23 09:12:00+02,12.27,19.61,18.03,16.20,,,,,,,,,,backtest
802185,2026-05-24 19:05:45.434859+02,2026-05-23 09:15:00+02,12.43,10.83,12.12,11.90,,,,,,,,,,backtest
802186,2026-05-24 19:05:45.434859+02,2026-05-23 09:18:00+02,12.59,10.34,11.05,11.50,,,,,,,,,,backtest
802187,2026-05-24 19:05:45.434859+02,2026-05-23 09:21:00+02,12.74,9.53,9.75,10.90,,,,,,,,,,backtest
802188,2026-05-24 19:05:45.434859+02,2026-05-23 09:24:00+02,12.89,9.99,9.59,11.00,,,,,,,,,,backtest
802189,2026-05-24 19:05:45.434859+02,2026-05-23 09:27:00+02,13.03,9.47,9.15,10.80,,,,,,,,,,backtest
802190,2026-05-24 19:05:45.434859+02,2026-05-23 09:30:00+02,13.17,9.45,9.00,10.80,,,,,,,,,,backtest
802191,2026-05-24 19:05:45.434859+02,2026-05-23 09:33:00+02,13.30,8.61,8.49,10.50,,,,,,,,,,backtest
802192,2026-05-24 19:05:45.434859+02,2026-05-23 09:36:00+02,13.43,7.62,7.23,9.80,,,,,,,,,,backtest
802193,2026-05-24 19:05:45.434859+02,2026-05-23 09:39:00+02,13.55,7.52,7.85,10.00,,,,,,,,,,backtest
802194,2026-05-24 19:05:45.434859+02,2026-05-23 09:42:00+02,13.67,8.45,8.74,10.60,,,,,,,,,,backtest
802195,2026-05-24 19:05:45.434859+02,2026-05-23 09:45:00+02,13.78,10.29,10.33,11.70,,,,,,,,,,backtest
802196,2026-05-24 19:05:45.434859+02,2026-05-23 09:48:00+02,13.88,10.33,10.30,11.70,,,,,,,,,,backtest
802197,2026-05-24 19:05:45.434859+02,2026-05-23 09:51:00+02,13.98,11.79,11.88,12.70,,,,,,,,,,backtest
802198,2026-05-24 19:05:45.434859+02,2026-05-23 09:54:00+02,14.07,12.66,13.25,13.40,,,,,,,,,,backtest
802199,2026-05-24 19:05:45.434859+02,2026-05-23 09:57:00+02,14.16,12.50,13.14,13.40,,,,,,,,,,backtest
802200,2026-05-24 19:05:45.434859+02,2026-05-23 10:00:00+02,14.23,16.08,16.73,15.50,,,,,,,,,,backtest
802201,2026-05-24 19:05:45.434859+02,2026-05-23 10:03:00+02,14.30,16.07,16.84,15.60,,,,,,,,,,backtest
802202,2026-05-24 19:05:45.434859+02,2026-05-23 10:06:00+02,14.37,15.77,16.67,15.50,,,,,,,,,,backtest
802203,2026-05-24 19:05:45.434859+02,2026-05-23 10:09:00+02,14.42,15.68,16.54,15.40,,,,,,,,,,backtest
802204,2026-05-24 19:05:45.434859+02,2026-05-23 10:12:00+02,14.47,17.70,17.86,16.50,,,,,,,,,,backtest
802205,2026-05-24 19:05:45.434859+02,2026-05-23 10:15:00+02,14.51,15.81,16.58,15.50,,,,,,,,,,backtest
802206,2026-05-24 19:05:45.434859+02,2026-05-23 10:18:00+02,14.55,19.76,19.64,17.60,,,,,,,,,,backtest
802207,2026-05-24 19:05:45.434859+02,2026-05-23 10:21:00+02,14.57,19.66,19.84,17.70,,,,,,,,,,backtest
802208,2026-05-24 19:05:45.434859+02,2026-05-23 10:24:00+02,14.59,19.47,19.31,17.50,,,,,,,,,,backtest
802209,2026-05-24 19:05:45.434859+02,2026-05-23 10:27:00+02,14.61,19.39,19.43,17.50,,,,,,,,,,backtest
802210,2026-05-24 19:05:45.434859+02,2026-05-23 10:30:00+02,14.61,23.64,23.41,20.00,,,,,,,,,,backtest
802211,2026-05-24 19:05:45.434859+02,2026-05-23 10:33:00+02,14.61,23.19,23.64,19.90,,,,,,,,,,backtest
802212,2026-05-24 19:05:45.434859+02,2026-05-23 10:36:00+02,14.60,23.00,23.52,19.80,,,,,,,,,,backtest
802213,2026-05-24 19:05:45.434859+02,2026-05-23 10:39:00+02,14.58,22.94,22.93,19.60,,,,,,,,,,backtest
802214,2026-05-24 19:05:45.434859+02,2026-05-23 10:42:00+02,14.56,23.02,22.14,19.40,,,,,,,,,,backtest
802215,2026-05-24 19:05:45.434859+02,2026-05-23 10:45:00+02,14.53,17.04,16.95,16.00,,,,,,,,,,backtest
802216,2026-05-24 19:05:45.434859+02,2026-05-23 10:48:00+02,14.49,17.56,15.63,15.80,,,,,,,,,,backtest
802217,2026-05-24 19:05:45.434859+02,2026-05-23 10:51:00+02,14.45,18.15,16.95,16.30,,,,,,,,,,backtest
802218,2026-05-24 19:05:45.434859+02,2026-05-23 10:54:00+02,14.40,17.41,16.23,15.90,,,,,,,,,,backtest
802219,2026-05-24 19:05:45.434859+02,2026-05-23 10:57:00+02,14.34,14.55,14.47,14.40,,,,,,,,,,backtest
802220,2026-05-24 19:05:45.434859+02,2026-05-23 11:00:00+02,14.28,14.58,14.53,14.40,,,,,,,,,,backtest
802221,2026-05-24 19:05:45.434859+02,2026-05-23 11:03:00+02,14.21,15.78,15.67,15.10,,,,,,,,,,backtest
802222,2026-05-24 19:05:45.434859+02,2026-05-23 11:06:00+02,14.14,15.83,15.69,15.10,,,,,,,,,,backtest
802223,2026-05-24 19:05:45.434859+02,2026-05-23 11:09:00+02,14.06,14.72,14.45,14.40,,,,,,,,,,backtest
802224,2026-05-24 19:05:45.434859+02,2026-05-23 11:12:00+02,13.98,15.53,15.25,14.80,,,,,,,,,,backtest
802225,2026-05-24 19:05:45.434859+02,2026-05-23 11:15:00+02,13.89,15.54,15.67,14.90,,,,,,,,,,backtest
802226,2026-05-24 19:05:45.434859+02,2026-05-23 11:18:00+02,13.79,21.46,20.91,18.20,,,,,,,,,,backtest
802227,2026-05-24 19:05:45.434859+02,2026-05-23 11:21:00+02,13.69,20.92,21.14,18.10,,,,,,,,,,backtest
802228,2026-05-24 19:05:45.434859+02,2026-05-23 11:24:00+02,13.59,20.42,20.25,17.60,,,,,,,,,,backtest
802229,2026-05-24 19:05:45.434859+02,2026-05-23 11:27:00+02,13.48,19.20,18.97,16.80,,,,,,,,,,backtest
802230,2026-05-24 19:05:45.434859+02,2026-05-23 11:30:00+02,13.37,17.33,17.76,15.90,,,,,,,,,,backtest
802231,2026-05-24 19:05:45.434859+02,2026-05-23 11:33:00+02,13.25,17.64,17.15,15.70,,,,,,,,,,backtest
802232,2026-05-24 19:05:45.434859+02,2026-05-23 11:36:00+02,13.13,17.95,17.60,15.90,,,,,,,,,,backtest
802233,2026-05-24 19:05:45.434859+02,2026-05-23 11:39:00+02,13.01,17.09,16.84,15.40,,,,,,,,,,backtest
802234,2026-05-24 19:05:45.434859+02,2026-05-23 11:42:00+02,12.89,15.21,15.75,14.40,,,,,,,,,,backtest
802235,2026-05-24 19:05:45.434859+02,2026-05-23 11:45:00+02,12.76,17.26,17.16,15.40,,,,,,,,,,backtest
802236,2026-05-24 19:05:45.434859+02,2026-05-23 11:48:00+02,12.64,12.73,13.51,12.90,,,,,,,,,,backtest
802237,2026-05-24 19:05:45.434859+02,2026-05-23 11:51:00+02,12.51,12.50,13.13,12.70,,,,,,,,,,backtest
802238,2026-05-24 19:05:45.434859+02,2026-05-23 11:54:00+02,12.38,15.72,16.27,14.50,,,,,,,,,,backtest
802239,2026-05-24 19:05:45.434859+02,2026-05-23 11:57:00+02,12.24,20.85,19.43,17.00,,,,,,,,,,backtest
802240,2026-05-24 19:05:45.434859+02,2026-05-23 12:00:00+02,12.11,15.43,16.00,14.30,,,,,,,,,,backtest
802241,2026-05-24 19:05:45.434859+02,2026-05-23 12:03:00+02,11.98,15.84,15.31,14.10,,,,,,,,,,backtest
802242,2026-05-24 19:05:45.434859+02,2026-05-23 12:06:00+02,11.85,16.03,16.61,14.50,,,,,,,,,,backtest
802243,2026-05-24 19:05:45.434859+02,2026-05-23 12:09:00+02,11.72,16.16,16.32,14.40,,,,,,,,,,backtest
802244,2026-05-24 19:05:45.434859+02,2026-05-23 12:12:00+02,11.59,14.31,14.61,13.30,,,,,,,,,,backtest
802245,2026-05-24 19:05:45.434859+02,2026-05-23 12:15:00+02,11.46,9.81,9.87,10.50,,,,,,,,,,backtest
802246,2026-05-24 19:05:45.434859+02,2026-05-23 12:18:00+02,11.33,9.68,9.87,10.40,,,,,,,,,,backtest
802247,2026-05-24 19:05:45.434859+02,2026-05-23 12:21:00+02,11.20,10.26,10.40,10.70,,,,,,,,,,backtest
802248,2026-05-24 19:05:45.434859+02,2026-05-23 12:24:00+02,11.08,10.51,10.24,10.70,,,,,,,,,,backtest
802249,2026-05-24 19:05:45.434859+02,2026-05-23 12:27:00+02,10.95,11.37,11.25,11.20,,,,,,,,,,backtest
802250,2026-05-24 19:05:45.434859+02,2026-05-23 12:30:00+02,10.84,11.32,11.15,11.10,,,,,,,,,,backtest
802251,2026-05-24 19:05:45.434859+02,2026-05-23 12:33:00+02,10.72,11.10,11.04,10.90,,,,,,,,,,backtest
802252,2026-05-24 19:05:45.434859+02,2026-05-23 12:36:00+02,10.61,10.97,10.84,10.80,,,,,,,,,,backtest
802253,2026-05-24 19:05:45.434859+02,2026-05-23 12:39:00+02,10.50,10.91,10.75,10.70,,,,,,,,,,backtest
802254,2026-05-24 19:05:45.434859+02,2026-05-23 12:42:00+02,10.39,10.89,10.84,10.70,,,,,,,,,,backtest
802255,2026-05-24 19:05:45.434859+02,2026-05-23 12:45:00+02,10.29,10.01,9.85,10.10,,,,,,,,,,backtest
802256,2026-05-24 19:05:45.434859+02,2026-05-23 12:48:00+02,10.19,8.21,8.36,9.00,,,,,,,,,,backtest
802257,2026-05-24 19:05:45.434859+02,2026-05-23 12:51:00+02,10.10,8.10,8.14,8.90,,,,,,,,,,backtest
802258,2026-05-24 19:05:45.434859+02,2026-05-23 12:54:00+02,10.01,7.49,7.55,8.50,,,,,,,,,,backtest
802259,2026-05-24 19:05:45.434859+02,2026-05-23 12:57:00+02,9.93,7.48,7.79,8.60,,,,,,,,,,backtest
802260,2026-05-24 19:05:45.434859+02,2026-05-23 13:00:00+02,9.85,7.57,7.75,8.50,,,,,,,,,,backtest
802261,2026-05-24 19:05:45.434859+02,2026-05-23 13:03:00+02,9.78,7.57,7.71,8.50,,,,,,,,,,backtest
802262,2026-05-24 19:05:45.434859+02,2026-05-23 13:06:00+02,9.72,7.52,7.70,8.50,,,,,,,,,,backtest
802263,2026-05-24 19:05:45.434859+02,2026-05-23 13:09:00+02,9.66,7.47,7.76,8.40,,,,,,,,,,backtest
802264,2026-05-24 19:05:45.434859+02,2026-05-23 13:12:00+02,9.60,8.26,8.62,8.90,,,,,,,,,,backtest
802265,2026-05-24 19:05:45.434859+02,2026-05-23 13:15:00+02,9.55,8.34,8.60,8.90,,,,,,,,,,backtest
802266,2026-05-24 19:05:45.434859+02,2026-05-23 13:18:00+02,9.51,8.23,8.56,8.80,,,,,,,,,,backtest
802267,2026-05-24 19:05:45.434859+02,2026-05-23 13:21:00+02,9.48,8.16,8.56,8.80,,,,,,,,,,backtest
802268,2026-05-24 19:05:45.434859+02,2026-05-23 13:24:00+02,9.45,11.65,11.72,10.80,,,,,,,,,,backtest
802269,2026-05-24 19:05:45.434859+02,2026-05-23 13:27:00+02,9.42,8.54,8.89,9.00,,,,,,,,,,backtest
802270,2026-05-24 19:05:45.434859+02,2026-05-23 13:30:00+02,9.41,11.29,11.42,10.60,,,,,,,,,,backtest
802271,2026-05-24 19:05:45.434859+02,2026-05-23 13:33:00+02,9.40,11.75,12.26,11.00,,,,,,,,,,backtest
802272,2026-05-24 19:05:45.434859+02,2026-05-23 13:36:00+02,9.40,11.59,11.85,10.80,,,,,,,,,,backtest
802273,2026-05-24 19:05:45.434859+02,2026-05-23 13:39:00+02,9.40,9.72,10.09,9.70,,,,,,,,,,backtest
802274,2026-05-24 19:05:45.434859+02,2026-05-23 13:42:00+02,9.41,9.56,9.98,9.60,,,,,,,,,,backtest
802275,2026-05-24 19:05:45.434859+02,2026-05-23 13:45:00+02,9.43,9.80,10.13,9.70,,,,,,,,,,backtest
802276,2026-05-24 19:05:45.434859+02,2026-05-23 13:48:00+02,9.45,9.96,10.11,9.80,,,,,,,,,,backtest
802277,2026-05-24 19:05:45.434859+02,2026-05-23 13:51:00+02,9.48,9.15,9.33,9.30,,,,,,,,,,backtest
802278,2026-05-24 19:05:45.434859+02,2026-05-23 13:54:00+02,9.52,9.06,9.18,9.30,,,,,,,,,,backtest
802279,2026-05-24 19:05:45.434859+02,2026-05-23 13:57:00+02,9.56,13.63,14.32,12.20,,,,,,,,,,backtest
802280,2026-05-24 19:05:45.434859+02,2026-05-23 14:00:00+02,9.61,16.71,16.41,13.80,,,,,,,,,,backtest
802281,2026-05-24 19:05:45.434859+02,2026-05-23 14:03:00+02,9.66,10.88,11.38,10.50,,,,,,,,,,backtest
802282,2026-05-24 19:05:45.434859+02,2026-05-23 14:06:00+02,9.72,15.64,16.03,13.40,,,,,,,,,,backtest
802283,2026-05-24 19:05:45.434859+02,2026-05-23 14:09:00+02,9.79,16.12,16.76,13.80,,,,,,,,,,backtest
802284,2026-05-24 19:05:45.434859+02,2026-05-23 14:12:00+02,9.86,18.86,18.69,15.20,,,,,,,,,,backtest
802285,2026-05-24 19:05:45.434859+02,2026-05-23 14:15:00+02,9.94,18.59,18.82,15.20,,,,,,,,,,backtest
802286,2026-05-24 19:05:45.434859+02,2026-05-23 14:18:00+02,10.02,20.39,20.70,16.30,,,,,,,,,,backtest
802287,2026-05-24 19:05:45.434859+02,2026-05-23 14:21:00+02,10.11,20.20,20.22,16.20,,,,,,,,,,backtest
802288,2026-05-24 19:05:45.434859+02,2026-05-23 14:24:00+02,10.20,16.21,16.71,14.00,,,,,,,,,,backtest
802289,2026-05-24 19:05:45.434859+02,2026-05-23 14:27:00+02,10.30,14.50,14.72,12.90,,,,,,,,,,backtest
802290,2026-05-24 19:05:45.434859+02,2026-05-23 14:30:00+02,10.40,14.04,14.26,12.70,,,,,,,,,,backtest
802291,2026-05-24 19:05:45.434859+02,2026-05-23 14:33:00+02,10.51,14.48,14.68,13.00,,,,,,,,,,backtest
802292,2026-05-24 19:05:45.434859+02,2026-05-23 14:36:00+02,10.62,13.78,13.88,12.50,,,,,,,,,,backtest
802293,2026-05-24 19:05:45.434859+02,2026-05-23 14:39:00+02,10.73,13.78,13.99,12.60,,,,,,,,,,backtest
802294,2026-05-24 19:05:45.434859+02,2026-05-23 14:42:00+02,10.85,13.81,14.26,12.80,,,,,,,,,,backtest
802295,2026-05-24 19:05:45.434859+02,2026-05-23 14:45:00+02,10.97,17.63,17.56,14.90,,,,,,,,,,backtest
802296,2026-05-24 19:05:45.434859+02,2026-05-23 14:48:00+02,11.09,13.75,14.44,12.90,,,,,,,,,,backtest
802297,2026-05-24 19:05:45.434859+02,2026-05-23 14:51:00+02,11.21,13.28,14.07,12.70,,,,,,,,,,backtest
802298,2026-05-24 19:05:45.434859+02,2026-05-23 14:54:00+02,11.34,13.45,14.48,12.90,,,,,,,,,,backtest
802299,2026-05-24 19:05:45.434859+02,2026-05-23 14:57:00+02,11.47,13.62,14.17,12.90,,,,,,,,,,backtest
802300,2026-05-24 19:05:45.434859+02,2026-05-23 15:00:00+02,11.60,13.66,14.29,13.00,,,,,,,,,,backtest
802301,2026-05-24 19:05:45.434859+02,2026-05-23 15:03:00+02,11.73,11.82,12.51,12.00,,,,,,,,,,backtest
802302,2026-05-24 19:05:45.434859+02,2026-05-23 15:06:00+02,11.86,11.70,12.31,11.90,,,,,,,,,,backtest
802303,2026-05-24 19:05:45.434859+02,2026-05-23 15:09:00+02,11.99,11.86,12.59,12.10,,,,,,,,,,backtest
802304,2026-05-24 19:05:45.434859+02,2026-05-23 15:12:00+02,12.12,6.85,6.66,8.90,,,,,,,,,,backtest
802305,2026-05-24 19:05:45.434859+02,2026-05-23 15:15:00+02,12.25,4.54,4.48,7.60,,,,,,,,,,backtest
802306,2026-05-24 19:05:45.434859+02,2026-05-23 15:18:00+02,12.38,4.74,5.30,8.00,,,,,,,,,,backtest
802307,2026-05-24 19:05:45.434859+02,2026-05-23 15:21:00+02,12.51,6.89,6.95,9.20,,,,,,,,,,backtest
802308,2026-05-24 19:05:45.434859+02,2026-05-23 15:24:00+02,12.64,9.84,9.79,10.90,,,,,,,,,,backtest
802309,2026-05-24 19:05:45.434859+02,2026-05-23 15:27:00+02,12.76,11.60,11.75,12.10,,,,,,,,,,backtest
802310,2026-05-24 19:05:45.434859+02,2026-05-23 15:30:00+02,12.89,11.20,11.66,12.00,,,,,,,,,,backtest
802311,2026-05-24 19:05:45.434859+02,2026-05-23 15:33:00+02,13.01,10.71,11.09,11.70,,,,,,,,,,backtest
802312,2026-05-24 19:05:45.434859+02,2026-05-23 15:36:00+02,13.13,10.54,11.08,11.70,,,,,,,,,,backtest
802313,2026-05-24 19:05:45.434859+02,2026-05-23 15:39:00+02,13.24,10.56,11.08,11.80,,,,,,,,,,backtest
802314,2026-05-24 19:05:45.434859+02,2026-05-23 15:42:00+02,13.36,10.64,11.27,11.90,,,,,,,,,,backtest
802315,2026-05-24 19:05:45.434859+02,2026-05-23 15:45:00+02,13.47,14.36,15.49,14.30,,,,,,,,,,backtest
802316,2026-05-24 19:05:45.434859+02,2026-05-23 15:48:00+02,13.57,16.40,17.13,15.50,,,,,,,,,,backtest
802317,2026-05-24 19:05:45.434859+02,2026-05-23 15:51:00+02,13.67,16.05,17.30,15.50,,,,,,,,,,backtest
802318,2026-05-24 19:05:45.434859+02,2026-05-23 15:54:00+02,13.77,15.72,16.96,15.30,,,,,,,,,,backtest
802319,2026-05-24 19:05:45.434859+02,2026-05-23 15:57:00+02,13.86,15.67,16.98,15.30,,,,,,,,,,backtest
802320,2026-05-24 19:05:45.434859+02,2026-05-23 16:00:00+02,13.94,15.76,16.80,15.30,,,,,,,,,,backtest
802321,2026-05-24 19:05:45.434859+02,2026-05-23 16:03:00+02,14.03,11.30,12.47,12.70,,,,,,,,,,backtest
802322,2026-05-24 19:05:45.434859+02,2026-05-23 16:06:00+02,14.10,11.18,12.22,12.70,,,,,,,,,,backtest
802323,2026-05-24 19:05:45.434859+02,2026-05-23 16:09:00+02,14.17,11.73,12.50,12.90,,,,,,,,,,backtest
802324,2026-05-24 19:05:45.434859+02,2026-05-23 16:12:00+02,14.23,10.25,10.16,11.80,,,,,,,,,,backtest
802325,2026-05-24 19:05:45.434859+02,2026-05-23 16:15:00+02,14.29,10.13,9.85,11.70,,,,,,,,,,backtest
802326,2026-05-24 19:05:45.434859+02,2026-05-23 16:18:00+02,14.34,10.26,10.21,11.90,,,,,,,,,,backtest
802327,2026-05-24 19:05:45.434859+02,2026-05-23 16:21:00+02,14.39,11.18,11.19,12.50,,,,,,,,,,backtest
802328,2026-05-24 19:05:45.434859+02,2026-05-23 16:24:00+02,14.42,11.20,11.42,12.60,,,,,,,,,,backtest
802329,2026-05-24 19:05:45.434859+02,2026-05-23 16:27:00+02,14.45,11.03,11.17,12.40,,,,,,,,,,backtest
802330,2026-05-24 19:05:45.434859+02,2026-05-23 16:30:00+02,14.48,10.92,11.15,12.40,,,,,,,,,,backtest
802331,2026-05-24 19:05:45.434859+02,2026-05-23 16:33:00+02,14.49,9.15,9.34,11.30,,,,,,,,,,backtest
802332,2026-05-24 19:05:45.434859+02,2026-05-23 16:36:00+02,14.50,7.27,7.11,10.10,,,,,,,,,,backtest
802333,2026-05-24 19:05:45.434859+02,2026-05-23 16:39:00+02,14.50,7.22,7.73,10.30,,,,,,,,,,backtest
802334,2026-05-24 19:05:45.434859+02,2026-05-23 16:42:00+02,14.50,7.52,8.33,10.60,,,,,,,,,,backtest
802335,2026-05-24 19:05:45.434859+02,2026-05-23 16:45:00+02,14.48,9.35,9.94,11.60,,,,,,,,,,backtest
802336,2026-05-24 19:05:45.434859+02,2026-05-23 16:48:00+02,14.46,10.38,10.83,12.10,,,,,,,,,,backtest
802337,2026-05-24 19:05:45.434859+02,2026-05-23 16:51:00+02,14.43,10.21,10.84,12.10,,,,,,,,,,backtest
802338,2026-05-24 19:05:45.434859+02,2026-05-23 16:54:00+02,14.40,9.94,10.38,11.90,,,,,,,,,,backtest
802339,2026-05-24 19:05:45.434859+02,2026-05-23 16:57:00+02,14.35,11.60,12.32,12.90,,,,,,,,,,backtest
802340,2026-05-24 19:05:45.434859+02,2026-05-23 17:00:00+02,14.30,11.73,12.02,12.80,,,,,,,,,,backtest
802341,2026-05-24 19:05:45.434859+02,2026-05-23 17:03:00+02,14.24,12.47,13.10,13.40,,,,,,,,,,backtest
802342,2026-05-24 19:05:45.434859+02,2026-05-23 17:06:00+02,14.18,12.45,13.11,13.30,,,,,,,,,,backtest
802343,2026-05-24 19:05:45.434859+02,2026-05-23 17:09:00+02,14.10,12.38,12.94,13.20,,,,,,,,,,backtest
802344,2026-05-24 19:05:45.434859+02,2026-05-23 17:12:00+02,14.02,17.13,17.46,16.00,,,,,,,,,,backtest
802345,2026-05-24 19:05:45.434859+02,2026-05-23 17:15:00+02,13.93,10.84,11.53,12.30,,,,,,,,,,backtest
802346,2026-05-24 19:05:45.434859+02,2026-05-23 17:18:00+02,13.84,10.06,10.81,11.80,,,,,,,,,,backtest
802347,2026-05-24 19:05:45.434859+02,2026-05-23 17:21:00+02,13.73,10.54,11.04,12.00,,,,,,,,,,backtest
802348,2026-05-24 19:05:45.434859+02,2026-05-23 17:24:00+02,13.62,10.92,11.05,12.00,,,,,,,,,,backtest
802349,2026-05-24 19:05:45.434859+02,2026-05-23 17:27:00+02,13.51,11.04,11.04,12.00,,,,,,,,,,backtest
802350,2026-05-24 19:05:45.434859+02,2026-05-23 17:30:00+02,13.39,15.65,15.72,14.80,,,,,,,,,,backtest
802351,2026-05-24 19:05:45.434859+02,2026-05-23 17:33:00+02,13.26,15.68,15.54,14.70,,,,,,,,,,backtest
802352,2026-05-24 19:05:45.434859+02,2026-05-23 17:36:00+02,13.12,14.25,14.26,13.80,,,,,,,,,,backtest
802353,2026-05-24 19:05:45.434859+02,2026-05-23 17:39:00+02,12.98,14.00,14.24,13.70,,,,,,,,,,backtest
802354,2026-05-24 19:05:45.434859+02,2026-05-23 17:42:00+02,12.83,14.09,14.40,13.70,,,,,,,,,,backtest
802355,2026-05-24 19:05:45.434859+02,2026-05-23 17:45:00+02,12.68,14.22,14.45,13.70,,,,,,,,,,backtest
802356,2026-05-24 19:05:45.434859+02,2026-05-23 17:48:00+02,12.52,14.30,14.42,13.60,,,,,,,,,,backtest
802357,2026-05-24 19:05:45.434859+02,2026-05-23 17:51:00+02,12.36,14.34,14.01,13.40,,,,,,,,,,backtest
802358,2026-05-24 19:05:45.434859+02,2026-05-23 17:54:00+02,12.19,15.30,15.52,14.10,,,,,,,,,,backtest
802359,2026-05-24 19:05:45.434859+02,2026-05-23 17:57:00+02,12.02,15.31,15.58,14.10,,,,,,,,,,backtest
802360,2026-05-24 19:05:45.434859+02,2026-05-23 18:00:00+02,11.84,14.29,13.81,13.20,,,,,,,,,,backtest
802361,2026-05-24 19:05:45.434859+02,2026-05-23 18:03:00+02,11.66,11.51,11.64,11.60,,,,,,,,,,backtest
802362,2026-05-24 19:05:45.434859+02,2026-05-23 18:06:00+02,11.47,15.24,15.25,13.70,,,,,,,,,,backtest
802363,2026-05-24 19:05:45.434859+02,2026-05-23 18:09:00+02,11.29,12.87,12.84,12.20,,,,,,,,,,backtest
802364,2026-05-24 19:05:45.434859+02,2026-05-23 18:12:00+02,11.09,12.56,12.11,11.80,,,,,,,,,,backtest
802365,2026-05-24 19:05:45.434859+02,2026-05-23 18:15:00+02,10.90,19.48,18.57,15.80,,,,,,,,,,backtest
802366,2026-05-24 19:05:45.434859+02,2026-05-23 18:18:00+02,10.70,19.27,15.21,14.60,,,,,,,,,,backtest
802367,2026-05-24 19:05:45.434859+02,2026-05-23 18:21:00+02,10.50,19.68,14.62,14.50,,,,,,,,,,backtest
802368,2026-05-24 19:05:45.434859+02,2026-05-23 18:24:00+02,10.30,19.33,14.64,14.30,,,,,,,,,,backtest
802369,2026-05-24 19:05:45.434859+02,2026-05-23 18:27:00+02,10.10,19.28,14.24,14.10,,,,,,,,,,backtest
802370,2026-05-24 19:05:45.434859+02,2026-05-23 18:30:00+02,9.90,15.45,11.02,11.90,,,,,,,,,,backtest
802371,2026-05-24 19:05:45.434859+02,2026-05-23 18:33:00+02,9.69,15.68,10.68,11.80,,,,,,,,,,backtest
802372,2026-05-24 19:05:45.434859+02,2026-05-23 18:36:00+02,9.49,16.15,11.14,12.00,,,,,,,,,,backtest
802373,2026-05-24 19:05:45.434859+02,2026-05-23 18:39:00+02,9.28,16.37,11.72,12.10,,,,,,,,,,backtest
802374,2026-05-24 19:05:45.434859+02,2026-05-23 18:42:00+02,9.07,22.49,17.18,15.50,,,,,,,,,,backtest
802375,2026-05-24 19:05:45.434859+02,2026-05-23 18:45:00+02,8.87,21.86,16.91,15.20,,,,,,,,,,backtest
802376,2026-05-24 19:05:45.434859+02,2026-05-23 18:48:00+02,8.66,21.37,16.45,14.80,,,,,,,,,,backtest
802377,2026-05-24 19:05:45.434859+02,2026-05-23 18:51:00+02,8.46,21.15,16.40,14.60,,,,,,,,,,backtest
802378,2026-05-24 19:05:45.434859+02,2026-05-23 18:54:00+02,8.26,17.17,13.25,12.40,,,,,,,,,,backtest
802379,2026-05-24 19:05:45.434859+02,2026-05-23 18:57:00+02,8.05,17.54,12.65,12.30,,,,,,,,,,backtest
802380,2026-05-24 19:05:45.434859+02,2026-05-23 19:00:00+02,7.85,22.11,18.53,15.30,,,,,,,,,,backtest
802381,2026-05-24 19:05:45.434859+02,2026-05-23 19:03:00+02,7.65,23.97,20.58,16.40,,,,,,,,,,backtest
802382,2026-05-24 19:05:45.434859+02,2026-05-23 19:06:00+02,7.46,23.40,20.29,16.10,,,,,,,,,,backtest
802383,2026-05-24 19:05:45.434859+02,2026-05-23 19:09:00+02,7.26,23.10,20.01,15.80,,,,,,,,,,backtest
802384,2026-05-24 19:05:45.434859+02,2026-05-23 19:12:00+02,7.07,17.93,13.24,12.20,,,,,,,,,,backtest
802385,2026-05-24 19:05:45.434859+02,2026-05-23 19:15:00+02,6.88,16.42,9.20,10.40,,,,,,,,,,backtest
802386,2026-05-24 19:05:45.434859+02,2026-05-23 19:18:00+02,6.70,10.53,6.29,7.70,,,,,,,,,,backtest
802387,2026-05-24 19:05:45.434859+02,2026-05-23 19:21:00+02,6.52,10.70,6.80,7.90,,,,,,,,,,backtest
802388,2026-05-24 19:05:45.434859+02,2026-05-23 19:24:00+02,6.34,11.51,7.55,8.30,,,,,,,,,,backtest
802389,2026-05-24 19:05:45.434859+02,2026-05-23 19:27:00+02,6.17,9.17,5.66,6.90,,,,,,,,,,backtest
802390,2026-05-24 19:05:45.434859+02,2026-05-23 19:30:00+02,6.00,8.81,4.97,6.50,,,,,,,,,,backtest
802391,2026-05-24 19:05:45.434859+02,2026-05-23 19:33:00+02,5.83,11.54,7.23,8.00,,,,,,,,,,backtest
802392,2026-05-24 19:05:45.434859+02,2026-05-23 19:36:00+02,5.67,16.38,8.26,9.70,,,,,,,,,,backtest
802393,2026-05-24 19:05:45.434859+02,2026-05-23 19:39:00+02,5.51,16.01,7.23,9.20,,,,,,,,,,backtest
802394,2026-05-24 19:05:45.434859+02,2026-05-23 19:42:00+02,5.36,16.22,7.41,9.20,,,,,,,,,,backtest
802395,2026-05-24 19:05:45.434859+02,2026-05-23 19:45:00+02,5.21,14.94,6.35,8.50,,,,,,,,,,backtest
802396,2026-05-24 19:05:45.434859+02,2026-05-23 19:48:00+02,5.07,14.85,5.41,8.10,,,,,,,,,,backtest
802397,2026-05-24 19:05:45.434859+02,2026-05-23 19:51:00+02,4.93,14.99,5.99,8.30,,,,,,,,,,backtest
802398,2026-05-24 19:05:45.434859+02,2026-05-23 19:54:00+02,4.80,15.12,5.93,8.20,,,,,,,,,,backtest
802399,2026-05-24 19:05:45.434859+02,2026-05-23 19:57:00+02,4.67,14.25,7.25,8.30,,,,,,,,,,backtest
802400,2026-05-24 19:05:45.434859+02,2026-05-23 20:00:00+02,4.54,14.28,10.03,9.10,,,,,,,,,,backtest
802401,2026-05-24 19:05:45.434859+02,2026-05-23 20:03:00+02,4.43,13.46,10.38,8.90,,,,,,,,,,backtest
802402,2026-05-24 19:05:45.434859+02,2026-05-23 20:06:00+02,4.32,13.49,10.42,8.90,,,,,,,,,,backtest
802403,2026-05-24 19:05:45.434859+02,2026-05-23 20:09:00+02,4.21,14.52,10.80,9.30,,,,,,,,,,backtest
802404,2026-05-24 19:05:45.434859+02,2026-05-23 20:12:00+02,4.11,13.64,10.64,8.90,,,,,,,,,,backtest
802405,2026-05-24 19:05:45.434859+02,2026-05-23 20:15:00+02,4.01,13.51,10.19,8.70,,,,,,,,,,backtest
802406,2026-05-24 19:05:45.434859+02,2026-05-24 08:30:00+02,7.64,2.98,0.28,4.00,,,,,,,,,,backtest
802407,2026-05-24 19:05:45.434859+02,2026-05-24 08:33:00+02,7.83,4.38,0.49,4.60,,,,,,,,,,backtest
802408,2026-05-24 19:05:45.434859+02,2026-05-24 08:36:00+02,8.02,5.42,0.80,5.10,,,,,,,,,,backtest
802409,2026-05-24 19:05:45.434859+02,2026-05-24 08:39:00+02,8.20,5.21,0.83,5.10,,,,,,,,,,backtest
802410,2026-05-24 19:05:45.434859+02,2026-05-24 08:42:00+02,8.39,4.44,0.96,5.00,,,,,,,,,,backtest
802411,2026-05-24 19:05:45.434859+02,2026-05-24 08:45:00+02,8.57,5.85,3.85,6.30,,,,,,,,,,backtest
802412,2026-05-24 19:05:45.434859+02,2026-05-24 08:48:00+02,8.75,4.85,4.33,6.30,,,,,,,,,,backtest
802413,2026-05-24 19:05:45.434859+02,2026-05-24 08:51:00+02,8.94,5.43,5.04,6.70,,,,,,,,,,backtest
802414,2026-05-24 19:05:45.434859+02,2026-05-24 08:57:00+02,9.29,5.40,5.29,6.90,,,,,,,,,,backtest
802415,2026-05-24 19:05:45.434859+02,2026-05-24 09:00:00+02,9.47,7.75,7.87,8.50,,,,,,,,,,backtest
802416,2026-05-24 19:05:45.434859+02,2026-05-24 09:03:00+02,9.64,8.95,9.01,9.20,,,,,,,,,,backtest
802417,2026-05-24 19:05:45.434859+02,2026-05-24 09:06:00+02,9.81,10.57,10.56,10.30,,,,,,,,,,backtest
802418,2026-05-24 19:05:45.434859+02,2026-05-24 09:09:00+02,9.98,13.22,13.93,12.10,,,,,,,,,,backtest
802419,2026-05-24 19:05:45.434859+02,2026-05-24 09:12:00+02,10.14,13.17,13.43,12.00,,,,,,,,,,backtest
802420,2026-05-24 19:05:45.434859+02,2026-05-24 09:15:00+02,10.30,12.89,12.85,11.80,,,,,,,,,,backtest
802421,2026-05-24 19:05:45.434859+02,2026-05-24 09:18:00+02,10.46,11.94,11.93,11.30,,,,,,,,,,backtest
802422,2026-05-24 19:05:45.434859+02,2026-05-24 09:21:00+02,10.61,12.01,11.85,11.40,,,,,,,,,,backtest
805162,2026-05-24 22:02:25.535707+02,2026-05-24 22:17:25.535707+02,3.84,,,,0.00,0.00,0.00,OK,,,,,pipeline_v2,ensemble
805173,2026-05-24 22:20:52.099018+02,2026-05-24 22:35:52.099018+02,4.12,,,,0.00,0.00,0.00,OK,,,,,pipeline_v2,ensemble
805183,2026-05-25 06:05:18.402692+02,2026-05-25 06:20:18.402692+02,7.74,,,,0.00,0.00,0.00,OK,,,,,pipeline_v2,ensemble
805193,2026-05-25 07:12:37.435996+02,2026-05-25 07:27:37.435996+02,7.42,,,,0.00,0.00,0.00,OK,,,,,pipeline_v2,ensemble
802716,2026-05-25 19:32:54.047937+02,2026-05-25 19:33:00+02,5.67,16.25,14.65,11.50,0.00,0.00,10.18,OK,18.89,0.00,0.00,0.00,,ensemble
850962,2026-05-26 16:38:13.438894+02,2026-05-26 16:39:00+02,22.11,11.66,7.31,14.50,0.00,0.00,19.21,OK,34.21,0.00,0.00,0.00,,ensemble
802713,2026-05-25 19:24:04.141115+02,2026-05-25 19:24:00+02,5.73,17.03,17.61,12.70,0.00,0.00,15.12,OK,22.66,0.00,0.00,0.00,,ensemble
802690,2026-05-25 18:14:46.461395+02,2026-05-25 18:15:00+02,6.63,14.74,12.12,10.70,0.00,0.00,11.85,OK,21.19,0.00,0.00,0.00,,ensemble
802714,2026-05-25 19:24:04.141115+02,2026-05-25 19:27:00+02,5.72,16.88,14.36,11.70,0.00,0.00,26.83,OK,26.19,0.00,0.00,0.00,,ensemble
850977,2026-05-26 17:24:13.095255+02,2026-05-26 17:24:00+02,19.89,11.28,13.48,15.40,0.00,0.00,33.30,OK,27.68,0.00,0.00,0.00,,ensemble
902071,2026-05-27 08:30:40.593734+02,2026-05-27 08:30:00+02,33.82,13.19,13.19,21.40,0.00,0.00,29.62,OK,31.41,0.00,0.00,0.00,,ensemble
902073,2026-05-27 08:35:18.106577+02,2026-05-27 08:36:00+02,34.24,12.38,12.38,21.10,0.00,0.00,35.20,OK,28.24,0.00,0.00,0.00,,ensemble
902076,2026-05-27 08:45:03.149897+02,2026-05-27 08:45:00+02,7.64,14.61,9.83,10.40,0.00,0.00,14.23,OK,33.15,0.00,0.00,0.00,,ensemble
850974,2026-05-26 17:15:01.093205+02,2026-05-26 17:15:00+02,18.11,21.86,17.01,18.90,0.00,0.00,35.93,OK,26.17,0.00,0.00,0.00,,ensemble
802715,2026-05-25 19:29:36.901344+02,2026-05-25 19:30:00+02,5.70,16.15,7.28,9.30,0.00,0.00,7.18,OK,21.88,0.00,0.00,0.00,,ensemble
850976,2026-05-26 17:20:31.815942+02,2026-05-26 17:21:00+02,20.24,12.18,3.21,12.70,0.00,0.00,21.14,OK,30.25,0.00,0.00,0.00,,ensemble
802712,2026-05-25 19:19:04.372505+02,2026-05-25 19:21:00+02,5.73,16.91,2.70,8.20,0.00,0.00,7.36,OK,17.07,0.00,0.00,0.00,,ensemble
802689,2026-05-25 18:11:15.371304+02,2026-05-25 18:12:00+02,6.79,14.48,9.03,9.80,0.00,0.00,7.52,OK,31.50,0.00,0.00,0.00,,ensemble
902074,2026-05-27 08:38:52.560895+02,2026-05-27 08:39:00+02,7.36,10.87,7.24,8.40,0.00,0.00,12.85,OK,31.60,0.00,0.00,0.00,,ensemble
850995,2026-05-26 18:18:03.679206+02,2026-05-26 18:18:00+02,17.50,29.21,23.11,22.70,0.00,0.00,36.85,OK,29.18,0.00,0.00,0.00,,ensemble
802711,2026-05-25 19:16:35.74561+02,2026-05-25 19:18:00+02,5.73,17.48,3.78,8.70,0.00,0.00,8.23,OK,16.96,0.00,0.00,0.00,,ensemble
850994,2026-05-26 18:11:24.562359+02,2026-05-26 18:15:00+02,15.06,25.38,13.72,17.80,0.00,0.00,35.17,OK,26.17,0.00,0.00,0.00,,ensemble
850975,2026-05-26 17:17:49.228488+02,2026-05-26 17:18:00+02,20.57,21.10,6.20,16.40,0.00,0.00,33.41,OK,29.18,0.00,0.00,0.00,,ensemble
902072,2026-05-27 08:32:32.744938+02,2026-05-27 08:33:00+02,34.03,16.61,12.79,22.40,0.00,0.00,29.34,OK,27.97,0.00,0.00,0.00,,ensemble
850996,2026-05-26 18:20:55.292164+02,2026-05-26 18:21:00+02,16.35,28.91,19.81,21.20,0.00,0.00,31.46,OK,30.25,0.00,0.00,0.00,,ensemble
850973,2026-05-26 17:12:00.601656+02,2026-05-26 17:12:00+02,20.21,19.17,21.92,20.40,0.00,0.00,32.14,OK,38.82,0.00,0.00,0.00,,ensemble
802423,2026-05-24 19:05:45.434859+02,2026-05-24 09:24:00+02,10.76,10.47,10.28,10.50,,,,,,,,,,backtest
802424,2026-05-24 19:05:45.434859+02,2026-05-24 09:27:00+02,10.90,12.30,12.35,11.80,,,,,,,,,,backtest
802425,2026-05-24 19:05:45.434859+02,2026-05-24 09:30:00+02,11.04,13.59,13.87,12.70,,,,,,,,,,backtest
802426,2026-05-24 19:05:45.434859+02,2026-05-24 09:33:00+02,11.17,13.57,13.45,12.60,,,,,,,,,,backtest
802427,2026-05-24 19:05:45.434859+02,2026-05-24 09:36:00+02,11.30,17.22,16.26,14.60,,,,,,,,,,backtest
802428,2026-05-24 19:05:45.434859+02,2026-05-24 09:39:00+02,11.42,17.09,16.31,14.60,,,,,,,,,,backtest
802429,2026-05-24 19:05:45.434859+02,2026-05-24 09:42:00+02,11.53,11.28,11.27,11.40,,,,,,,,,,backtest
802430,2026-05-24 19:05:45.434859+02,2026-05-24 09:45:00+02,11.64,10.91,11.09,11.30,,,,,,,,,,backtest
902075,2026-05-27 08:41:21.579841+02,2026-05-27 08:42:00+02,7.50,13.92,9.44,10.00,0.00,0.00,14.66,OK,31.50,0.00,0.00,0.00,,ensemble
805163,2026-05-24 22:03:19.790902+02,2026-05-24 22:18:19.790902+02,3.91,,,,0.00,0.00,0.00,OK,,,,,pipeline_v2,ensemble
805174,2026-05-24 22:21:21.754667+02,2026-05-24 22:36:21.754667+02,4.12,,,,0.00,0.00,0.00,OK,,,,,pipeline_v2,ensemble
805184,2026-05-25 06:14:19.743782+02,2026-05-25 06:29:19.743782+02,7.23,,,,0.00,0.00,0.00,OK,,,,,pipeline_v2,ensemble
805194,2026-05-25 07:14:09.397605+02,2026-05-25 07:29:09.397605+02,7.42,,,,0.00,0.00,0.00,OK,,,,,pipeline_v2,ensemble
902079,2026-05-27 08:54:07.420511+02,2026-05-27 08:54:00+02,8.06,11.62,7.14,8.90,0.00,0.00,10.56,OK,24.80,0.00,0.00,0.00,,ensemble
850916,2026-05-26 14:20:43.618472+02,2026-05-26 14:21:00+02,13.41,9.50,7.30,10.40,0.00,0.00,13.56,OK,28.79,0.00,0.00,0.00,,ensemble
850951,2026-05-26 16:04:43.299169+02,2026-05-26 16:06:00+02,20.39,14.80,6.03,14.40,0.00,0.00,18.43,OK,26.15,0.00,0.00,0.00,,ensemble
850950,2026-05-26 16:01:51.263913+02,2026-05-26 16:03:00+02,20.17,13.48,14.10,16.30,1.21,0.00,24.11,OK,28.85,0.00,0.00,0.00,,ensemble
850914,2026-05-26 14:14:39.17981+02,2026-05-26 14:15:00+02,20.68,9.44,5.51,12.80,0.00,0.00,20.27,OK,24.75,0.00,0.00,0.00,,ensemble
850913,2026-05-26 14:11:33.911274+02,2026-05-26 14:12:00+02,20.48,9.67,5.65,12.80,0.00,0.00,16.55,OK,45.59,0.00,0.00,0.00,,ensemble
850917,2026-05-26 14:23:21.268098+02,2026-05-26 14:24:00+02,19.06,9.06,4.28,11.60,0.00,0.00,16.67,OK,25.13,0.00,0.00,0.00,,ensemble
902088,2026-05-27 09:20:46.866831+02,2026-05-27 09:21:00+02,10.88,8.40,6.72,8.90,0.00,0.00,9.80,OK,33.44,0.00,0.00,0.00,,ensemble
902090,2026-05-27 09:27:40.33583+02,2026-05-27 09:27:00+02,14.92,9.39,4.34,10.10,0.00,0.00,21.15,OK,27.80,0.00,0.00,0.00,,ensemble
850905,2026-05-26 13:48:37.256399+02,2026-05-26 13:48:00+02,20.13,18.94,12.08,17.40,0.00,0.00,26.52,OK,27.02,0.00,0.00,0.00,,ensemble
902091,2026-05-27 09:28:52.925011+02,2026-05-27 09:30:00+02,12.63,5.85,5.85,8.60,0.00,0.00,10.06,OK,27.70,0.00,0.00,0.00,,ensemble
851003,2026-05-26 18:39:49.82022+02,2026-05-26 18:42:00+02,16.17,25.05,3.28,15.00,0.00,0.00,22.00,OK,40.14,0.00,0.00,0.00,,ensemble
850915,2026-05-26 14:17:26.297144+02,2026-05-26 14:18:00+02,20.90,9.94,10.39,14.50,0.00,0.00,23.62,OK,28.28,0.00,0.00,0.00,,ensemble
902087,2026-05-27 09:17:06.387642+02,2026-05-27 09:18:00+02,10.76,9.35,7.47,9.40,0.00,0.00,11.92,OK,28.09,0.00,0.00,0.00,,ensemble
902086,2026-05-27 09:14:28.124839+02,2026-05-27 09:15:00+02,10.64,8.92,4.13,8.20,0.00,0.00,9.34,OK,27.23,0.00,0.00,0.00,,ensemble
851004,2026-05-26 18:43:43.092068+02,2026-05-26 18:45:00+02,16.10,23.03,6.74,15.40,0.00,0.00,22.40,OK,39.95,0.00,0.00,0.00,,ensemble
850985,2026-05-26 17:47:30.840964+02,2026-05-26 17:48:00+02,16.39,16.67,12.59,15.30,0.00,0.00,18.52,OK,30.34,0.00,0.00,0.00,,ensemble
902083,2026-05-27 09:06:31.771343+02,2026-05-27 09:06:00+02,9.35,8.51,4.21,7.60,0.00,0.00,7.59,OK,24.08,0.00,0.00,0.00,,ensemble
851005,2026-05-26 18:45:26.718236+02,2026-05-26 18:48:00+02,16.04,23.03,10.65,16.50,0.00,0.00,20.07,OK,30.34,0.00,0.00,0.00,,ensemble
850912,2026-05-26 14:08:56.338925+02,2026-05-26 14:09:00+02,20.29,9.92,3.49,12.10,0.00,0.00,18.98,OK,28.96,0.00,0.00,0.00,,ensemble
850911,2026-05-26 14:05:54.203583+02,2026-05-26 14:06:00+02,20.11,13.30,5.60,13.70,0.00,0.00,17.65,OK,28.09,0.00,0.00,0.00,,ensemble
850984,2026-05-26 17:43:13.299797+02,2026-05-26 17:45:00+02,16.77,14.80,10.06,14.20,0.00,0.00,20.16,OK,39.95,0.00,0.00,0.00,,ensemble
850910,2026-05-26 14:03:06.882728+02,2026-05-26 14:03:00+02,20.65,13.30,5.89,14.00,0.00,0.00,20.13,OK,30.29,0.00,0.00,0.00,,ensemble
850986,2026-05-26 17:48:47.215234+02,2026-05-26 17:51:00+02,15.96,24.88,2.39,14.60,0.00,0.00,19.44,OK,28.22,0.00,0.00,0.00,,ensemble
902081,2026-05-27 09:00:20.256607+02,2026-05-27 09:00:00+02,9.07,8.60,16.13,11.00,0.00,0.00,18.29,OK,28.82,0.00,0.00,0.00,,ensemble
902080,2026-05-27 08:57:28.301213+02,2026-05-27 08:57:00+02,8.93,10.18,7.40,8.80,0.28,0.00,12.00,OK,25.23,0.00,0.00,0.00,,ensemble
902078,2026-05-27 08:51:23.043631+02,2026-05-27 08:51:00+02,7.92,10.98,6.78,8.50,0.00,0.00,9.98,OK,26.21,0.00,0.00,0.00,,ensemble
902077,2026-05-27 08:47:30.123247+02,2026-05-27 08:48:00+02,7.78,12.56,8.13,9.30,0.00,0.00,10.93,OK,26.44,0.00,0.00,0.00,,ensemble
850906,2026-05-26 13:51:13.341298+02,2026-05-26 13:51:00+02,20.09,16.81,9.21,15.80,0.00,0.00,19.67,OK,26.02,0.00,0.00,0.00,,ensemble
850987,2026-05-26 17:53:20.834819+02,2026-05-26 17:54:00+02,15.54,24.23,14.74,17.90,0.67,0.00,25.68,OK,30.26,0.00,0.00,0.00,,ensemble
850949,2026-05-26 15:58:54.965+02,2026-05-26 16:00:00+02,19.94,11.73,9.63,14.40,0.00,0.00,28.31,OK,28.95,0.00,0.00,0.00,,ensemble
851002,2026-05-26 18:39:01.343451+02,2026-05-26 18:39:00+02,16.26,25.23,21.20,20.40,0.00,0.00,27.68,OK,29.41,0.00,0.00,0.00,,ensemble
850908,2026-05-26 13:57:09.623725+02,2026-05-26 13:57:00+02,20.34,14.32,11.30,15.80,0.00,0.00,39.51,OK,26.76,0.00,0.00,0.00,,ensemble
850909,2026-05-26 14:00:04.335845+02,2026-05-26 14:00:00+02,20.49,14.02,11.23,15.80,0.00,0.00,30.86,OK,31.93,0.00,0.00,0.00,,ensemble
850907,2026-05-26 13:54:19.415888+02,2026-05-26 13:54:00+02,20.21,15.73,13.50,16.90,0.00,0.00,30.37,OK,32.75,0.00,0.00,0.00,,ensemble
850918,2026-05-26 14:26:37.009698+02,2026-05-26 14:27:00+02,19.27,8.93,5.05,11.90,0.00,0.00,27.18,OK,28.63,0.00,0.00,0.00,,ensemble
902085,2026-05-27 09:11:23.420433+02,2026-05-27 09:12:00+02,12.53,8.77,10.04,10.70,0.00,0.00,12.89,OK,44.65,0.00,0.00,0.00,,ensemble
902089,2026-05-27 09:22:36.100583+02,2026-05-27 09:24:00+02,10.98,8.57,3.71,8.10,0.00,0.00,9.57,OK,24.61,0.00,0.00,0.00,,ensemble
902084,2026-05-27 09:08:27.557063+02,2026-05-27 09:09:00+02,9.49,8.99,4.45,7.80,0.00,0.00,6.84,OK,27.06,0.00,0.00,0.00,,ensemble
902082,2026-05-27 09:03:40.838056+02,2026-05-27 09:03:00+02,9.22,9.95,19.81,12.60,0.00,0.00,15.98,OK,30.64,0.00,0.00,0.00,,ensemble
805164,2026-05-24 22:03:30.877884+02,2026-05-24 22:18:30.877884+02,3.91,,,,0.00,0.00,0.00,OK,,,,,pipeline_v2,ensemble
805175,2026-05-24 22:35:34.824354+02,2026-05-24 22:50:34.824354+02,4.98,,,,0.00,0.00,0.00,OK,,,,,pipeline_v2,ensemble
805185,2026-05-25 06:19:59.246778+02,2026-05-25 06:34:59.246778+02,8.04,,,,0.00,0.00,0.00,OK,,,,,pipeline_v2,ensemble
805195,2026-05-25 07:15:06.809559+02,2026-05-25 07:30:06.809559+02,7.71,,,,0.00,0.00,0.00,OK,,,,,pipeline_v2,ensemble
802701,2026-05-25 18:48:02.00505+02,2026-05-25 18:48:00+02,5.66,14.57,15.04,11.10,0.00,0.00,12.59,OK,23.75,0.00,0.00,0.00,,ensemble
850806,2026-05-26 08:50:49.885897+02,2026-05-26 08:51:00+02,12.28,11.48,7.14,10.50,0.00,0.00,13.59,OK,23.89,0.00,0.00,0.00,,ensemble
850808,2026-05-26 08:57:05.861534+02,2026-05-26 08:57:00+02,13.74,10.48,9.78,11.60,0.00,0.00,23.43,OK,25.41,0.00,0.00,0.00,,ensemble
850814,2026-05-26 09:12:59.461424+02,2026-05-26 09:15:00+02,17.73,11.08,5.16,12.00,0.00,0.00,17.80,OK,24.28,0.00,0.00,0.00,,ensemble
802694,2026-05-25 18:26:09.12994+02,2026-05-25 18:27:00+02,6.08,14.27,7.02,8.80,0.00,0.00,14.17,OK,17.11,0.00,0.00,0.00,,ensemble
802700,2026-05-25 18:45:00.711366+02,2026-05-25 18:45:00+02,5.68,15.23,2.90,7.70,0.00,0.00,7.64,OK,19.49,0.00,0.00,0.00,,ensemble
850820,2026-05-26 09:32:53.884096+02,2026-05-26 09:33:00+02,20.24,7.20,5.60,11.90,0.00,0.00,17.62,OK,26.27,0.00,0.00,0.00,,ensemble
902092,2026-05-27 09:33:31.652652+02,2026-05-27 09:33:00+02,12.71,5.85,2.70,7.60,0.00,0.00,8.45,OK,23.36,0.00,0.00,0.00,,ensemble
802693,2026-05-25 18:22:26.596774+02,2026-05-25 18:24:00+02,6.20,14.81,5.05,8.40,0.30,0.00,7.95,OK,14.82,0.00,0.00,0.00,,ensemble
802691,2026-05-25 18:16:51.254159+02,2026-05-25 18:18:00+02,6.47,14.98,4.67,8.50,0.00,0.00,7.85,OK,15.40,0.00,0.00,0.00,,ensemble
850819,2026-05-26 09:30:15.660243+02,2026-05-26 09:30:00+02,19.96,7.20,11.39,13.60,0.00,0.00,17.37,OK,36.58,0.00,0.00,0.00,,ensemble
802699,2026-05-25 18:40:38.483509+02,2026-05-25 18:42:00+02,5.72,17.17,4.15,8.70,0.00,0.00,7.87,OK,33.01,0.00,0.00,0.00,,ensemble
850818,2026-05-26 09:25:14.436125+02,2026-05-26 09:27:00+02,19.62,10.53,5.87,12.80,0.00,0.00,31.41,OK,28.77,0.00,0.00,0.00,,ensemble
802695,2026-05-25 18:27:53.483999+02,2026-05-25 18:30:00+02,5.98,14.34,4.66,8.10,0.00,0.00,5.38,OK,17.69,0.00,0.00,0.00,,ensemble
850989,2026-05-26 18:00:09.835528+02,2026-05-26 18:00:00+02,14.71,26.74,24.38,21.20,0.00,0.00,39.95,OK,35.17,0.00,0.00,0.00,,ensemble
802707,2026-05-25 19:05:37.184785+02,2026-05-25 19:06:00+02,5.68,16.74,12.83,11.10,0.00,0.00,8.50,OK,20.39,0.00,0.00,0.00,,ensemble
802698,2026-05-25 18:37:22.853669+02,2026-05-25 18:39:00+02,5.77,15.65,9.83,9.90,0.00,0.00,8.52,OK,23.76,0.00,0.00,0.00,,ensemble
802692,2026-05-25 18:20:26.462247+02,2026-05-25 18:21:00+02,6.33,14.69,5.50,8.60,0.00,0.00,8.05,OK,16.94,0.00,0.00,0.00,,ensemble
802704,2026-05-25 18:56:27.974547+02,2026-05-25 18:57:00+02,5.65,16.61,14.14,11.50,0.00,0.00,17.61,OK,16.90,0.00,0.00,0.00,,ensemble
802708,2026-05-25 19:07:14.940239+02,2026-05-25 19:09:00+02,5.70,16.72,3.64,8.40,0.00,0.00,6.77,OK,16.61,0.00,0.00,0.00,,ensemble
850812,2026-05-26 09:09:30.77141+02,2026-05-26 09:09:00+02,16.51,8.65,8.62,11.80,0.00,0.00,17.13,OK,27.27,0.00,0.00,0.00,,ensemble
850813,2026-05-26 09:09:30.77141+02,2026-05-26 09:12:00+02,17.14,8.86,8.78,12.10,0.00,0.00,20.37,OK,51.10,0.00,0.00,0.00,,ensemble
802696,2026-05-25 18:32:25.897978+02,2026-05-25 18:33:00+02,5.90,15.16,8.78,9.50,0.00,0.00,8.88,OK,18.00,0.00,0.00,0.00,,ensemble
902094,2026-05-27 09:39:29.247956+02,2026-05-27 09:39:00+02,12.83,5.85,16.97,12.00,0.00,0.00,14.96,OK,28.67,0.00,0.00,0.00,,ensemble
802702,2026-05-25 18:50:31.241255+02,2026-05-25 18:51:00+02,5.65,13.82,10.02,9.40,0.00,0.00,7.97,OK,16.27,0.00,0.00,0.00,,ensemble
802703,2026-05-25 18:50:31.241255+02,2026-05-25 18:54:00+02,5.64,13.51,8.25,8.80,0.00,0.00,13.90,OK,22.30,0.00,0.00,0.00,,ensemble
802709,2026-05-25 19:12:03.955347+02,2026-05-25 19:12:00+02,5.71,17.86,16.39,12.60,0.00,0.00,10.98,OK,39.04,0.00,0.00,0.00,,ensemble
802705,2026-05-25 18:59:57.463231+02,2026-05-25 19:00:00+02,5.65,17.18,8.02,9.80,0.00,0.00,13.60,OK,20.43,0.00,0.00,0.00,,ensemble
850809,2026-05-26 09:00:41.228409+02,2026-05-26 09:00:00+02,14.46,8.16,5.80,10.00,0.00,0.00,16.88,OK,30.45,0.00,0.00,0.00,,ensemble
802710,2026-05-25 19:12:58.553423+02,2026-05-25 19:15:00+02,5.72,18.04,4.15,8.90,0.00,0.00,7.79,OK,15.48,0.00,0.00,0.00,,ensemble
802706,2026-05-25 19:01:35.935549+02,2026-05-25 19:03:00+02,5.67,16.37,3.56,8.20,0.00,0.00,7.37,OK,18.80,0.00,0.00,0.00,,ensemble
850807,2026-05-26 08:54:10.90302+02,2026-05-26 08:54:00+02,13.01,10.67,9.19,11.20,0.00,0.00,19.12,OK,29.67,0.00,0.00,0.00,,ensemble
850805,2026-05-26 08:48:14.375151+02,2026-05-26 08:48:00+02,11.54,11.03,6.75,10.00,0.00,0.00,15.86,OK,24.80,0.00,0.00,0.00,,ensemble
850810,2026-05-26 09:03:20.124687+02,2026-05-26 09:03:00+02,15.17,10.62,5.45,10.90,0.00,0.00,12.69,OK,28.64,0.00,0.00,0.00,,ensemble
802697,2026-05-25 18:33:38.572867+02,2026-05-25 18:36:00+02,5.82,14.85,4.27,8.10,0.00,0.00,5.98,OK,12.72,0.00,0.00,0.00,,ensemble
850811,2026-05-26 09:03:20.124687+02,2026-05-26 09:06:00+02,15.85,9.94,4.76,10.70,0.00,0.00,15.91,OK,25.72,0.00,0.00,0.00,,ensemble
902093,2026-05-27 09:35:02.659295+02,2026-05-27 09:36:00+02,12.78,5.85,4.08,8.10,0.00,0.00,10.81,OK,26.27,0.00,0.00,0.00,,ensemble
850990,2026-05-26 18:02:22.706073+02,2026-05-26 18:03:00+02,15.35,28.30,10.91,17.90,0.00,0.00,29.16,OK,36.85,0.00,0.00,0.00,,ensemble
902097,2026-05-27 09:48:25.635626+02,2026-05-27 09:48:00+02,14.22,5.85,9.89,10.40,0.00,0.00,12.19,OK,25.35,0.00,0.00,0.00,,ensemble
850821,2026-05-26 09:34:24.784487+02,2026-05-26 09:36:00+02,20.46,7.20,5.63,12.00,0.00,0.00,17.73,OK,21.78,0.00,0.00,0.00,,ensemble
850991,2026-05-26 18:05:48.330919+02,2026-05-26 18:06:00+02,16.03,20.38,20.47,18.70,0.00,0.00,27.08,OK,31.46,0.00,0.00,0.00,,ensemble
850816,2026-05-26 09:19:19.218704+02,2026-05-26 09:21:00+02,18.78,9.33,4.00,11.50,0.00,0.00,14.53,OK,30.91,0.00,0.00,0.00,,ensemble
850817,2026-05-26 09:22:08.417568+02,2026-05-26 09:24:00+02,19.23,9.54,6.99,12.60,0.00,0.00,17.01,OK,25.73,0.00,0.00,0.00,,ensemble
902095,2026-05-27 09:41:10.402051+02,2026-05-27 09:42:00+02,12.86,5.85,3.20,7.90,0.00,0.00,7.88,OK,27.64,0.00,0.00,0.00,,ensemble
902096,2026-05-27 09:43:55.570033+02,2026-05-27 09:45:00+02,12.86,5.85,4.24,8.20,0.00,0.00,8.31,OK,31.82,0.00,0.00,0.00,,ensemble
850815,2026-05-26 09:16:55.035344+02,2026-05-26 09:18:00+02,18.27,12.65,6.23,13.00,0.00,0.00,18.44,OK,29.03,0.00,0.00,0.00,,ensemble
805165,2026-05-24 22:04:07.228585+02,2026-05-24 22:19:07.228585+02,3.91,,,,0.00,0.00,0.00,OK,,,,,pipeline_v2,ensemble
805176,2026-05-24 22:37:36.521785+02,2026-05-24 22:52:36.521785+02,3.84,,,,0.00,0.00,0.00,OK,,,,,pipeline_v2,ensemble
805186,2026-05-25 06:25:04.703882+02,2026-05-25 06:40:04.703882+02,7.69,,,,0.00,0.00,0.00,OK,,,,,pipeline_v2,ensemble
805196,2026-05-25 07:16:02.125288+02,2026-05-25 07:31:02.125288+02,7.71,,,,0.00,0.00,0.00,OK,,,,,pipeline_v2,ensemble
802660,2026-05-25 16:43:59.415578+02,2026-05-25 16:45:00+02,15.61,14.21,14.40,14.80,0.00,0.00,22.49,OK,42.97,0.00,0.00,0.00,,ensemble
802655,2026-05-25 16:28:21.081088+02,2026-05-25 16:30:00+02,15.42,10.29,4.05,10.50,0.00,0.00,10.25,OK,29.18,0.00,0.00,0.00,,ensemble
902105,2026-05-27 10:11:21.426633+02,2026-05-27 10:12:00+02,15.49,5.85,3.44,9.00,0.00,0.00,7.50,OK,41.88,0.00,0.00,0.00,,ensemble
802652,2026-05-25 16:20:35.507699+02,2026-05-25 16:21:00+02,15.12,13.31,15.64,14.70,0.00,0.00,17.30,OK,25.48,0.00,0.00,0.00,,ensemble
802653,2026-05-25 16:20:35.507699+02,2026-05-25 16:24:00+02,15.24,13.07,14.43,14.30,0.00,0.00,23.11,OK,29.20,0.00,0.00,0.00,,ensemble
802648,2026-05-25 16:08:01.561184+02,2026-05-25 16:09:00+02,14.60,6.46,5.80,9.50,0.00,0.00,13.64,OK,23.79,0.00,0.00,0.00,,ensemble
902310,2026-05-27 20:23:58.053029+02,2026-05-27 20:27:00+02,4.58,7.01,0.00,3.90,0.00,,,OK,,0.00,0.00,0.00,,ensemble
802650,2026-05-25 16:14:52.966799+02,2026-05-25 16:15:00+02,14.88,10.84,11.36,12.60,0.00,0.00,19.30,OK,24.50,0.00,0.00,0.00,,ensemble
802651,2026-05-25 16:14:52.966799+02,2026-05-25 16:18:00+02,15.00,11.20,10.46,12.50,0.00,0.00,24.27,OK,26.27,0.00,0.00,0.00,,ensemble
802656,2026-05-25 16:31:54.338676+02,2026-05-25 16:33:00+02,15.49,10.21,4.11,10.50,0.00,0.00,11.37,OK,24.17,0.00,0.00,0.00,,ensemble
902108,2026-05-27 10:20:57.670695+02,2026-05-27 10:21:00+02,16.17,5.85,9.74,11.10,0.00,0.00,12.71,OK,34.18,0.00,0.00,0.00,,ensemble
851008,2026-05-26 18:56:58.963676+02,2026-05-26 18:57:00+02,16.03,22.60,10.04,16.20,0.00,0.00,33.10,OK,31.38,0.00,0.00,0.00,,ensemble
802654,2026-05-25 16:26:17.303504+02,2026-05-25 16:27:00+02,15.33,10.86,7.30,11.60,0.00,0.00,10.74,OK,26.99,0.00,0.00,0.00,,ensemble
802647,2026-05-25 16:03:37.068535+02,2026-05-25 16:06:00+02,14.46,10.93,3.57,10.10,0.00,0.00,11.57,OK,23.14,0.00,0.00,0.00,,ensemble
851006,2026-05-26 18:49:41.905437+02,2026-05-26 18:51:00+02,16.13,17.35,6.26,13.50,0.00,0.00,18.40,OK,28.22,0.00,0.00,0.00,,ensemble
851009,2026-05-26 18:56:58.963676+02,2026-05-26 19:00:00+02,15.99,21.31,5.51,14.40,0.00,0.00,39.95,OK,35.17,0.00,0.00,0.00,,ensemble
902272,2026-05-27 18:33:05.210944+02,2026-05-27 18:33:00+02,8.16,13.47,4.57,8.70,0.00,0.00,11.95,OK,22.04,0.00,0.00,0.00,,ensemble
902101,2026-05-27 09:59:45.754104+02,2026-05-27 10:00:00+02,19.03,5.85,5.67,11.10,0.00,0.00,16.94,OK,27.35,0.00,0.00,0.00,,ensemble
851001,2026-05-26 18:34:05.291505+02,2026-05-26 18:36:00+02,16.37,29.67,5.40,17.10,0.00,0.00,27.17,OK,27.65,0.00,0.00,0.00,,ensemble
851010,2026-05-26 19:02:32.37416+02,2026-05-26 19:03:00+02,15.96,17.45,7.97,14.00,0.00,0.00,21.35,OK,36.85,0.00,0.00,0.00,,ensemble
851007,2026-05-26 18:51:19.622729+02,2026-05-26 18:54:00+02,16.07,19.06,15.73,16.90,0.00,0.00,23.55,OK,30.26,0.00,0.00,0.00,,ensemble
850822,2026-05-26 09:37:19.813933+02,2026-05-26 09:39:00+02,20.62,7.20,4.91,11.90,0.00,0.00,14.55,OK,29.36,0.00,0.00,0.00,,ensemble
802657,2026-05-25 16:36:17.115132+02,2026-05-25 16:36:00+02,15.55,7.53,5.08,10.00,0.00,0.00,10.72,OK,30.46,0.00,0.00,0.00,,ensemble
802649,2026-05-25 16:09:22.547662+02,2026-05-25 16:12:00+02,14.74,7.60,9.57,11.00,0.00,0.00,12.79,OK,22.11,0.00,0.00,0.00,,ensemble
802658,2026-05-25 16:37:32.39614+02,2026-05-25 16:39:00+02,15.59,6.61,5.84,10.00,0.00,0.00,13.00,OK,27.54,0.00,0.00,0.00,,ensemble
851000,2026-05-26 18:32:08.824959+02,2026-05-26 18:33:00+02,15.58,26.68,16.45,19.20,0.00,0.00,29.18,OK,24.76,0.00,0.00,0.00,,ensemble
802646,2026-05-25 16:02:19.540378+02,2026-05-25 16:03:00+02,14.31,10.93,3.04,9.90,0.00,0.00,14.81,OK,29.24,0.00,0.00,0.00,,ensemble
802659,2026-05-25 16:42:03.295424+02,2026-05-25 16:42:00+02,15.61,11.59,15.89,14.50,0.00,0.00,19.86,OK,39.32,0.00,0.00,0.00,,ensemble
902098,2026-05-27 09:49:54.521656+02,2026-05-27 09:51:00+02,14.19,5.85,6.85,9.50,0.00,0.00,10.42,OK,26.03,0.00,0.00,0.00,,ensemble
902103,2026-05-27 10:05:52.023507+02,2026-05-27 10:06:00+02,15.78,5.85,6.25,9.90,0.00,0.00,10.53,OK,25.54,0.00,0.00,0.00,,ensemble
902106,2026-05-27 10:14:17.418976+02,2026-05-27 10:15:00+02,15.31,5.85,7.74,10.20,0.00,0.00,11.40,OK,28.07,0.00,0.00,0.00,,ensemble
902104,2026-05-27 10:08:15.686454+02,2026-05-27 10:09:00+02,15.64,5.85,9.56,10.90,0.00,0.00,11.31,OK,28.59,0.00,0.00,0.00,,ensemble
902102,2026-05-27 10:02:10.288721+02,2026-05-27 10:03:00+02,15.89,5.85,6.04,9.90,0.00,0.00,10.74,OK,29.17,0.00,0.00,0.00,,ensemble
902109,2026-05-27 10:23:48.092537+02,2026-05-27 10:24:00+02,15.96,5.85,3.92,9.30,0.00,0.00,10.21,OK,27.32,0.00,0.00,0.00,,ensemble
902107,2026-05-27 10:17:35.54866+02,2026-05-27 10:18:00+02,16.38,5.85,10.05,11.30,0.00,0.00,14.93,OK,29.34,0.00,0.00,0.00,,ensemble
902100,2026-05-27 09:56:02.070649+02,2026-05-27 09:57:00+02,14.09,5.85,5.37,9.00,0.00,0.00,10.10,OK,21.90,0.00,0.00,0.00,,ensemble
902099,2026-05-27 09:53:16.0215+02,2026-05-27 09:54:00+02,14.15,5.85,9.96,10.40,0.00,0.00,13.41,OK,24.93,0.00,0.00,0.00,,ensemble
805166,2026-05-24 22:05:45.486492+02,2026-05-24 22:20:45.486492+02,3.91,,,,0.00,0.00,0.00,OK,,,,,pipeline_v2,ensemble
805177,2026-05-24 22:42:02.30259+02,2026-05-24 22:57:02.30259+02,4.24,,,,0.00,0.00,0.00,OK,,,,,pipeline_v2,ensemble
805187,2026-05-25 06:31:38.109207+02,2026-05-25 06:46:38.109207+02,7.45,,,,0.00,0.00,0.00,OK,,,,,pipeline_v2,ensemble
805197,2026-05-25 07:17:03.093137+02,2026-05-25 07:32:03.093137+02,7.71,,,,0.00,0.00,0.00,OK,,,,,pipeline_v2,ensemble
802431,2026-05-24 19:05:45.434859+02,2026-05-24 09:48:00+02,11.75,14.33,14.73,13.40,,,,,,,,,,backtest
802432,2026-05-24 19:05:45.434859+02,2026-05-24 09:51:00+02,11.84,12.93,12.40,12.30,,,,,,,,,,backtest
802433,2026-05-24 19:05:45.434859+02,2026-05-24 09:54:00+02,11.93,14.52,14.01,13.30,,,,,,,,,,backtest
802434,2026-05-24 19:05:45.434859+02,2026-05-24 09:57:00+02,12.02,18.43,18.09,15.80,,,,,,,,,,backtest
802435,2026-05-24 19:05:45.434859+02,2026-05-24 10:00:00+02,12.09,23.22,22.54,18.60,,,,,,,,,,backtest
802436,2026-05-24 19:05:45.434859+02,2026-05-24 10:03:00+02,12.16,22.28,22.19,18.20,,,,,,,,,,backtest
802437,2026-05-24 19:05:45.434859+02,2026-05-24 10:06:00+02,12.23,21.79,21.34,17.80,,,,,,,,,,backtest
802438,2026-05-24 19:05:45.434859+02,2026-05-24 10:09:00+02,12.28,15.74,16.96,14.70,,,,,,,,,,backtest
802439,2026-05-24 19:05:45.434859+02,2026-05-24 10:12:00+02,12.33,16.18,16.84,14.80,,,,,,,,,,backtest
802440,2026-05-24 19:05:45.434859+02,2026-05-24 10:15:00+02,12.37,16.90,17.53,15.30,,,,,,,,,,backtest
802441,2026-05-24 19:05:45.434859+02,2026-05-24 10:18:00+02,12.41,17.26,17.43,15.40,,,,,,,,,,backtest
802442,2026-05-24 19:05:45.434859+02,2026-05-24 10:21:00+02,12.43,17.31,17.29,15.40,,,,,,,,,,backtest
802443,2026-05-24 19:05:45.434859+02,2026-05-24 10:24:00+02,12.45,18.25,17.99,15.90,,,,,,,,,,backtest
802444,2026-05-24 19:05:45.434859+02,2026-05-24 10:27:00+02,12.47,15.26,15.59,14.20,,,,,,,,,,backtest
802445,2026-05-24 19:05:45.434859+02,2026-05-24 10:30:00+02,12.47,15.18,15.50,14.20,,,,,,,,,,backtest
802446,2026-05-24 19:05:45.434859+02,2026-05-24 10:33:00+02,12.47,13.52,13.79,13.20,,,,,,,,,,backtest
802447,2026-05-24 19:05:45.434859+02,2026-05-24 10:36:00+02,12.46,10.88,11.35,11.70,,,,,,,,,,backtest
802448,2026-05-24 19:05:45.434859+02,2026-05-24 10:39:00+02,12.44,10.92,11.16,11.60,,,,,,,,,,backtest
802449,2026-05-24 19:05:45.434859+02,2026-05-24 10:42:00+02,12.42,12.17,12.24,12.30,,,,,,,,,,backtest
802450,2026-05-24 19:05:45.434859+02,2026-05-24 10:45:00+02,12.39,12.33,12.34,12.40,,,,,,,,,,backtest
802451,2026-05-24 19:05:45.434859+02,2026-05-24 10:48:00+02,12.36,15.90,16.15,14.60,,,,,,,,,,backtest
802452,2026-05-24 19:05:45.434859+02,2026-05-24 10:51:00+02,12.31,18.66,17.86,15.90,,,,,,,,,,backtest
802453,2026-05-24 19:05:45.434859+02,2026-05-24 10:54:00+02,12.26,19.07,18.68,16.20,,,,,,,,,,backtest
802454,2026-05-24 19:05:45.434859+02,2026-05-24 10:57:00+02,12.21,20.57,21.06,17.40,,,,,,,,,,backtest
802455,2026-05-24 19:05:45.434859+02,2026-05-24 11:00:00+02,12.15,20.21,20.36,17.00,,,,,,,,,,backtest
802456,2026-05-24 19:05:45.434859+02,2026-05-24 11:03:00+02,12.08,20.10,20.34,17.00,,,,,,,,,,backtest
802457,2026-05-24 19:05:45.434859+02,2026-05-24 11:06:00+02,12.01,20.16,20.65,17.00,,,,,,,,,,backtest
802458,2026-05-24 19:05:45.434859+02,2026-05-24 11:09:00+02,11.93,20.28,20.56,17.00,,,,,,,,,,backtest
802459,2026-05-24 19:05:45.434859+02,2026-05-24 11:12:00+02,11.84,16.43,17.35,14.90,,,,,,,,,,backtest
802460,2026-05-24 19:05:45.434859+02,2026-05-24 11:15:00+02,11.75,16.70,16.67,14.70,,,,,,,,,,backtest
802461,2026-05-24 19:05:45.434859+02,2026-05-24 11:18:00+02,11.66,17.12,17.45,15.00,,,,,,,,,,backtest
802462,2026-05-24 19:05:45.434859+02,2026-05-24 11:21:00+02,11.56,16.34,16.67,14.50,,,,,,,,,,backtest
802463,2026-05-24 19:05:45.434859+02,2026-05-24 11:24:00+02,11.46,16.37,16.48,14.40,,,,,,,,,,backtest
802464,2026-05-24 19:05:45.434859+02,2026-05-24 11:27:00+02,11.35,16.41,16.48,14.40,,,,,,,,,,backtest
802465,2026-05-24 19:05:45.434859+02,2026-05-24 11:30:00+02,11.24,16.40,16.72,14.40,,,,,,,,,,backtest
802466,2026-05-24 19:05:45.434859+02,2026-05-24 11:33:00+02,11.13,21.40,21.15,17.20,,,,,,,,,,backtest
802467,2026-05-24 19:05:45.434859+02,2026-05-24 11:36:00+02,11.01,20.94,21.16,17.00,,,,,,,,,,backtest
802468,2026-05-24 19:05:45.434859+02,2026-05-24 11:39:00+02,10.89,17.53,17.27,14.80,,,,,,,,,,backtest
802469,2026-05-24 19:05:45.434859+02,2026-05-24 11:42:00+02,10.77,18.53,17.15,15.00,,,,,,,,,,backtest
802470,2026-05-24 19:05:45.434859+02,2026-05-24 11:45:00+02,10.64,18.75,18.60,15.50,,,,,,,,,,backtest
802471,2026-05-24 19:05:45.434859+02,2026-05-24 11:48:00+02,10.52,18.85,17.96,15.30,,,,,,,,,,backtest
802472,2026-05-24 19:05:45.434859+02,2026-05-24 11:51:00+02,10.39,20.91,19.99,16.40,,,,,,,,,,backtest
802473,2026-05-24 19:05:45.434859+02,2026-05-24 11:54:00+02,10.26,26.05,23.26,18.90,,,,,,,,,,backtest
802474,2026-05-24 19:05:45.434859+02,2026-05-24 11:57:00+02,10.13,25.07,23.34,18.60,,,,,,,,,,backtest
802475,2026-05-24 19:05:45.434859+02,2026-05-24 12:00:00+02,10.00,24.74,26.60,19.40,,,,,,,,,,backtest
802476,2026-05-24 19:05:45.434859+02,2026-05-24 12:03:00+02,9.87,26.84,26.65,20.00,,,,,,,,,,backtest
802477,2026-05-24 19:05:45.434859+02,2026-05-24 12:06:00+02,9.74,26.52,26.12,19.70,,,,,,,,,,backtest
802478,2026-05-24 19:05:45.434859+02,2026-05-24 12:09:00+02,9.61,20.19,22.54,16.70,,,,,,,,,,backtest
802479,2026-05-24 19:05:45.434859+02,2026-05-24 12:12:00+02,9.48,20.02,21.36,16.20,,,,,,,,,,backtest
802480,2026-05-24 19:05:45.434859+02,2026-05-24 12:15:00+02,9.35,20.68,20.98,16.20,,,,,,,,,,backtest
802481,2026-05-24 19:05:45.434859+02,2026-05-24 12:18:00+02,9.23,21.03,20.64,16.20,,,,,,,,,,backtest
802482,2026-05-24 19:05:45.434859+02,2026-05-24 12:21:00+02,9.10,21.05,20.48,16.10,,,,,,,,,,backtest
802483,2026-05-24 19:05:45.434859+02,2026-05-24 12:24:00+02,8.98,20.97,20.21,15.90,,,,,,,,,,backtest
802484,2026-05-24 19:05:45.434859+02,2026-05-24 12:27:00+02,8.86,20.89,19.84,15.80,,,,,,,,,,backtest
802485,2026-05-24 19:05:45.434859+02,2026-05-24 12:30:00+02,8.74,16.84,16.04,13.40,,,,,,,,,,backtest
802486,2026-05-24 19:05:45.434859+02,2026-05-24 12:33:00+02,8.63,17.02,15.23,13.10,,,,,,,,,,backtest
802487,2026-05-24 19:05:45.434859+02,2026-05-24 12:36:00+02,8.52,17.37,17.07,13.70,,,,,,,,,,backtest
802488,2026-05-24 19:05:45.434859+02,2026-05-24 12:39:00+02,8.41,17.50,17.11,13.70,,,,,,,,,,backtest
802489,2026-05-24 19:05:45.434859+02,2026-05-24 12:42:00+02,8.31,22.58,21.41,16.50,,,,,,,,,,backtest
802490,2026-05-24 19:05:45.434859+02,2026-05-24 12:45:00+02,8.21,21.97,21.52,16.30,,,,,,,,,,backtest
802491,2026-05-24 19:05:45.434859+02,2026-05-24 12:48:00+02,8.12,20.49,19.95,15.40,,,,,,,,,,backtest
802492,2026-05-24 19:05:45.434859+02,2026-05-24 12:51:00+02,8.03,15.45,16.55,12.80,,,,,,,,,,backtest
802493,2026-05-24 19:05:45.434859+02,2026-05-24 12:54:00+02,7.94,9.31,9.65,8.90,,,,,,,,,,backtest
802494,2026-05-24 19:05:45.434859+02,2026-05-24 12:57:00+02,7.86,9.51,9.95,9.00,,,,,,,,,,backtest
902204,2026-05-27 15:07:09.544455+02,2026-05-27 15:09:00+02,10.52,9.60,5.06,8.60,0.00,0.00,8.74,OK,27.06,0.00,0.00,0.00,,ensemble
902241,2026-05-27 16:59:26.695245+02,2026-05-27 17:00:00+02,18.46,7.43,5.05,11.10,0.00,0.00,18.03,OK,28.75,0.00,0.00,0.00,,ensemble
902202,2026-05-27 15:01:18.054558+02,2026-05-27 15:03:00+02,9.77,12.80,6.51,9.70,0.00,0.00,13.50,OK,33.51,0.00,0.00,0.00,,ensemble
902203,2026-05-27 15:05:12.605982+02,2026-05-27 15:06:00+02,12.61,13.32,9.38,11.90,0.00,0.00,16.29,OK,25.60,0.00,0.00,0.00,,ensemble
902248,2026-05-27 17:18:57.098128+02,2026-05-27 17:21:00+02,16.36,10.01,3.49,10.60,0.00,0.00,9.97,OK,42.33,0.00,0.00,0.00,,ensemble
902249,2026-05-27 17:18:57.098128+02,2026-05-27 17:24:00+02,15.97,9.58,2.61,10.00,0.00,0.00,17.97,OK,32.86,0.00,0.00,0.00,,ensemble
902244,2026-05-27 17:07:29.197713+02,2026-05-27 17:09:00+02,17.72,7.49,6.11,11.20,0.00,0.00,16.00,OK,31.82,0.00,0.00,0.00,,ensemble
902201,2026-05-27 14:59:27.251894+02,2026-05-27 15:00:00+02,9.61,8.64,9.92,9.40,0.00,0.00,17.08,OK,33.15,0.00,0.00,0.00,,ensemble
902200,2026-05-27 14:55:43.182171+02,2026-05-27 14:57:00+02,9.45,7.37,7.57,8.30,0.00,0.00,13.24,OK,25.97,0.00,0.00,0.00,,ensemble
902199,2026-05-27 14:53:41.044662+02,2026-05-27 14:54:00+02,9.30,6.74,3.38,6.80,0.00,0.00,6.65,OK,18.86,0.00,0.00,0.00,,ensemble
902250,2026-05-27 17:24:55.556935+02,2026-05-27 17:27:00+02,15.56,10.35,11.43,12.80,0.00,0.00,12.57,OK,26.92,0.00,0.00,0.00,,ensemble
902240,2026-05-27 16:56:13.862967+02,2026-05-27 16:57:00+02,16.79,7.76,3.99,10.20,0.00,0.00,12.87,OK,28.84,0.00,0.00,0.00,,ensemble
902243,2026-05-27 17:01:50.519516+02,2026-05-27 17:06:00+02,17.99,8.06,2.90,10.50,0.00,0.00,19.62,OK,23.79,0.00,0.00,0.00,,ensemble
902198,2026-05-27 14:50:00.388376+02,2026-05-27 14:51:00+02,9.15,5.81,4.90,6.90,0.00,0.00,6.09,OK,20.37,0.00,0.00,0.00,,ensemble
902246,2026-05-27 17:15:10.201811+02,2026-05-27 17:15:00+02,17.08,12.87,9.23,13.50,0.00,0.00,19.73,OK,57.92,0.00,0.00,0.00,,ensemble
902251,2026-05-27 17:30:11.024084+02,2026-05-27 17:30:00+02,15.27,7.78,6.28,10.30,0.00,0.00,28.68,OK,26.95,0.00,0.00,0.00,,ensemble
902197,2026-05-27 14:47:36.832549+02,2026-05-27 14:48:00+02,8.96,6.83,6.72,7.60,0.00,0.00,7.07,OK,25.66,0.00,0.00,0.00,,ensemble
902247,2026-05-27 17:17:00.692501+02,2026-05-27 17:18:00+02,16.73,13.05,3.96,11.80,0.00,0.00,14.15,OK,35.53,0.00,0.00,0.00,,ensemble
902245,2026-05-27 17:12:00.448593+02,2026-05-27 17:12:00+02,15.29,11.17,11.26,12.80,0.00,0.00,18.38,OK,22.02,0.00,0.00,0.00,,ensemble
902238,2026-05-27 16:49:59.217321+02,2026-05-27 16:51:00+02,19.35,8.46,6.65,12.30,0.00,0.00,17.11,OK,28.98,0.00,0.00,0.00,,ensemble
902239,2026-05-27 16:49:59.217321+02,2026-05-27 16:54:00+02,19.22,8.80,6.38,12.20,0.00,0.00,24.82,OK,31.02,0.00,0.00,0.00,,ensemble
902196,2026-05-27 14:44:04.880273+02,2026-05-27 14:45:00+02,8.81,7.42,3.96,6.90,0.00,0.00,5.43,OK,24.30,0.00,0.00,0.00,,ensemble
902205,2026-05-27 15:10:59.315095+02,2026-05-27 15:12:00+02,10.69,5.31,3.31,6.90,0.00,0.00,5.23,OK,23.30,0.00,0.00,0.00,,ensemble
902173,2026-05-27 13:36:19.128702+02,2026-05-27 13:36:00+02,7.91,5.17,2.10,5.30,0.00,0.00,2.74,OK,10.86,0.00,0.00,0.00,,ensemble
902175,2026-05-27 13:42:15.813542+02,2026-05-27 13:42:00+02,7.96,5.36,4.21,6.10,0.00,0.00,5.24,OK,28.40,0.00,0.00,0.00,,ensemble
902183,2026-05-27 14:06:04.486297+02,2026-05-27 14:06:00+02,7.29,6.22,6.07,6.60,0.00,0.00,4.91,OK,14.75,0.00,0.00,0.00,,ensemble
902182,2026-05-27 14:02:19.213814+02,2026-05-27 14:03:00+02,7.22,6.12,4.32,6.00,0.00,0.00,5.75,OK,17.13,0.00,0.00,0.00,,ensemble
850840,2026-05-26 10:32:15.207664+02,2026-05-26 10:33:00+02,19.14,7.60,12.33,13.60,0.55,0.00,27.54,OK,35.54,0.00,0.00,0.00,,ensemble
902181,2026-05-27 14:00:17.02344+02,2026-05-27 14:00:00+02,7.27,6.36,2.94,5.70,0.00,0.00,5.53,OK,11.18,0.00,0.00,0.00,,ensemble
902186,2026-05-27 14:14:06.553432+02,2026-05-27 14:15:00+02,7.53,7.41,5.73,7.00,0.00,0.00,5.48,OK,16.05,0.00,0.00,0.00,,ensemble
902180,2026-05-27 13:56:34.345834+02,2026-05-27 13:57:00+02,7.21,6.06,6.12,6.50,0.00,0.00,6.79,OK,13.51,0.00,0.00,0.00,,ensemble
850868,2026-05-26 11:57:08.621192+02,2026-05-26 11:57:00+02,16.36,13.44,4.44,11.90,0.00,0.00,26.88,OK,23.80,0.00,0.00,0.00,,ensemble
850838,2026-05-26 10:26:16.66241+02,2026-05-26 10:27:00+02,19.60,7.20,5.35,11.60,0.00,0.00,25.23,OK,34.48,0.00,0.00,0.00,,ensemble
850871,2026-05-26 12:06:00.877119+02,2026-05-26 12:06:00+02,16.83,14.22,12.77,14.80,0.00,0.00,18.03,OK,25.53,0.00,0.00,0.00,,ensemble
902187,2026-05-27 14:17:59.748598+02,2026-05-27 14:18:00+02,7.69,7.56,3.39,6.40,0.00,0.00,5.35,OK,15.21,0.00,0.00,0.00,,ensemble
902178,2026-05-27 13:50:40.110437+02,2026-05-27 13:51:00+02,7.11,4.74,3.03,5.20,0.00,0.00,2.32,OK,8.52,0.00,0.00,0.00,,ensemble
902189,2026-05-27 14:24:01.346457+02,2026-05-27 14:24:00+02,7.89,7.62,8.72,8.10,0.00,0.00,9.19,OK,23.10,0.00,0.00,0.00,,ensemble
850866,2026-05-26 11:51:07.603472+02,2026-05-26 11:51:00+02,15.23,14.56,15.12,15.00,0.00,0.00,18.08,OK,23.39,0.00,0.00,0.00,,ensemble
850872,2026-05-26 12:08:53.34012+02,2026-05-26 12:09:00+02,16.98,15.11,15.60,16.00,0.00,0.00,23.76,OK,26.35,0.00,0.00,0.00,,ensemble
902177,2026-05-27 13:48:20.241178+02,2026-05-27 13:48:00+02,7.08,4.54,3.44,5.20,0.00,0.00,1.99,OK,9.37,0.00,0.00,0.00,,ensemble
850873,2026-05-26 12:12:05.603494+02,2026-05-26 12:12:00+02,17.14,16.52,19.01,17.50,0.00,0.00,22.53,OK,42.61,0.00,0.00,0.00,,ensemble
850841,2026-05-26 10:34:52.913846+02,2026-05-26 10:36:00+02,18.91,8.64,7.91,12.50,0.00,0.00,25.22,OK,31.33,0.00,0.00,0.00,,ensemble
850874,2026-05-26 12:14:41.000893+02,2026-05-26 12:15:00+02,17.99,18.16,17.23,17.80,0.20,0.00,28.42,OK,21.22,0.00,0.00,0.00,,ensemble
850867,2026-05-26 11:54:23.788665+02,2026-05-26 11:54:00+02,15.35,14.40,10.92,13.70,0.00,0.00,22.98,OK,28.12,0.00,0.00,0.00,,ensemble
850875,2026-05-26 12:17:46.142914+02,2026-05-26 12:18:00+02,18.15,20.73,20.01,19.50,0.00,0.00,27.53,OK,24.93,0.00,0.00,0.00,,ensemble
902174,2026-05-27 13:38:35.398955+02,2026-05-27 13:39:00+02,7.93,5.17,2.10,5.40,0.00,0.00,2.65,OK,11.33,0.00,0.00,0.00,,ensemble
902190,2026-05-27 14:26:07.029734+02,2026-05-27 14:27:00+02,8.00,7.62,10.52,8.60,0.00,0.00,15.28,OK,26.59,0.00,0.00,0.00,,ensemble
850869,2026-05-26 12:00:13.860222+02,2026-05-26 12:00:00+02,16.51,13.43,14.16,14.90,0.00,0.00,27.70,OK,29.10,0.00,0.00,0.00,,ensemble
850839,2026-05-26 10:29:07.671402+02,2026-05-26 10:30:00+02,19.38,7.20,6.10,11.70,0.00,0.00,18.32,OK,41.03,0.00,0.00,0.00,,ensemble
902188,2026-05-27 14:20:00.143622+02,2026-05-27 14:21:00+02,7.78,7.01,3.82,6.40,0.00,0.00,4.73,OK,15.68,0.00,0.00,0.00,,ensemble
850870,2026-05-26 12:02:53.39883+02,2026-05-26 12:03:00+02,16.67,13.58,14.01,14.90,0.00,0.00,21.96,OK,27.53,0.00,0.00,0.00,,ensemble
850865,2026-05-26 11:48:18.064655+02,2026-05-26 11:48:00+02,15.12,14.34,11.11,13.70,0.00,0.00,18.61,OK,26.08,0.00,0.00,0.00,,ensemble
850837,2026-05-26 10:22:55.43116+02,2026-05-26 10:24:00+02,19.82,7.20,4.66,11.50,0.00,0.00,12.50,OK,32.25,0.00,0.00,0.00,,ensemble
902191,2026-05-27 14:30:12.586715+02,2026-05-27 14:30:00+02,8.11,8.29,7.96,8.10,0.00,0.00,8.60,OK,27.03,0.00,0.00,0.00,,ensemble
902179,2026-05-27 13:54:13.171139+02,2026-05-27 13:54:00+02,7.16,6.00,10.14,7.70,0.00,0.00,8.05,OK,20.65,0.00,0.00,0.00,,ensemble
850836,2026-05-26 10:20:28.511474+02,2026-05-26 10:21:00+02,18.00,7.20,9.21,12.10,0.00,0.00,13.73,OK,37.72,0.00,0.00,0.00,,ensemble
902185,2026-05-27 14:11:58.675426+02,2026-05-27 14:12:00+02,7.45,7.71,13.05,9.20,0.00,0.00,9.06,OK,41.34,0.00,0.00,0.00,,ensemble
902184,2026-05-27 14:08:08.032563+02,2026-05-27 14:09:00+02,7.36,6.75,5.96,6.80,0.00,0.00,4.47,OK,16.86,0.00,0.00,0.00,,ensemble
902176,2026-05-27 13:44:50.831208+02,2026-05-27 13:45:00+02,7.99,5.36,4.26,6.10,0.00,0.00,4.39,OK,20.30,0.00,0.00,0.00,,ensemble
902193,2026-05-27 14:36:03.879712+02,2026-05-27 14:36:00+02,8.41,9.02,8.53,8.60,0.00,0.00,8.90,OK,26.06,0.00,0.00,0.00,,ensemble
902229,2026-05-27 16:24:12.107148+02,2026-05-27 16:24:00+02,18.71,10.14,11.84,14.10,0.00,0.00,23.74,OK,28.09,0.00,0.00,0.00,,ensemble
902223,2026-05-27 16:04:31.83252+02,2026-05-27 16:06:00+02,16.60,13.55,7.48,13.00,0.00,0.00,18.21,OK,25.57,0.00,0.00,0.00,,ensemble
902217,2026-05-27 15:47:22.341673+02,2026-05-27 15:48:00+02,13.80,11.76,6.15,10.90,0.00,0.00,11.26,OK,30.61,0.00,0.00,0.00,,ensemble
902216,2026-05-27 15:45:14.566445+02,2026-05-27 15:45:00+02,13.60,10.99,11.16,12.10,0.00,0.00,15.78,OK,36.25,0.00,0.00,0.00,,ensemble
902215,2026-05-27 15:41:35.226392+02,2026-05-27 15:42:00+02,13.41,9.21,11.22,11.50,0.00,0.00,14.81,OK,36.66,0.00,0.00,0.00,,ensemble
902230,2026-05-27 16:26:28.402839+02,2026-05-27 16:27:00+02,18.43,10.03,6.74,12.40,0.00,0.00,21.14,OK,28.23,0.00,0.00,0.00,,ensemble
902218,2026-05-27 15:51:07.796781+02,2026-05-27 15:51:00+02,14.00,9.27,8.97,11.10,0.00,0.00,14.11,OK,27.58,0.00,0.00,0.00,,ensemble
902224,2026-05-27 16:09:06.420133+02,2026-05-27 16:09:00+02,17.24,7.18,9.05,11.80,0.00,0.00,20.02,OK,31.19,0.00,0.00,0.00,,ensemble
902214,2026-05-27 15:36:44.510261+02,2026-05-27 15:39:00+02,15.61,8.01,4.51,10.00,0.00,0.00,11.01,OK,29.06,0.00,0.00,0.00,,ensemble
902220,2026-05-27 15:56:55.53065+02,2026-05-27 15:57:00+02,16.04,11.98,10.67,13.20,0.00,0.00,25.88,OK,25.81,0.00,0.00,0.00,,ensemble
902211,2026-05-27 15:29:59.292717+02,2026-05-27 15:30:00+02,11.97,9.59,10.81,10.90,0.00,0.00,12.20,OK,26.76,0.00,0.00,0.00,,ensemble
902212,2026-05-27 15:29:59.292717+02,2026-05-27 15:33:00+02,12.17,9.47,11.02,11.00,0.00,0.00,18.48,OK,24.06,0.00,0.00,0.00,,ensemble
902226,2026-05-27 16:15:00.900319+02,2026-05-27 16:15:00+02,17.57,10.48,4.94,11.70,0.00,0.00,17.22,OK,26.79,0.00,0.00,0.00,,ensemble
902209,2026-05-27 15:22:46.764505+02,2026-05-27 15:24:00+02,11.60,9.50,7.89,9.90,0.00,0.00,12.62,OK,25.43,0.00,0.00,0.00,,ensemble
902208,2026-05-27 15:20:57.988839+02,2026-05-27 15:21:00+02,13.64,11.66,4.59,10.30,0.00,0.00,12.36,OK,27.48,0.00,0.00,0.00,,ensemble
902225,2026-05-27 16:10:16.491301+02,2026-05-27 16:12:00+02,17.41,6.28,5.43,10.50,0.00,0.00,12.27,OK,33.23,0.00,0.00,0.00,,ensemble
902207,2026-05-27 15:16:52.971521+02,2026-05-27 15:18:00+02,11.05,7.11,5.66,8.30,0.00,0.00,11.18,OK,25.06,0.00,0.00,0.00,,ensemble
902206,2026-05-27 15:12:56.255379+02,2026-05-27 15:15:00+02,10.87,5.38,4.10,7.20,0.00,0.00,8.33,OK,20.21,0.00,0.00,0.00,,ensemble
902195,2026-05-27 14:41:52.332443+02,2026-05-27 14:42:00+02,8.68,9.44,5.66,8.00,0.00,0.00,7.37,OK,30.91,0.00,0.00,0.00,,ensemble
902194,2026-05-27 14:39:19.251035+02,2026-05-27 14:39:00+02,8.54,10.43,4.93,8.00,0.00,0.00,7.25,OK,25.08,0.00,0.00,0.00,,ensemble
902219,2026-05-27 15:53:14.369227+02,2026-05-27 15:54:00+02,15.84,12.51,15.63,14.80,0.00,0.00,22.18,OK,30.88,0.00,0.00,0.00,,ensemble
902222,2026-05-27 16:03:19.194196+02,2026-05-27 16:03:00+02,16.42,13.55,6.54,12.60,0.00,0.00,20.35,OK,31.43,0.00,0.00,0.00,,ensemble
902227,2026-05-27 16:16:05.298354+02,2026-05-27 16:18:00+02,17.72,10.48,4.06,11.40,0.00,0.00,17.86,OK,29.79,0.00,0.00,0.00,,ensemble
902213,2026-05-27 15:35:35.257052+02,2026-05-27 15:36:00+02,12.36,8.01,5.32,8.90,0.00,0.00,9.36,OK,27.57,0.00,0.00,0.00,,ensemble
902210,2026-05-27 15:26:45.91008+02,2026-05-27 15:27:00+02,11.78,8.21,7.95,9.60,0.00,0.00,12.68,OK,25.99,0.00,0.00,0.00,,ensemble
902221,2026-05-27 15:58:50.505988+02,2026-05-27 16:00:00+02,16.23,12.60,10.79,13.50,0.00,0.00,27.18,OK,29.99,0.00,0.00,0.00,,ensemble
902228,2026-05-27 16:20:37.369491+02,2026-05-27 16:21:00+02,17.85,7.86,8.32,12.00,0.00,0.00,16.16,OK,30.86,0.00,0.00,0.00,,ensemble
851037,2026-05-26 20:23:47.062206+02,2026-05-26 20:24:00+02,14.25,8.41,0.00,8.20,0.00,,,OK,,0.00,0.00,0.00,,ensemble
851021,2026-05-26 19:34:31.850226+02,2026-05-26 19:36:00+02,16.42,23.69,7.15,15.80,0.00,0.00,22.71,OK,27.65,0.00,0.00,0.00,,ensemble
851038,2026-05-26 20:26:17.830599+02,2026-05-26 20:27:00+02,13.99,8.41,0.00,8.10,0.00,,,OK,,0.00,0.00,0.00,,ensemble
851025,2026-05-26 19:47:37.294662+02,2026-05-26 19:48:00+02,16.65,20.74,13.98,17.10,0.68,0.00,18.58,OK,,0.00,0.00,0.00,,ensemble
851018,2026-05-26 19:26:48.767089+02,2026-05-26 19:27:00+02,16.66,19.41,7.55,14.80,0.01,0.00,29.40,OK,27.62,0.00,0.00,0.00,,ensemble
851026,2026-05-26 19:47:37.294662+02,2026-05-26 19:51:00+02,16.50,20.51,3.96,13.90,0.00,0.00,26.25,OK,,0.00,0.00,0.00,,ensemble
851031,2026-05-26 20:04:21.989617+02,2026-05-26 20:06:00+02,16.02,16.14,1.51,11.70,0.00,0.00,,OK,,0.00,0.00,0.00,,ensemble
851020,2026-05-26 19:30:51.096296+02,2026-05-26 19:33:00+02,16.51,21.15,3.13,13.90,0.00,0.00,20.03,OK,24.76,0.00,0.00,0.00,,ensemble
851017,2026-05-26 19:23:08.701049+02,2026-05-26 19:24:00+02,16.72,14.42,6.92,13.10,0.00,0.00,24.59,OK,27.68,0.00,0.00,0.00,,ensemble
851023,2026-05-26 19:42:02.960604+02,2026-05-26 19:42:00+02,16.91,20.53,17.92,18.30,0.00,0.00,24.90,OK,40.14,0.00,0.00,0.00,,ensemble
902234,2026-05-27 16:38:41.861145+02,2026-05-27 16:39:00+02,18.63,11.14,10.49,13.90,0.00,0.00,21.43,OK,30.17,0.00,0.00,0.00,,ensemble
851019,2026-05-26 19:28:55.576437+02,2026-05-26 19:30:00+02,16.59,20.74,3.80,14.00,1.99,0.00,18.27,OK,27.97,0.00,0.00,0.00,,ensemble
902235,2026-05-27 16:39:51.158971+02,2026-05-27 16:42:00+02,18.74,11.64,6.54,13.00,0.00,0.00,18.27,OK,40.90,0.00,0.00,0.00,,ensemble
851034,2026-05-26 20:13:15.827942+02,2026-05-26 20:15:00+02,15.62,12.68,0.57,10.20,0.00,,,OK,,0.00,0.00,0.00,,ensemble
851016,2026-05-26 19:20:45.246295+02,2026-05-26 19:21:00+02,22.05,14.38,7.55,15.40,0.00,0.00,25.97,OK,30.25,0.00,0.00,0.00,,ensemble
851022,2026-05-26 19:36:24.64636+02,2026-05-26 19:39:00+02,17.01,23.69,13.52,18.00,1.54,0.00,23.03,OK,29.41,0.00,0.00,0.00,,ensemble
851030,2026-05-26 20:02:04.593321+02,2026-05-26 20:03:00+02,16.23,19.46,6.93,14.40,0.00,0.00,,OK,,0.00,0.00,0.00,,ensemble
902232,2026-05-27 16:33:08.03874+02,2026-05-27 16:33:00+02,18.58,9.72,11.18,13.70,0.00,0.00,22.70,OK,25.52,0.00,0.00,0.00,,ensemble
851035,2026-05-26 20:15:26.403746+02,2026-05-26 20:18:00+02,15.38,12.77,0.00,10.00,0.00,,,OK,,0.00,0.00,0.00,,ensemble
851028,2026-05-26 19:56:55.501198+02,2026-05-26 19:57:00+02,16.62,17.41,15.14,16.40,0.00,0.00,32.50,OK,,0.00,0.00,0.00,,ensemble
851032,2026-05-26 20:07:34.903132+02,2026-05-26 20:09:00+02,16.10,15.67,0.00,11.10,0.00,0.00,,OK,,0.00,0.00,0.00,,ensemble
902236,2026-05-27 16:44:27.120256+02,2026-05-27 16:45:00+02,19.51,12.56,4.77,13.00,0.00,0.00,19.54,OK,40.71,0.00,0.00,0.00,,ensemble
851015,2026-05-26 19:17:36.482243+02,2026-05-26 19:18:00+02,16.28,13.75,1.66,11.10,0.00,0.00,20.18,OK,29.18,0.00,0.00,0.00,,ensemble
902237,2026-05-27 16:45:35.905222+02,2026-05-27 16:48:00+02,19.45,12.56,9.71,14.50,0.00,0.00,19.76,OK,31.09,0.00,0.00,0.00,,ensemble
851036,2026-05-26 20:20:50.454829+02,2026-05-26 20:21:00+02,15.13,8.41,0.00,8.60,0.00,,,OK,,0.00,0.00,0.00,,ensemble
851027,2026-05-26 19:53:21.527625+02,2026-05-26 19:54:00+02,16.81,18.50,7.34,14.50,0.00,0.00,19.51,OK,,0.00,0.00,0.00,,ensemble
851024,2026-05-26 19:42:26.626068+02,2026-05-26 19:45:00+02,16.79,16.70,4.20,13.00,0.00,0.00,16.52,OK,,0.00,0.00,0.00,,ensemble
902233,2026-05-27 16:33:08.03874+02,2026-05-27 16:36:00+02,18.62,9.66,13.34,14.30,0.00,0.00,30.86,OK,28.40,0.00,0.00,0.00,,ensemble
851033,2026-05-26 20:09:57.997016+02,2026-05-26 20:12:00+02,15.86,14.43,0.00,10.70,0.00,0.00,,OK,,0.00,0.00,0.00,,ensemble
902279,2026-05-27 18:50:54.724279+02,2026-05-27 18:54:00+02,8.16,19.09,16.12,13.80,0.00,0.00,24.14,OK,26.22,0.00,0.00,0.00,,ensemble
902301,2026-05-27 19:56:45.765125+02,2026-05-27 20:00:00+02,7.76,13.61,2.69,8.00,0.00,0.00,,OK,,0.00,0.00,0.00,,ensemble
902291,2026-05-27 19:29:04.963476+02,2026-05-27 19:30:00+02,9.90,20.08,9.95,13.00,0.00,0.00,32.88,OK,26.95,0.00,0.00,0.00,,ensemble
902280,2026-05-27 18:55:30.009062+02,2026-05-27 18:57:00+02,8.14,23.48,9.69,13.20,0.00,0.00,12.94,OK,25.25,0.00,0.00,0.00,,ensemble
902281,2026-05-27 18:55:30.009062+02,2026-05-27 19:00:00+02,8.12,22.03,6.61,11.80,0.00,0.00,20.36,OK,25.16,0.00,0.00,0.00,,ensemble
902297,2026-05-27 19:45:44.210959+02,2026-05-27 19:48:00+02,8.68,18.08,2.72,9.70,0.00,0.00,10.05,OK,,0.00,0.00,0.00,,ensemble
902299,2026-05-27 19:52:47.442946+02,2026-05-27 19:54:00+02,8.25,16.04,3.17,9.10,0.00,0.00,9.07,OK,,0.00,0.00,0.00,,ensemble
902292,2026-05-27 19:32:50.386468+02,2026-05-27 19:33:00+02,9.80,19.98,10.17,13.00,0.00,0.00,20.74,OK,28.09,0.00,0.00,0.00,,ensemble
902296,2026-05-27 19:44:25.07813+02,2026-05-27 19:45:00+02,8.89,14.89,6.48,10.00,0.00,0.00,9.53,OK,,0.00,0.00,0.00,,ensemble
902298,2026-05-27 19:50:32.231145+02,2026-05-27 19:51:00+02,8.47,16.37,7.53,10.60,0.00,0.00,13.34,OK,,0.00,0.00,0.00,,ensemble
902304,2026-05-27 20:08:15.955835+02,2026-05-27 20:09:00+02,6.29,12.73,8.00,8.70,0.00,0.00,,OK,,0.00,0.00,0.00,,ensemble
902289,2026-05-27 19:23:25.416331+02,2026-05-27 19:24:00+02,10.13,16.77,16.14,13.90,0.00,0.00,15.53,OK,32.86,0.00,0.00,0.00,,ensemble
902305,2026-05-27 20:11:58.096971+02,2026-05-27 20:12:00+02,6.06,12.06,4.92,7.50,0.00,0.00,,OK,,0.00,0.00,0.00,,ensemble
902306,2026-05-27 20:13:06.210442+02,2026-05-27 20:15:00+02,5.82,12.06,4.60,7.30,0.00,,,OK,,0.00,0.00,0.00,,ensemble
902290,2026-05-27 19:23:25.416331+02,2026-05-27 19:27:00+02,10.02,15.87,11.65,12.30,0.00,0.00,12.72,OK,26.92,0.00,0.00,0.00,,ensemble
902285,2026-05-27 19:11:48.039312+02,2026-05-27 19:12:00+02,9.49,16.50,12.08,12.40,0.37,0.00,11.57,OK,17.85,0.00,0.00,0.00,,ensemble
902302,2026-05-27 20:02:10.478906+02,2026-05-27 20:03:00+02,7.50,13.40,1.11,7.40,0.00,0.00,,OK,,0.00,0.00,0.00,,ensemble
902287,2026-05-27 19:17:53.858163+02,2026-05-27 19:18:00+02,10.30,21.04,6.49,12.40,0.00,0.00,10.77,OK,35.53,0.00,0.00,0.00,,ensemble
902288,2026-05-27 19:20:30.203898+02,2026-05-27 19:21:00+02,10.22,15.12,6.18,10.50,0.00,0.00,6.07,OK,38.30,0.00,0.00,0.00,,ensemble
902303,2026-05-27 20:03:57.863927+02,2026-05-27 20:06:00+02,8.85,12.68,1.06,7.70,0.00,0.00,,OK,,0.00,0.00,0.00,,ensemble
902284,2026-05-27 19:06:39.515464+02,2026-05-27 19:09:00+02,9.53,13.33,1.75,8.30,0.29,0.00,6.97,OK,20.30,0.00,0.00,0.00,,ensemble
902286,2026-05-27 19:12:15.669049+02,2026-05-27 19:15:00+02,9.44,18.04,16.41,14.10,0.00,0.00,14.97,OK,57.92,0.00,0.00,0.00,,ensemble
902295,2026-05-27 19:40:22.350356+02,2026-05-27 19:42:00+02,9.09,14.75,5.79,9.80,0.00,0.00,10.61,OK,19.78,0.00,0.00,0.00,,ensemble
902283,2026-05-27 19:05:48.574109+02,2026-05-27 19:06:00+02,9.57,11.36,9.79,10.20,0.00,0.00,9.76,OK,15.63,0.00,0.00,0.00,,ensemble
902282,2026-05-27 19:01:43.429095+02,2026-05-27 19:03:00+02,8.26,12.11,8.40,9.50,0.00,0.00,7.09,OK,16.00,0.00,0.00,0.00,,ensemble
902294,2026-05-27 19:39:00.33474+02,2026-05-27 19:39:00+02,9.27,17.49,7.20,11.10,0.00,0.00,16.38,OK,27.21,0.00,0.00,0.00,,ensemble
902293,2026-05-27 19:35:58.983116+02,2026-05-27 19:36:00+02,9.43,17.75,10.06,12.10,0.00,0.00,25.41,OK,32.57,0.00,0.00,0.00,,ensemble
902300,2026-05-27 19:56:45.765125+02,2026-05-27 19:57:00+02,8.01,13.68,5.77,9.00,0.00,0.00,6.71,OK,,0.00,0.00,0.00,,ensemble
902130,2026-05-27 11:27:11.814542+02,2026-05-27 11:27:00+02,14.00,10.03,3.85,9.80,0.00,0.00,17.19,OK,26.05,0.00,0.00,0.00,,ensemble
902131,2026-05-27 11:30:31.364146+02,2026-05-27 11:30:00+02,13.92,10.01,10.16,11.60,0.00,0.00,14.86,OK,27.45,0.00,0.00,0.00,,ensemble
902158,2026-05-27 12:50:21.622169+02,2026-05-27 12:51:00+02,9.12,14.79,3.70,9.20,0.00,0.00,8.96,OK,23.20,0.00,0.00,0.00,,ensemble
902153,2026-05-27 12:36:36.230772+02,2026-05-27 12:36:00+02,10.58,12.27,12.08,11.50,0.00,0.00,14.20,OK,27.26,0.00,0.00,0.00,,ensemble
902152,2026-05-27 12:31:57.083587+02,2026-05-27 12:33:00+02,10.61,6.80,4.81,7.70,0.00,0.00,7.30,OK,21.37,0.00,0.00,0.00,,ensemble
902157,2026-05-27 12:48:14.903081+02,2026-05-27 12:48:00+02,9.18,12.78,11.27,10.90,0.00,0.00,12.00,OK,30.30,0.00,0.00,0.00,,ensemble
902154,2026-05-27 12:37:50.683329+02,2026-05-27 12:39:00+02,10.55,13.41,2.76,9.10,0.00,0.00,8.28,OK,24.00,0.00,0.00,0.00,,ensemble
902166,2026-05-27 13:14:56.552237+02,2026-05-27 13:15:00+02,8.86,11.50,6.07,8.80,0.00,0.00,10.56,OK,23.87,0.00,0.00,0.00,,ensemble
902160,2026-05-27 12:56:36.421732+02,2026-05-27 12:57:00+02,9.00,12.18,4.75,8.70,0.00,0.00,12.75,OK,23.99,0.00,0.00,0.00,,ensemble
902149,2026-05-27 12:23:47.266502+02,2026-05-27 12:24:00+02,11.65,10.31,6.54,9.70,0.00,0.00,10.46,OK,25.23,0.00,0.00,0.00,,ensemble
902162,2026-05-27 13:03:12.943448+02,2026-05-27 13:03:00+02,9.09,8.87,9.03,9.00,0.00,0.00,12.91,OK,33.10,0.00,0.00,0.00,,ensemble
902151,2026-05-27 12:30:24.663801+02,2026-05-27 12:30:00+02,10.63,9.87,10.78,10.40,0.00,0.00,11.74,OK,27.91,0.00,0.00,0.00,,ensemble
902134,2026-05-27 11:37:30.334226+02,2026-05-27 11:39:00+02,13.20,18.61,3.56,11.90,0.00,0.00,12.65,OK,28.49,0.00,0.00,0.00,,ensemble
902133,2026-05-27 11:36:31.692978+02,2026-05-27 11:36:00+02,13.78,18.74,26.74,19.20,0.00,0.00,27.69,OK,26.15,0.00,0.00,0.00,,ensemble
902155,2026-05-27 12:42:32.250879+02,2026-05-27 12:42:00+02,9.29,12.15,12.15,11.00,0.00,0.00,12.56,OK,37.66,0.00,0.00,0.00,,ensemble
902132,2026-05-27 11:31:38.094529+02,2026-05-27 11:33:00+02,13.84,7.63,6.16,9.70,0.00,0.00,11.15,OK,26.03,0.00,0.00,0.00,,ensemble
902129,2026-05-27 11:24:02.331117+02,2026-05-27 11:24:00+02,14.10,13.73,10.41,12.90,0.00,0.00,16.61,OK,24.40,0.00,0.00,0.00,,ensemble
902128,2026-05-27 11:20:49.245602+02,2026-05-27 11:21:00+02,12.05,13.13,9.62,11.60,0.00,0.00,12.71,OK,27.69,0.00,0.00,0.00,,ensemble
902161,2026-05-27 12:57:40.982593+02,2026-05-27 13:00:00+02,4.90,12.18,5.07,7.10,0.00,0.00,9.19,OK,21.38,0.00,0.00,0.00,,ensemble
902150,2026-05-27 12:26:06.32971+02,2026-05-27 12:27:00+02,10.65,9.64,4.76,8.60,0.00,0.00,14.57,OK,26.34,0.00,0.00,0.00,,ensemble
902159,2026-05-27 12:54:28.225063+02,2026-05-27 12:54:00+02,9.06,12.34,10.04,10.30,0.00,0.00,13.04,OK,26.88,0.00,0.00,0.00,,ensemble
902163,2026-05-27 13:04:17.246088+02,2026-05-27 13:06:00+02,9.03,9.24,4.66,7.80,0.00,0.00,8.51,OK,25.15,0.00,0.00,0.00,,ensemble
902148,2026-05-27 12:20:12.937337+02,2026-05-27 12:21:00+02,11.65,10.75,4.44,9.20,0.00,0.00,8.75,OK,27.85,0.00,0.00,0.00,,ensemble
902147,2026-05-27 12:17:54.497169+02,2026-05-27 12:18:00+02,11.64,13.78,9.64,11.70,0.00,0.00,13.99,OK,26.59,0.00,0.00,0.00,,ensemble
902146,2026-05-27 12:14:18.163437+02,2026-05-27 12:15:00+02,11.64,13.06,4.98,10.10,0.00,0.00,10.12,OK,24.57,0.00,0.00,0.00,,ensemble
902156,2026-05-27 12:43:55.529738+02,2026-05-27 12:45:00+02,9.23,10.01,10.37,9.80,0.00,0.00,10.60,OK,35.23,0.00,0.00,0.00,,ensemble
902164,2026-05-27 13:08:57.45777+02,2026-05-27 13:09:00+02,8.99,11.51,11.83,10.60,0.00,0.00,12.69,OK,31.03,0.00,0.00,0.00,,ensemble
902165,2026-05-27 13:08:57.45777+02,2026-05-27 13:12:00+02,8.95,11.78,11.50,10.60,0.00,0.00,16.50,OK,42.10,0.00,0.00,0.00,,ensemble
989035,2026-05-28 09:57:35.912374+02,2026-05-28 09:57:00+02,18.85,3.95,6.78,10.80,0.00,0.00,10.41,OK,23.79,0.00,0.00,0.00,,ensemble
989112,2026-05-28 13:48:24.164959+02,2026-05-28 13:48:00+02,14.93,14.47,4.77,11.70,0.00,0.00,20.12,OK,25.77,0.00,0.00,0.00,,ensemble
989115,2026-05-28 13:54:43.58165+02,2026-05-28 13:57:00+02,14.62,13.46,13.21,13.80,0.00,0.00,21.99,OK,27.36,0.00,0.00,0.00,,ensemble
989116,2026-05-28 14:00:15.66168+02,2026-05-28 14:00:00+02,14.73,18.91,21.31,18.00,0.00,0.00,31.73,OK,27.39,0.00,0.00,0.00,,ensemble
989118,2026-05-28 14:06:24.689903+02,2026-05-28 14:06:00+02,15.70,9.38,2.09,9.70,0.00,0.00,11.19,OK,26.29,0.00,0.00,0.00,,ensemble
989120,2026-05-28 14:12:07.324904+02,2026-05-28 14:12:00+02,15.98,9.23,10.91,12.40,0.00,0.00,16.95,OK,28.38,0.00,0.00,0.00,,ensemble
989121,2026-05-28 14:12:07.324904+02,2026-05-28 14:15:00+02,16.13,9.98,9.84,12.40,0.00,0.00,23.01,OK,48.22,0.00,0.00,0.00,,ensemble
989124,2026-05-28 14:23:48.427246+02,2026-05-28 14:24:00+02,15.62,12.54,4.02,11.20,0.00,0.00,15.78,OK,34.97,0.00,0.00,0.00,,ensemble
989126,2026-05-28 14:29:35.04854+02,2026-05-28 14:30:00+02,15.93,8.62,5.12,10.50,0.00,0.00,24.36,OK,32.30,0.00,0.00,0.00,,ensemble
989127,2026-05-28 14:29:35.04854+02,2026-05-28 14:33:00+02,16.09,8.64,3.83,10.20,0.00,0.00,23.18,OK,34.46,0.00,0.00,0.00,,ensemble
989130,2026-05-28 14:41:31.514903+02,2026-05-28 14:42:00+02,15.69,5.35,2.51,8.60,0.00,0.00,12.11,OK,26.87,0.00,0.00,0.00,,ensemble
989145,2026-05-28 15:27:03.077126+02,2026-05-28 15:27:00+02,16.25,4.27,3.27,8.80,0.00,0.00,11.49,OK,29.02,0.00,0.00,0.00,,ensemble
989146,2026-05-28 15:28:30.565169+02,2026-05-28 15:30:00+02,16.49,4.59,3.21,8.90,0.00,0.00,27.77,OK,29.81,0.00,0.00,0.00,,ensemble
989144,2026-05-28 15:23:10.688721+02,2026-05-28 15:24:00+02,16.02,4.58,3.54,8.80,0.00,0.00,11.35,OK,35.97,0.00,0.00,0.00,,ensemble
989154,2026-05-28 15:51:11.839707+02,2026-05-28 15:54:00+02,17.92,6.56,7.55,11.40,0.00,0.00,22.24,OK,29.95,0.00,0.00,0.00,,ensemble
989131,2026-05-28 14:41:31.514903+02,2026-05-28 14:45:00+02,15.86,6.02,2.20,8.80,0.00,0.00,17.49,OK,33.09,0.00,0.00,0.00,,ensemble
989148,2026-05-28 15:34:02.413807+02,2026-05-28 15:36:00+02,16.99,4.86,3.30,9.20,0.00,0.00,22.45,OK,33.38,0.00,0.00,0.00,,ensemble
989125,2026-05-28 14:24:53.66444+02,2026-05-28 14:27:00+02,15.77,12.54,5.84,11.80,0.00,0.00,15.98,OK,29.95,0.00,0.00,0.00,,ensemble
989123,2026-05-28 14:19:35.263586+02,2026-05-28 14:21:00+02,15.48,12.54,3.99,11.10,0.00,0.00,13.04,OK,43.14,0.00,0.00,0.00,,ensemble
989122,2026-05-28 14:17:54.935859+02,2026-05-28 14:18:00+02,16.28,12.12,9.73,13.10,0.00,0.00,18.42,OK,34.33,0.00,0.00,0.00,,ensemble
989110,2026-05-28 13:37:54.021625+02,2026-05-28 13:42:00+02,14.73,9.86,5.89,10.60,0.00,0.00,28.96,OK,29.42,0.00,0.00,0.00,,ensemble
989111,2026-05-28 13:47:02.975568+02,2026-05-28 13:45:00+02,14.83,12.87,13.41,13.80,0.00,0.00,25.06,OK,31.75,0.00,0.00,0.00,,ensemble
989113,2026-05-28 13:53:09.093386+02,2026-05-28 13:51:00+02,14.41,11.66,9.24,12.00,0.00,0.00,22.98,OK,27.60,0.00,0.00,0.00,,ensemble
989114,2026-05-28 13:54:19.458757+02,2026-05-28 13:54:00+02,14.51,10.27,8.69,11.50,0.00,0.00,17.31,OK,29.38,0.00,0.00,0.00,,ensemble
989117,2026-05-28 14:00:30.777454+02,2026-05-28 14:03:00+02,14.85,18.91,21.31,18.00,0.00,0.00,24.99,OK,27.79,0.00,0.00,0.00,,ensemble
989119,2026-05-28 14:08:59.429992+02,2026-05-28 14:09:00+02,15.84,7.06,5.90,10.20,0.00,0.00,13.82,OK,29.44,0.00,0.00,0.00,,ensemble
1158373,2026-05-30 08:32:28.528717+02,2026-05-30 08:33:00+02,17.96,14.88,10.65,14.80,0.00,0.00,20.09,OK,25.72,0.00,0.00,0.00,,ensemble
1158377,2026-05-30 08:45:15.305439+02,2026-05-30 08:45:00+02,8.83,13.41,9.04,10.30,0.00,0.00,12.56,OK,26.34,0.00,0.00,0.00,,ensemble
1158379,2026-05-30 08:51:32.374746+02,2026-05-30 08:51:00+02,9.12,11.42,7.56,9.30,0.00,0.00,11.58,OK,27.22,0.00,0.00,0.00,,ensemble
1237357,2026-05-31 08:32:28.514108+02,2026-05-31 08:33:00+02,24.32,10.76,9.14,15.70,0.00,0.00,26.21,OK,24.32,0.00,0.00,0.00,,ensemble
1072134,2026-05-29 16:36:05.831096+02,2026-05-29 16:36:00+02,22.97,8.71,4.89,13.30,0.00,0.00,23.20,OK,28.16,0.00,0.00,0.00,,ensemble
1158567,2026-05-30 18:13:35.66085+02,2026-05-30 18:15:00+02,16.76,14.60,3.31,12.10,0.00,0.00,12.24,OK,23.02,0.00,0.00,0.00,,ensemble
1072110,2026-05-29 15:24:20.558493+02,2026-05-29 15:24:00+02,17.45,12.68,14.57,15.20,0.00,0.00,19.39,OK,24.57,0.00,0.00,0.00,,ensemble
1072135,2026-05-29 16:37:24.693418+02,2026-05-29 16:39:00+02,23.03,8.07,2.80,12.50,0.00,0.00,16.54,OK,25.99,0.00,0.00,0.00,,ensemble
989128,2026-05-28 14:35:31.60826+02,2026-05-28 14:36:00+02,15.36,6.81,2.85,9.00,0.00,0.00,19.77,OK,35.97,0.00,0.00,0.00,,ensemble
989129,2026-05-28 14:35:31.60826+02,2026-05-28 14:39:00+02,15.52,7.52,1.63,9.00,0.00,0.00,21.33,OK,30.78,0.00,0.00,0.00,,ensemble
1158372,2026-05-30 08:25:17.916591+02,2026-05-30 08:30:00+02,17.75,18.65,13.65,16.80,0.00,0.00,19.94,OK,28.43,0.00,0.00,0.00,,ensemble
1158374,2026-05-30 08:35:46.73873+02,2026-05-30 08:36:00+02,18.16,13.73,9.64,14.30,0.00,0.00,23.57,OK,29.59,0.00,0.00,0.00,,ensemble
1237358,2026-05-31 08:32:28.514108+02,2026-05-31 08:36:00+02,24.50,14.28,9.64,17.00,0.00,0.00,32.73,OK,28.41,0.00,0.00,0.00,,ensemble
1158375,2026-05-30 08:38:59.127779+02,2026-05-30 08:39:00+02,18.37,12.64,8.68,13.70,0.00,0.00,21.29,OK,24.95,0.00,0.00,0.00,,ensemble
1158376,2026-05-30 08:42:06.833669+02,2026-05-30 08:42:00+02,18.59,15.23,10.55,15.20,0.00,0.00,21.82,OK,25.47,0.00,0.00,0.00,,ensemble
1237360,2026-05-31 08:42:13.710247+02,2026-05-31 08:42:00+02,5.70,12.28,8.45,8.50,0.00,0.00,8.85,OK,26.47,0.00,0.00,0.00,,ensemble
1158569,2026-05-30 18:19:15.823766+02,2026-05-30 18:21:00+02,15.02,11.85,2.09,10.20,0.00,0.00,8.28,OK,22.44,0.00,0.00,0.00,,ensemble
1072133,2026-05-29 16:31:22.525566+02,2026-05-29 16:33:00+02,22.88,6.60,4.95,12.60,0.00,0.00,18.98,OK,23.33,0.00,0.00,0.00,,ensemble
1158378,2026-05-30 08:48:32.508084+02,2026-05-30 08:48:00+02,8.98,12.38,8.13,9.70,0.00,0.00,10.63,OK,26.29,0.00,0.00,0.00,,ensemble
1237361,2026-05-31 08:44:14.111935+02,2026-05-31 08:45:00+02,5.78,9.89,9.90,8.20,0.00,0.00,8.97,OK,28.62,0.00,0.00,0.00,,ensemble
1158570,2026-05-30 18:23:19.359451+02,2026-05-30 18:24:00+02,14.72,11.48,9.18,12.10,0.00,0.00,12.56,OK,25.53,0.00,0.00,0.00,,ensemble
1237359,2026-05-31 08:38:22.883126+02,2026-05-31 08:39:00+02,5.62,12.59,8.68,8.60,0.00,0.00,9.45,OK,23.18,0.00,0.00,0.00,,ensemble
1158499,2026-05-30 14:51:08.154469+02,2026-05-30 14:51:00+02,14.08,8.53,7.71,10.50,0.00,0.00,17.16,OK,32.36,0.00,0.00,0.00,,ensemble
1237356,2026-05-31 08:26:08.273416+02,2026-05-31 08:30:00+02,24.14,12.67,9.41,16.30,0.00,0.00,21.68,OK,25.82,0.00,0.00,0.00,,ensemble
1237362,2026-05-31 08:47:59.544885+02,2026-05-31 08:48:00+02,5.86,12.32,8.13,8.50,0.00,0.00,7.23,OK,24.63,0.00,0.00,0.00,,ensemble
1257432,2026-06-01 14:51:19.139448+02,2026-06-01 14:51:00+02,14.78,19.19,18.07,17.10,0.00,0.00,26.68,OK,28.88,0.00,0.00,0.00,,ensemble
1257384,2026-06-01 12:26:26.047218+02,2026-06-01 12:27:00+02,12.03,15.20,1.68,9.90,0.00,0.00,14.06,OK,26.30,0.00,0.00,0.00,,ensemble
1257427,2026-06-01 14:34:01.847576+02,2026-06-01 14:36:00+02,14.12,7.74,11.45,11.40,0.00,0.00,16.13,OK,29.59,0.00,0.00,0.00,,ensemble
1257431,2026-06-01 14:45:34.984199+02,2026-06-01 14:48:00+02,14.63,10.76,16.07,13.90,0.00,0.00,20.00,OK,31.82,0.00,0.00,0.00,,ensemble
1360479,2026-06-02 17:44:40.65936+02,2026-06-02 17:45:00+02,13.26,18.37,12.30,14.50,0.00,0.00,9.40,OK,23.22,0.00,0.00,0.00,,ensemble
1426844,2026-06-03 16:07:03.123377+02,2026-06-03 16:09:00+02,14.56,18.41,15.35,16.00,0.00,0.00,11.70,OK,29.46,0.00,0.00,0.00,,ensemble
989081,2026-05-28 12:14:53.641708+02,2026-05-28 12:15:00+02,12.33,15.64,17.84,15.00,0.00,0.00,19.54,OK,51.37,0.00,0.00,0.00,,ensemble
989083,2026-05-28 12:21:58.294624+02,2026-05-28 12:21:00+02,12.37,17.75,18.83,15.90,0.00,0.00,21.40,OK,49.34,0.00,0.00,0.00,,ensemble
989089,2026-05-28 12:43:15.97676+02,2026-05-28 12:39:00+02,12.71,13.70,12.34,12.90,0.00,0.00,27.92,OK,34.08,0.00,0.00,0.00,,ensemble
989090,2026-05-28 12:43:15.97676+02,2026-05-28 12:42:00+02,12.74,13.49,12.70,13.00,0.00,0.00,32.70,OK,32.64,0.00,0.00,0.00,,ensemble
989091,2026-05-28 12:43:15.97676+02,2026-05-28 12:45:00+02,12.76,13.63,12.01,12.80,0.00,0.00,34.87,OK,34.83,0.00,0.00,0.00,,ensemble
989093,2026-05-28 12:53:26.010856+02,2026-05-28 12:51:00+02,7.68,10.84,8.80,9.00,0.00,0.00,16.32,OK,30.74,0.00,0.00,0.00,,ensemble
989095,2026-05-28 12:59:46.621402+02,2026-05-28 12:57:00+02,12.74,24.59,22.99,19.40,0.00,0.00,32.64,OK,30.70,0.00,0.00,0.00,,ensemble
989097,2026-05-28 13:03:57.803701+02,2026-05-28 13:03:00+02,12.78,16.57,4.31,11.40,0.00,0.00,15.12,OK,30.89,0.00,0.00,0.00,,ensemble
989098,2026-05-28 13:03:57.803701+02,2026-05-28 13:06:00+02,12.81,14.93,3.45,10.60,0.00,0.00,20.69,OK,29.37,0.00,0.00,0.00,,ensemble
989099,2026-05-28 13:11:18.816195+02,2026-05-28 13:09:00+02,12.84,13.84,9.09,12.00,0.00,0.00,19.39,OK,32.48,0.00,0.00,0.00,,ensemble
989100,2026-05-28 13:13:12.453741+02,2026-05-28 13:12:00+02,13.69,11.27,5.93,10.60,0.00,0.00,15.27,OK,31.02,0.00,0.00,0.00,,ensemble
989107,2026-05-28 13:33:05.956201+02,2026-05-28 13:33:00+02,14.48,15.46,17.44,15.70,0.00,0.00,31.62,OK,33.84,0.00,0.00,0.00,,ensemble
1072051,2026-05-29 12:27:12.265013+02,2026-05-29 12:27:00+02,11.49,13.42,10.53,11.80,0.00,0.00,14.16,OK,24.54,0.00,0.00,0.00,,ensemble
1072053,2026-05-29 12:33:15.227155+02,2026-05-29 12:33:00+02,11.37,14.10,11.89,12.30,0.00,0.00,13.64,OK,24.82,0.00,0.00,0.00,,ensemble
1072054,2026-05-29 12:35:45.84618+02,2026-05-29 12:36:00+02,11.32,14.04,9.73,11.70,0.00,0.00,22.04,OK,30.38,0.00,0.00,0.00,,ensemble
1072059,2026-05-29 12:51:18.70139+02,2026-05-29 12:51:00+02,11.11,12.73,9.79,11.20,0.00,0.00,15.10,OK,25.45,0.00,0.00,0.00,,ensemble
1072058,2026-05-29 12:47:39.745691+02,2026-05-29 12:48:00+02,11.15,10.73,9.78,10.60,0.00,0.00,10.64,OK,26.50,0.00,0.00,0.00,,ensemble
1072062,2026-05-29 12:59:49.659372+02,2026-05-29 13:00:00+02,10.28,11.24,11.23,10.90,0.00,0.00,12.25,OK,23.49,0.00,0.00,0.00,,ensemble
989096,2026-05-28 13:03:33.97108+02,2026-05-28 13:00:00+02,12.76,22.20,13.79,15.90,0.00,0.00,29.74,OK,30.73,0.00,0.00,0.00,,ensemble
989108,2026-05-28 13:37:54.021625+02,2026-05-28 13:36:00+02,14.56,9.37,5.60,10.30,0.07,0.00,24.79,OK,35.76,0.00,0.00,0.00,,ensemble
989109,2026-05-28 13:37:54.021625+02,2026-05-28 13:39:00+02,14.64,9.37,5.76,10.40,0.00,0.00,26.39,OK,31.01,0.00,0.00,0.00,,ensemble
989087,2026-05-28 12:33:22.542577+02,2026-05-28 12:33:00+02,12.66,15.52,4.11,11.00,0.00,0.00,21.82,OK,36.33,0.00,0.00,0.00,,ensemble
989086,2026-05-28 12:31:11.777809+02,2026-05-28 12:30:00+02,12.64,12.42,9.09,11.50,0.00,0.00,29.45,OK,34.87,0.00,0.00,0.00,,ensemble
989088,2026-05-28 12:33:22.542577+02,2026-05-28 12:36:00+02,12.69,15.57,3.44,10.80,0.00,0.00,38.26,OK,38.54,0.00,0.00,0.00,,ensemble
989084,2026-05-28 12:24:25.991098+02,2026-05-28 12:24:00+02,12.39,20.12,21.70,17.50,0.00,0.00,26.24,OK,37.36,0.00,0.00,0.00,,ensemble
989080,2026-05-28 12:13:18.928491+02,2026-05-28 12:12:00+02,12.31,14.86,11.69,12.90,0.00,0.00,16.11,OK,28.16,0.00,0.00,0.00,,ensemble
989082,2026-05-28 12:20:30.330742+02,2026-05-28 12:18:00+02,12.35,16.64,14.50,14.30,0.00,0.00,19.67,OK,38.03,0.00,0.00,0.00,,ensemble
989085,2026-05-28 12:24:25.991098+02,2026-05-28 12:27:00+02,12.42,19.13,19.12,16.40,0.00,0.00,28.16,OK,33.21,0.00,0.00,0.00,,ensemble
1072064,2026-05-29 13:05:58.530827+02,2026-05-29 13:06:00+02,10.24,15.16,5.23,10.20,0.00,0.00,11.23,OK,24.79,0.00,0.00,0.00,,ensemble
1158520,2026-05-30 15:52:04.560576+02,2026-05-30 15:54:00+02,20.76,16.57,4.82,14.70,0.00,0.00,26.15,OK,36.36,0.00,0.00,0.00,,ensemble
989104,2026-05-28 13:20:00.081026+02,2026-05-28 13:24:00+02,13.89,14.71,3.26,10.90,0.00,0.00,28.36,OK,35.28,0.00,0.00,0.00,,ensemble
1072056,2026-05-29 12:42:34.003444+02,2026-05-29 12:42:00+02,7.81,12.69,7.35,9.10,0.00,0.00,8.82,OK,20.25,0.00,0.00,0.00,,ensemble
1072061,2026-05-29 12:57:20.5296+02,2026-05-29 12:57:00+02,11.04,11.24,6.42,9.70,0.00,0.00,9.03,OK,25.52,0.00,0.00,0.00,,ensemble
1072060,2026-05-29 12:53:47.300297+02,2026-05-29 12:54:00+02,11.07,12.13,5.71,9.80,0.00,0.00,9.41,OK,25.99,0.00,0.00,0.00,,ensemble
989105,2026-05-28 13:30:02.547155+02,2026-05-28 13:27:00+02,13.95,12.64,12.30,13.10,0.00,0.00,21.29,OK,30.94,0.00,0.00,0.00,,ensemble
989106,2026-05-28 13:30:02.547155+02,2026-05-28 13:30:00+02,14.02,12.86,11.73,13.00,0.00,0.00,46.13,OK,32.51,0.00,0.00,0.00,,ensemble
1158558,2026-05-30 17:46:06.526883+02,2026-05-30 17:48:00+02,19.35,21.35,4.75,15.60,0.00,0.00,18.56,OK,28.74,0.00,0.00,0.00,,ensemble
1072055,2026-05-29 12:39:09.315927+02,2026-05-29 12:39:00+02,11.26,14.10,9.58,11.60,0.00,0.00,14.84,OK,24.80,0.00,0.00,0.00,,ensemble
989094,2026-05-28 12:54:32.011397+02,2026-05-28 12:54:00+02,12.71,13.44,27.65,17.40,0.00,0.00,34.08,OK,32.52,0.00,0.00,0.00,,ensemble
1072052,2026-05-29 12:29:50.342657+02,2026-05-29 12:30:00+02,11.43,14.95,7.50,11.30,0.00,0.00,12.21,OK,25.92,0.00,0.00,0.00,,ensemble
1237363,2026-05-31 08:49:57.829904+02,2026-05-31 08:51:00+02,5.95,10.72,6.78,7.60,0.00,0.00,7.81,OK,27.84,0.00,0.00,0.00,,ensemble
989092,2026-05-28 12:53:04.467654+02,2026-05-28 12:48:00+02,12.78,11.12,10.47,11.60,0.00,0.00,22.74,OK,28.90,0.00,0.00,0.00,,ensemble
1237365,2026-05-31 08:55:37.79821+02,2026-05-31 08:57:00+02,6.39,9.59,5.68,7.10,0.00,0.00,6.65,OK,19.09,0.00,0.00,0.00,,ensemble
1072063,2026-05-29 13:03:13.997977+02,2026-05-29 13:03:00+02,10.26,13.15,14.52,12.40,0.00,0.00,14.57,OK,24.36,0.00,0.00,0.00,,ensemble
1158559,2026-05-30 17:50:53.905835+02,2026-05-30 17:51:00+02,21.09,17.21,10.73,16.80,0.00,0.00,29.32,OK,30.14,0.00,0.00,0.00,,ensemble
1158560,2026-05-30 17:54:00.656431+02,2026-05-30 17:54:00+02,20.73,14.55,13.67,16.80,0.00,0.00,24.66,OK,31.03,0.00,0.00,0.00,,ensemble
1158561,2026-05-30 17:56:27.024555+02,2026-05-30 17:57:00+02,20.38,15.15,5.17,14.20,0.00,0.00,21.57,OK,22.32,0.00,0.00,0.00,,ensemble
1158600,2026-05-30 19:52:20.517014+02,2026-05-30 19:54:00+02,7.17,9.25,2.37,6.40,0.00,0.00,3.62,OK,,0.00,0.00,0.00,,ensemble
1072057,2026-05-29 12:45:16.826669+02,2026-05-29 12:45:00+02,11.19,12.35,12.39,11.90,0.00,0.00,13.89,OK,27.86,0.00,0.00,0.00,,ensemble
1158571,2026-05-30 18:24:41.829746+02,2026-05-30 18:27:00+02,14.44,12.93,12.90,13.50,0.00,0.00,12.91,OK,27.12,0.00,0.00,0.00,,ensemble
1237364,2026-05-31 08:53:48.402006+02,2026-05-31 08:54:00+02,5.04,12.83,8.29,8.40,0.00,0.00,6.86,OK,20.23,0.00,0.00,0.00,,ensemble
1158601,2026-05-30 19:56:34.411604+02,2026-05-30 19:57:00+02,7.10,12.52,5.57,8.30,0.00,0.00,7.79,OK,,0.00,0.00,0.00,,ensemble
1158566,2026-05-30 18:12:11.383932+02,2026-05-30 18:12:00+02,17.10,15.03,14.62,15.70,0.00,0.00,16.95,OK,23.45,0.00,0.00,0.00,,ensemble
1257434,2026-06-01 14:56:58.396916+02,2026-06-01 14:57:00+02,15.06,11.59,4.56,10.90,0.00,0.00,19.94,OK,27.21,0.00,0.00,0.00,,ensemble
1257433,2026-06-01 14:51:19.139448+02,2026-06-01 14:54:00+02,14.92,18.28,15.71,16.20,0.00,0.00,28.77,OK,28.61,0.00,0.00,0.00,,ensemble
1257474,2026-06-01 16:56:54.534136+02,2026-06-01 16:57:00+02,21.41,14.68,2.16,13.60,0.00,0.00,26.79,OK,25.41,0.00,0.00,0.00,,ensemble
989039,2026-05-28 10:09:40.513796+02,2026-05-28 10:09:00+02,18.40,3.95,13.11,12.50,0.00,0.00,14.19,OK,27.87,0.00,0.00,0.00,,ensemble
989040,2026-05-28 10:11:24.637144+02,2026-05-28 10:12:00+02,18.24,3.95,5.48,10.10,0.00,0.00,9.32,OK,31.11,0.00,0.00,0.00,,ensemble
989042,2026-05-28 10:18:34.627269+02,2026-05-28 10:18:00+02,19.52,3.95,10.16,12.00,0.00,0.00,13.98,OK,30.75,0.00,0.00,0.00,,ensemble
989043,2026-05-28 10:18:34.627269+02,2026-05-28 10:21:00+02,19.34,4.82,9.25,12.00,0.00,0.00,17.86,OK,37.51,0.00,0.00,0.00,,ensemble
989047,2026-05-28 10:32:58.634796+02,2026-05-28 10:33:00+02,20.00,7.42,14.87,14.70,0.00,0.00,26.17,OK,27.54,0.00,0.00,0.00,,ensemble
989048,2026-05-28 10:35:58.884235+02,2026-05-28 10:36:00+02,19.79,9.16,10.63,13.90,0.00,0.00,29.63,OK,28.16,0.00,0.00,0.00,,ensemble
989049,2026-05-28 10:35:58.884235+02,2026-05-28 10:39:00+02,19.58,9.91,9.43,13.60,0.00,0.00,29.17,OK,29.21,0.00,0.00,0.00,,ensemble
989052,2026-05-28 10:48:08.165119+02,2026-05-28 10:48:00+02,17.99,11.26,9.60,13.50,0.00,0.00,17.71,OK,24.70,0.00,0.00,0.00,,ensemble
989053,2026-05-28 10:50:49.514206+02,2026-05-28 10:51:00+02,17.77,11.90,17.64,16.00,0.00,0.00,23.19,OK,26.36,0.00,0.00,0.00,,ensemble
989057,2026-05-28 11:01:55.828857+02,2026-05-28 11:03:00+02,15.75,12.70,6.29,12.00,0.00,0.00,14.68,OK,26.87,0.00,0.00,0.00,,ensemble
989050,2026-05-28 10:41:59.033859+02,2026-05-28 10:42:00+02,19.36,12.17,9.60,14.30,0.00,0.00,18.08,OK,33.39,0.00,0.00,0.00,,ensemble
989051,2026-05-28 10:41:59.033859+02,2026-05-28 10:45:00+02,19.15,11.52,9.97,14.10,0.00,0.00,25.35,OK,33.49,0.00,0.00,0.00,,ensemble
989058,2026-05-28 11:06:14.894674+02,2026-05-28 11:06:00+02,16.23,12.72,7.04,12.40,0.00,0.00,15.30,OK,25.67,0.00,0.00,0.00,,ensemble
989149,2026-05-28 15:38:53.882599+02,2026-05-28 15:39:00+02,16.61,9.23,10.05,12.40,0.00,0.00,25.62,OK,29.15,0.00,0.00,0.00,,ensemble
1072037,2026-05-29 11:45:35.381066+02,2026-05-29 11:45:00+02,12.28,12.01,13.42,12.50,0.00,0.00,15.64,OK,27.37,0.00,0.00,0.00,,ensemble
1072039,2026-05-29 11:49:48.080415+02,2026-05-29 11:51:00+02,12.11,14.32,8.70,11.70,0.00,0.00,14.96,OK,27.43,0.00,0.00,0.00,,ensemble
989152,2026-05-28 15:45:23.367134+02,2026-05-28 15:48:00+02,17.39,8.95,6.74,11.70,0.00,0.00,17.72,OK,26.65,0.00,0.00,0.00,,ensemble
989147,2026-05-28 15:32:57.130818+02,2026-05-28 15:33:00+02,16.74,5.01,5.27,9.80,0.00,0.00,19.49,OK,30.42,0.00,0.00,0.00,,ensemble
989059,2026-05-28 11:07:11.719808+02,2026-05-28 11:09:00+02,16.06,12.72,7.50,12.50,0.00,0.00,15.00,OK,27.91,0.00,0.00,0.00,,ensemble
989044,2026-05-28 10:23:36.530685+02,2026-05-28 10:24:00+02,19.14,3.95,5.44,10.50,0.00,0.00,12.61,OK,29.17,0.00,0.00,0.00,,ensemble
989045,2026-05-28 10:23:36.530685+02,2026-05-28 10:27:00+02,18.93,4.82,5.41,10.60,0.00,0.00,19.64,OK,24.11,0.00,0.00,0.00,,ensemble
989036,2026-05-28 10:00:47.964755+02,2026-05-28 10:00:00+02,18.76,3.95,9.94,11.70,0.00,0.00,15.11,OK,23.82,0.00,0.00,0.00,,ensemble
989037,2026-05-28 10:03:11.29572+02,2026-05-28 10:03:00+02,18.66,3.95,6.94,10.70,0.00,0.00,10.05,OK,25.81,0.00,0.00,0.00,,ensemble
989038,2026-05-28 10:05:17.626491+02,2026-05-28 10:06:00+02,18.54,3.95,4.83,10.10,0.00,0.00,9.52,OK,24.28,0.00,0.00,0.00,,ensemble
989041,2026-05-28 10:13:29.867372+02,2026-05-28 10:15:00+02,17.18,3.95,12.08,11.70,0.00,0.00,12.13,OK,44.43,0.00,0.00,0.00,,ensemble
989046,2026-05-28 10:29:53.397054+02,2026-05-28 10:30:00+02,20.20,3.95,4.90,10.70,0.00,0.00,24.03,OK,25.89,0.00,0.00,0.00,,ensemble
989056,2026-05-28 11:00:11.845755+02,2026-05-28 11:00:00+02,17.15,12.96,7.55,13.00,0.00,0.00,22.45,OK,25.23,0.00,0.00,0.00,,ensemble
1072041,2026-05-29 11:57:25.23482+02,2026-05-29 11:57:00+02,11.73,15.16,11.75,12.80,0.00,0.00,13.78,OK,26.54,0.00,0.00,0.00,,ensemble
989054,2026-05-28 10:54:08.917606+02,2026-05-28 10:54:00+02,17.56,11.78,15.21,15.10,0.00,0.00,23.20,OK,26.88,0.00,0.00,0.00,,ensemble
989055,2026-05-28 10:54:08.917606+02,2026-05-28 10:57:00+02,17.35,11.57,14.57,14.80,0.00,0.00,33.39,OK,25.21,0.00,0.00,0.00,,ensemble
1072042,2026-05-29 11:59:24.459853+02,2026-05-29 12:00:00+02,11.66,14.42,7.22,11.20,0.00,0.00,13.10,OK,24.04,0.00,0.00,0.00,,ensemble
1072046,2026-05-29 12:11:51.845776+02,2026-05-29 12:12:00+02,11.39,16.99,17.10,14.80,0.00,0.00,18.68,OK,27.39,0.00,0.00,0.00,,ensemble
1072047,2026-05-29 12:14:57.344882+02,2026-05-29 12:15:00+02,11.32,19.31,12.82,14.20,0.00,0.00,16.24,OK,25.57,0.00,0.00,0.00,,ensemble
989150,2026-05-28 15:39:40.414639+02,2026-05-28 15:42:00+02,16.87,11.32,12.37,13.90,0.00,0.00,22.97,OK,25.57,0.00,0.00,0.00,,ensemble
1072048,2026-05-29 12:17:55.504555+02,2026-05-29 12:18:00+02,11.26,19.00,9.44,13.00,0.00,0.00,14.67,OK,24.90,0.00,0.00,0.00,,ensemble
1072044,2026-05-29 12:05:47.252979+02,2026-05-29 12:06:00+02,11.52,12.08,11.32,11.60,0.00,0.00,13.88,OK,25.50,0.00,0.00,0.00,,ensemble
1072045,2026-05-29 12:08:51.731608+02,2026-05-29 12:09:00+02,11.45,15.41,11.31,12.60,0.00,0.00,15.79,OK,23.85,0.00,0.00,0.00,,ensemble
1072049,2026-05-29 12:21:08.532586+02,2026-05-29 12:21:00+02,11.20,15.25,10.75,12.30,0.00,0.00,12.66,OK,38.84,0.00,0.00,0.00,,ensemble
1072050,2026-05-29 12:23:55.389068+02,2026-05-29 12:24:00+02,11.14,15.13,17.06,14.10,0.00,0.00,15.51,OK,26.43,0.00,0.00,0.00,,ensemble
1158460,2026-05-30 12:54:33.195135+02,2026-05-30 12:54:00+02,8.88,12.78,12.29,11.10,0.00,0.00,15.07,OK,33.88,0.00,0.00,0.00,,ensemble
1072043,2026-05-29 12:02:15.24589+02,2026-05-29 12:03:00+02,11.59,10.95,8.64,10.50,0.00,0.00,11.38,OK,25.26,0.00,0.00,0.00,,ensemble
1158461,2026-05-30 12:54:33.195135+02,2026-05-30 12:57:00+02,8.81,13.08,12.37,11.20,0.00,0.00,20.43,OK,28.60,0.00,0.00,0.00,,ensemble
1072038,2026-05-29 11:47:21.856762+02,2026-05-29 11:48:00+02,12.19,14.09,13.95,13.30,0.00,0.00,15.33,OK,27.32,0.00,0.00,0.00,,ensemble
1158468,2026-05-30 13:18:16.63371+02,2026-05-30 13:18:00+02,8.22,9.70,7.42,8.40,0.00,0.00,11.71,OK,24.37,0.00,0.00,0.00,,ensemble
1158480,2026-05-30 13:54:02.89217+02,2026-05-30 13:54:00+02,9.16,14.61,9.69,11.00,0.00,0.00,11.38,OK,30.54,0.00,0.00,0.00,,ensemble
1158481,2026-05-30 13:55:14.085321+02,2026-05-30 13:57:00+02,9.29,14.52,4.93,9.60,0.00,0.00,9.01,OK,24.30,0.00,0.00,0.00,,ensemble
1158466,2026-05-30 13:12:05.207454+02,2026-05-30 13:12:00+02,8.55,10.31,9.69,9.40,0.00,0.00,12.07,OK,33.26,0.00,0.00,0.00,,ensemble
1158464,2026-05-30 13:06:00.097426+02,2026-05-30 13:06:00+02,8.59,14.11,6.88,9.70,0.00,0.00,13.01,OK,30.66,0.00,0.00,0.00,,ensemble
1158479,2026-05-30 13:49:12.766623+02,2026-05-30 13:51:00+02,8.95,15.63,14.97,12.80,0.00,0.00,17.40,OK,27.24,0.00,0.00,0.00,,ensemble
1072040,2026-05-29 11:54:14.155667+02,2026-05-29 11:54:00+02,10.98,20.02,11.18,13.80,0.00,0.00,16.92,OK,26.91,0.00,0.00,0.00,,ensemble
1426845,2026-06-03 16:13:08.620536+02,2026-06-03 16:12:00+02,14.75,10.15,8.48,11.50,0.00,0.00,5.57,OK,18.85,0.00,0.00,0.00,,ensemble
1257357,2026-06-01 11:05:59.384483+02,2026-06-01 11:06:00+02,17.08,9.61,7.21,11.90,0.00,0.00,22.28,OK,28.94,0.00,0.00,0.00,,ensemble
1237438,2026-05-31 12:34:58.672152+02,2026-05-31 12:36:00+02,9.97,13.28,2.58,8.70,0.68,0.00,,OK,,0.00,0.00,0.00,,ensemble
1237437,2026-05-31 12:31:43.819425+02,2026-05-31 12:33:00+02,14.68,9.39,8.15,11.10,0.00,0.00,,OK,,0.00,0.00,0.00,,ensemble
989012,2026-05-28 08:48:43.140444+02,2026-05-28 08:48:00+02,10.14,11.91,16.01,12.40,0.00,0.00,16.76,OK,24.32,0.00,0.00,0.00,,ensemble
989013,2026-05-28 08:48:43.140444+02,2026-05-28 08:51:00+02,10.33,11.69,15.21,12.20,0.00,0.00,23.17,OK,25.43,0.00,0.00,0.00,,ensemble
989015,2026-05-28 08:57:09.599454+02,2026-05-28 08:57:00+02,12.18,9.35,5.90,9.40,0.00,0.00,9.61,OK,25.29,0.00,0.00,0.00,,ensemble
989016,2026-05-28 09:00:49.045453+02,2026-05-28 09:00:00+02,12.38,7.72,7.03,9.40,0.00,0.00,14.13,OK,25.32,0.00,0.00,0.00,,ensemble
989021,2026-05-28 09:14:51.075893+02,2026-05-28 09:15:00+02,13.84,7.92,12.35,11.60,0.00,0.00,13.96,OK,43.39,0.00,0.00,0.00,,ensemble
989022,2026-05-28 09:14:51.075893+02,2026-05-28 09:18:00+02,13.98,11.15,11.12,12.30,0.00,0.00,21.34,OK,26.77,0.00,0.00,0.00,,ensemble
989025,2026-05-28 09:27:05.957461+02,2026-05-28 09:27:00+02,16.05,6.84,13.27,12.40,0.00,0.00,23.37,OK,21.94,0.00,0.00,0.00,,ensemble
989027,2026-05-28 09:33:55.879469+02,2026-05-28 09:33:00+02,16.22,3.95,11.84,11.20,0.00,0.00,16.50,OK,26.10,0.00,0.00,0.00,,ensemble
989023,2026-05-28 09:20:59.849169+02,2026-05-28 09:21:00+02,14.11,7.10,7.42,10.00,0.00,0.00,11.73,OK,29.80,0.00,0.00,0.00,,ensemble
989028,2026-05-28 09:33:55.879469+02,2026-05-28 09:36:00+02,16.28,4.82,12.33,11.70,0.00,0.00,24.83,OK,26.81,0.00,0.00,0.00,,ensemble
989024,2026-05-28 09:20:59.849169+02,2026-05-28 09:24:00+02,14.22,8.06,7.20,10.30,0.00,0.00,19.49,OK,25.97,0.00,0.00,0.00,,ensemble
989029,2026-05-28 09:38:34.249013+02,2026-05-28 09:39:00+02,16.32,3.95,3.65,8.80,0.00,0.00,8.62,OK,23.60,0.00,0.00,0.00,,ensemble
989030,2026-05-28 09:41:14.856475+02,2026-05-28 09:42:00+02,15.23,3.95,4.62,8.70,0.00,0.00,7.18,OK,21.87,0.00,0.00,0.00,,ensemble
989031,2026-05-28 09:44:45.158136+02,2026-05-28 09:45:00+02,18.11,3.95,12.31,12.10,0.00,0.00,13.31,OK,27.68,0.00,0.00,0.00,,ensemble
989032,2026-05-28 09:46:34.969364+02,2026-05-28 09:48:00+02,18.11,3.95,16.84,13.50,0.00,0.00,16.31,OK,22.60,0.00,0.00,0.00,,ensemble
989033,2026-05-28 09:51:04.832413+02,2026-05-28 09:51:00+02,18.08,3.95,10.06,11.40,0.00,0.00,14.27,OK,23.79,0.00,0.00,0.00,,ensemble
989156,2026-05-28 16:00:10.037782+02,2026-05-28 16:00:00+02,17.65,12.51,15.75,15.50,0.00,0.00,27.07,OK,26.47,0.00,0.00,0.00,,ensemble
1072023,2026-05-29 11:02:51.837457+02,2026-05-29 11:03:00+02,16.21,10.83,9.63,12.60,0.00,0.00,19.41,OK,28.38,0.00,0.00,0.00,,ensemble
989160,2026-05-28 16:10:35.884018+02,2026-05-28 16:12:00+02,18.64,8.03,4.86,11.30,0.00,0.00,14.35,OK,27.84,0.00,0.00,0.00,,ensemble
1072025,2026-05-29 11:08:54.182002+02,2026-05-29 11:09:00+02,15.50,13.97,11.59,13.90,0.00,0.00,22.67,OK,28.26,0.00,0.00,0.00,,ensemble
989034,2026-05-28 09:52:53.078283+02,2026-05-28 09:54:00+02,18.03,3.95,6.22,10.30,0.00,0.00,11.89,OK,24.79,0.00,0.00,0.00,,ensemble
989019,2026-05-28 09:08:37.319341+02,2026-05-28 09:09:00+02,12.00,9.69,6.36,9.60,0.00,0.00,9.65,OK,31.30,0.00,0.00,0.00,,ensemble
1072028,2026-05-29 11:16:05.514738+02,2026-05-29 11:18:00+02,15.01,12.32,13.71,13.80,0.00,0.00,20.28,OK,26.16,0.00,0.00,0.00,,ensemble
989014,2026-05-28 08:54:12.465409+02,2026-05-28 08:54:00+02,11.97,10.25,6.68,9.90,0.00,0.00,12.72,OK,25.76,0.00,0.00,0.00,,ensemble
989017,2026-05-28 09:02:03.206085+02,2026-05-28 09:03:00+02,12.56,9.50,5.84,9.60,0.00,0.00,9.99,OK,28.09,0.00,0.00,0.00,,ensemble
989018,2026-05-28 09:02:03.206085+02,2026-05-28 09:06:00+02,12.74,11.15,5.85,10.20,0.00,0.00,14.06,OK,26.43,0.00,0.00,0.00,,ensemble
989158,2026-05-28 16:02:50.306699+02,2026-05-28 16:06:00+02,18.14,12.41,10.56,14.10,0.00,0.00,28.45,OK,25.08,0.00,0.00,0.00,,ensemble
1072031,2026-05-29 11:27:08.783584+02,2026-05-29 11:27:00+02,13.73,15.64,14.66,14.60,0.00,0.00,27.49,OK,24.92,0.00,0.00,0.00,,ensemble
1072035,2026-05-29 11:39:06.657861+02,2026-05-29 11:39:00+02,12.48,10.26,10.39,11.20,0.00,0.00,14.28,OK,24.91,0.00,0.00,0.00,,ensemble
1072036,2026-05-29 11:41:23.274884+02,2026-05-29 11:42:00+02,12.38,10.43,6.14,9.90,0.00,0.00,11.32,OK,23.73,0.00,0.00,0.00,,ensemble
1158454,2026-05-30 12:35:55.226436+02,2026-05-30 12:36:00+02,10.34,11.97,7.42,10.00,0.00,0.00,15.38,OK,33.08,0.00,0.00,0.00,,ensemble
1072034,2026-05-29 11:35:55.835844+02,2026-05-29 11:36:00+02,13.37,9.02,7.74,10.40,0.00,0.00,18.52,OK,29.31,0.00,0.00,0.00,,ensemble
1072033,2026-05-29 11:33:08.973141+02,2026-05-29 11:33:00+02,13.48,12.54,8.55,11.70,0.00,0.00,14.09,OK,24.44,0.00,0.00,0.00,,ensemble
1072027,2026-05-29 11:15:06.907745+02,2026-05-29 11:15:00+02,15.16,10.45,8.71,11.80,0.00,0.00,14.76,OK,26.66,0.00,0.00,0.00,,ensemble
1072029,2026-05-29 11:21:09.392997+02,2026-05-29 11:21:00+02,14.86,11.44,12.15,13.00,0.00,0.00,18.79,OK,39.46,0.00,0.00,0.00,,ensemble
1072032,2026-05-29 11:28:40.18492+02,2026-05-29 11:30:00+02,13.60,16.11,8.22,12.70,0.00,0.00,16.85,OK,26.24,0.00,0.00,0.00,,ensemble
1158455,2026-05-30 12:35:55.226436+02,2026-05-30 12:39:00+02,10.24,11.76,6.76,9.70,0.00,0.00,16.55,OK,28.05,0.00,0.00,0.00,,ensemble
989026,2026-05-28 09:29:48.888997+02,2026-05-28 09:30:00+02,16.14,3.95,5.21,9.20,0.00,0.00,20.07,OK,24.34,0.00,0.00,0.00,,ensemble
1237380,2026-05-31 09:41:36.060884+02,2026-05-31 09:42:00+02,12.37,5.15,14.10,10.70,0.00,0.00,12.53,OK,27.64,0.00,0.00,0.00,,ensemble
1072024,2026-05-29 11:05:46.2409+02,2026-05-29 11:06:00+02,16.91,10.85,11.90,13.60,0.00,0.00,21.84,OK,28.36,0.00,0.00,0.00,,ensemble
1158459,2026-05-30 12:51:14.954733+02,2026-05-30 12:51:00+02,8.96,13.02,6.35,9.40,0.00,0.00,13.67,OK,31.71,0.00,0.00,0.00,,ensemble
989020,2026-05-28 09:11:47.660503+02,2026-05-28 09:12:00+02,13.69,8.05,8.51,10.40,0.13,0.00,12.06,OK,37.50,0.00,0.00,0.00,,ensemble
1158457,2026-05-30 12:45:21.101417+02,2026-05-30 12:45:00+02,9.51,11.95,11.95,11.00,0.00,0.00,15.89,OK,29.21,0.00,0.00,0.00,,ensemble
1158456,2026-05-30 12:42:21.075258+02,2026-05-30 12:42:00+02,10.13,12.11,7.50,9.90,0.00,0.00,12.96,OK,28.58,0.00,0.00,0.00,,ensemble
1237381,2026-05-31 09:41:36.060884+02,2026-05-31 09:45:00+02,12.39,5.53,14.31,10.90,0.00,0.00,16.61,OK,28.18,0.00,0.00,0.00,,ensemble
1237382,2026-05-31 09:47:19.328832+02,2026-05-31 09:48:00+02,12.39,5.15,8.93,9.20,0.00,0.00,7.81,OK,26.19,0.00,0.00,0.00,,ensemble
1072030,2026-05-29 11:22:41.950048+02,2026-05-29 11:24:00+02,13.86,10.61,3.78,9.90,0.00,0.00,12.00,OK,26.82,0.00,0.00,0.00,,ensemble
1237422,2026-05-31 11:44:53.217419+02,2026-05-31 11:48:00+02,15.78,14.84,8.96,13.50,0.00,0.00,22.41,OK,26.84,0.00,0.00,0.00,,ensemble
1158568,2026-05-30 18:17:42.820333+02,2026-05-30 18:18:00+02,15.34,12.22,4.53,11.20,0.00,0.00,9.84,OK,27.22,0.00,0.00,0.00,,ensemble
1158458,2026-05-30 12:48:26.224434+02,2026-05-30 12:48:00+02,9.05,13.00,13.52,11.60,0.00,0.00,16.36,OK,31.65,0.00,0.00,0.00,,ensemble
1072026,2026-05-29 11:10:01.76428+02,2026-05-29 11:12:00+02,15.33,15.43,16.64,15.80,0.00,0.00,24.45,OK,35.63,0.00,0.00,0.00,,ensemble
1237378,2026-05-31 09:35:48.427703+02,2026-05-31 09:36:00+02,11.05,5.15,5.92,7.70,0.00,0.00,8.16,OK,23.54,0.00,0.00,0.00,,ensemble
1237379,2026-05-31 09:35:48.427703+02,2026-05-31 09:39:00+02,11.10,5.53,5.90,7.90,0.00,0.00,9.70,OK,25.43,0.00,0.00,0.00,,ensemble
1257455,2026-06-01 16:00:51.696297+02,2026-06-01 16:00:00+02,18.94,11.75,9.07,13.80,0.00,0.00,32.32,OK,28.08,0.00,0.00,0.00,,ensemble
1257456,2026-06-01 16:03:11.849267+02,2026-06-01 16:03:00+02,19.13,13.13,11.25,15.00,0.00,0.00,28.74,OK,26.69,0.00,0.00,0.00,,ensemble
1257454,2026-06-01 15:54:46.925848+02,2026-06-01 15:57:00+02,18.75,11.46,10.73,14.20,0.00,0.00,37.67,OK,26.90,0.00,0.00,0.00,,ensemble
989006,2026-05-28 08:27:16.226398+02,2026-05-28 08:30:00+02,26.54,15.89,11.79,18.90,0.00,0.00,42.79,OK,27.41,0.00,0.00,0.00,,ensemble
989008,2026-05-28 08:35:59.758265+02,2026-05-28 08:36:00+02,8.12,13.43,13.03,11.20,0.00,0.00,21.57,OK,29.46,0.00,0.00,0.00,,ensemble
989133,2026-05-28 14:51:26.485674+02,2026-05-28 14:51:00+02,17.19,10.46,14.08,14.20,0.00,0.00,28.65,OK,29.79,0.00,0.00,0.00,,ensemble
989134,2026-05-28 14:53:13.62596+02,2026-05-28 14:54:00+02,15.82,6.60,5.65,10.00,0.00,0.00,14.84,OK,31.00,0.00,0.00,0.00,,ensemble
989162,2026-05-28 16:15:55.308889+02,2026-05-28 16:18:00+02,19.04,7.11,2.68,10.60,0.00,0.00,12.81,OK,39.39,0.00,0.00,0.00,,ensemble
989007,2026-05-28 08:33:49.463726+02,2026-05-28 08:33:00+02,26.82,12.99,10.08,17.60,0.00,0.00,28.54,OK,28.60,0.00,0.00,0.00,,ensemble
989009,2026-05-28 08:38:29.687094+02,2026-05-28 08:39:00+02,9.57,10.41,7.24,9.10,0.00,0.00,15.99,OK,29.91,0.00,0.00,0.00,,ensemble
989010,2026-05-28 08:42:14.824847+02,2026-05-28 08:42:00+02,9.76,16.65,12.04,12.50,0.00,0.00,15.30,OK,24.11,0.00,0.00,0.00,,ensemble
989011,2026-05-28 08:42:14.824847+02,2026-05-28 08:45:00+02,9.96,15.82,11.77,12.30,0.00,0.00,21.94,OK,31.12,0.00,0.00,0.00,,ensemble
989066,2026-05-28 11:30:29.280554+02,2026-05-28 11:30:00+02,14.75,16.49,9.75,13.80,0.35,0.00,36.42,OK,29.02,0.00,0.00,0.00,,ensemble
989170,2026-05-28 16:42:17.128719+02,2026-05-28 16:42:00+02,18.79,6.07,5.40,11.00,0.00,0.00,18.22,OK,27.14,0.00,0.00,0.00,,ensemble
989172,2026-05-28 16:47:28.163115+02,2026-05-28 16:48:00+02,18.74,5.59,4.10,10.40,0.00,0.00,16.65,OK,27.41,0.00,0.00,0.00,,ensemble
989217,2026-05-28 18:59:30.464684+02,2026-05-28 19:03:00+02,7.45,13.97,16.37,12.10,0.00,0.00,15.85,OK,20.00,0.00,0.00,0.00,,ensemble
989143,2026-05-28 15:21:13.162543+02,2026-05-28 15:21:00+02,16.22,5.81,3.28,9.20,0.00,0.00,10.26,OK,43.24,0.00,0.00,0.00,,ensemble
989221,2026-05-28 19:14:57.454591+02,2026-05-28 19:15:00+02,7.77,10.58,6.52,8.20,0.00,0.00,2.63,OK,8.45,0.00,0.00,0.00,,ensemble
989218,2026-05-28 19:04:58.996445+02,2026-05-28 19:06:00+02,7.99,24.28,13.64,14.60,0.00,0.00,18.42,OK,20.58,0.00,0.00,0.00,,ensemble
989141,2026-05-28 15:12:32.259545+02,2026-05-28 15:15:00+02,15.76,8.27,9.28,11.60,0.00,0.00,17.07,OK,60.00,0.00,0.00,0.00,,ensemble
989132,2026-05-28 14:47:16.185703+02,2026-05-28 14:48:00+02,16.03,9.01,4.08,10.30,0.00,0.00,18.52,OK,27.20,0.00,0.00,0.00,,ensemble
989135,2026-05-28 14:56:39.240692+02,2026-05-28 14:57:00+02,16.00,4.45,2.01,8.30,0.00,0.00,9.60,OK,29.16,0.00,0.00,0.00,,ensemble
989139,2026-05-28 15:07:24.309975+02,2026-05-28 15:09:00+02,17.15,5.40,3.04,9.40,0.00,0.00,13.09,OK,30.80,0.00,0.00,0.00,,ensemble
989166,2026-05-28 16:26:23.614205+02,2026-05-28 16:30:00+02,18.78,6.30,4.51,10.80,0.00,0.00,46.71,OK,30.68,0.00,0.00,0.00,,ensemble
989164,2026-05-28 16:20:07.193371+02,2026-05-28 16:24:00+02,19.38,6.23,4.27,10.90,0.00,0.00,26.08,OK,36.11,0.00,0.00,0.00,,ensemble
989219,2026-05-28 19:08:16.690194+02,2026-05-28 19:09:00+02,7.92,17.86,11.73,12.00,0.00,0.00,9.81,OK,15.65,0.00,0.00,0.00,,ensemble
989168,2026-05-28 16:36:02.677186+02,2026-05-28 16:36:00+02,18.94,7.46,6.98,11.90,0.00,0.00,31.95,OK,36.18,0.00,0.00,0.00,,ensemble
989231,2026-05-28 19:43:53.310746+02,2026-05-28 19:45:00+02,7.17,10.89,3.67,7.20,0.00,0.00,2.04,OK,,0.00,0.00,0.00,,ensemble
1071972,2026-05-29 08:30:27.458166+02,2026-05-29 08:30:00+02,15.08,18.53,13.65,15.70,0.00,0.00,22.15,OK,30.45,0.00,0.00,0.00,,ensemble
1071973,2026-05-29 08:33:14.969587+02,2026-05-29 08:33:00+02,15.24,14.73,13.84,14.70,0.00,0.00,21.62,OK,29.97,0.00,0.00,0.00,,ensemble
1071976,2026-05-29 08:42:24.24007+02,2026-05-29 08:42:00+02,10.33,14.99,11.51,12.10,0.00,0.00,18.91,OK,31.53,0.00,0.00,0.00,,ensemble
1072009,2026-05-29 10:20:14.497169+02,2026-05-29 10:21:00+02,18.21,4.50,7.59,10.90,0.00,0.00,13.96,OK,39.73,0.00,0.00,0.00,,ensemble
1072012,2026-05-29 10:30:44.161511+02,2026-05-29 10:30:00+02,17.63,4.50,4.50,9.80,0.00,0.00,13.23,OK,28.55,0.00,0.00,0.00,,ensemble
1072022,2026-05-29 10:57:39.662258+02,2026-05-29 11:00:00+02,16.40,12.59,14.93,14.80,0.00,0.00,22.91,OK,27.05,0.00,0.00,0.00,,ensemble
1072010,2026-05-29 10:24:10.732653+02,2026-05-29 10:24:00+02,18.02,4.50,7.86,10.90,0.00,0.00,14.36,OK,29.14,0.00,0.00,0.00,,ensemble
1072011,2026-05-29 10:26:07.671217+02,2026-05-29 10:27:00+02,17.83,4.50,7.76,10.80,0.00,0.00,18.99,OK,27.25,0.00,0.00,0.00,,ensemble
989142,2026-05-28 15:16:21.111763+02,2026-05-28 15:18:00+02,15.98,8.74,8.04,11.40,0.00,0.00,16.44,OK,36.39,0.00,0.00,0.00,,ensemble
989140,2026-05-28 15:10:39.562069+02,2026-05-28 15:12:00+02,15.55,5.95,5.26,9.60,0.00,0.00,12.60,OK,30.56,0.00,0.00,0.00,,ensemble
1071979,2026-05-29 08:51:41.595218+02,2026-05-29 08:51:00+02,10.76,10.48,12.76,11.30,0.00,0.00,20.35,OK,38.17,0.00,0.00,0.00,,ensemble
989138,2026-05-28 15:04:50.536767+02,2026-05-28 15:06:00+02,16.60,4.60,3.14,9.00,0.00,0.00,11.87,OK,26.45,0.00,0.00,0.00,,ensemble
989220,2026-05-28 19:10:42.003045+02,2026-05-28 19:12:00+02,7.84,21.72,21.14,16.00,0.00,0.00,15.13,OK,22.08,0.00,0.00,0.00,,ensemble
1071977,2026-05-29 08:45:47.079695+02,2026-05-29 08:45:00+02,10.47,13.84,12.82,12.20,0.00,0.00,19.14,OK,37.06,0.00,0.00,0.00,,ensemble
1071975,2026-05-29 08:39:32.384233+02,2026-05-29 08:39:00+02,10.18,11.68,12.26,11.30,0.00,0.00,19.52,OK,32.80,0.00,0.00,0.00,,ensemble
989136,2026-05-28 14:59:04.074425+02,2026-05-28 15:00:00+02,16.19,4.45,1.42,8.20,0.00,0.00,11.42,OK,29.07,0.00,0.00,0.00,,ensemble
989137,2026-05-28 14:59:04.074425+02,2026-05-28 15:03:00+02,16.39,4.89,1.95,8.60,0.00,0.00,12.78,OK,29.06,0.00,0.00,0.00,,ensemble
1071974,2026-05-29 08:36:50.064918+02,2026-05-29 08:36:00+02,15.40,11.19,17.01,14.60,0.00,0.00,31.06,OK,35.04,0.00,0.00,0.00,,ensemble
1071978,2026-05-29 08:45:47.079695+02,2026-05-29 08:48:00+02,10.62,13.76,14.03,12.60,0.00,0.00,24.90,OK,36.19,0.00,0.00,0.00,,ensemble
1072013,2026-05-29 10:33:21.491495+02,2026-05-29 10:33:00+02,17.45,6.14,8.73,11.40,0.00,0.00,15.17,OK,26.31,0.00,0.00,0.00,,ensemble
1158564,2026-05-30 18:05:33.006668+02,2026-05-30 18:06:00+02,17.80,12.02,4.76,12.20,0.00,0.00,17.16,OK,23.38,0.00,0.00,0.00,,ensemble
1158572,2026-05-30 18:30:10.811078+02,2026-05-30 18:30:00+02,14.19,12.35,9.04,12.10,0.00,0.00,10.62,OK,27.28,0.00,0.00,0.00,,ensemble
1158597,2026-05-30 19:43:11.733067+02,2026-05-30 19:45:00+02,7.37,12.11,2.89,7.40,0.00,0.00,5.17,OK,,0.00,0.00,0.00,,ensemble
1158598,2026-05-30 19:46:53.614936+02,2026-05-30 19:48:00+02,7.33,12.08,1.12,6.90,0.05,0.00,4.26,OK,,0.00,0.00,0.00,,ensemble
1158603,2026-05-30 19:59:34.275503+02,2026-05-30 20:03:00+02,6.94,13.67,3.77,8.00,0.00,0.00,,OK,,0.00,0.00,0.00,,ensemble
1158565,2026-05-30 18:07:40.369864+02,2026-05-30 18:09:00+02,17.44,10.91,3.04,11.20,0.00,0.00,15.96,OK,26.54,0.00,0.00,0.00,,ensemble
1237386,2026-05-31 09:58:26.224755+02,2026-05-31 10:00:00+02,14.21,5.15,7.53,9.50,0.00,0.00,10.69,OK,25.66,0.00,0.00,0.00,,ensemble
1158602,2026-05-30 19:59:34.275503+02,2026-05-30 20:00:00+02,7.03,13.91,8.93,9.70,0.00,0.00,,OK,,0.00,0.00,0.00,,ensemble
1237385,2026-05-31 09:57:13.300624+02,2026-05-31 09:57:00+02,14.27,5.15,15.63,11.90,0.00,0.00,15.13,OK,23.64,0.00,0.00,0.00,,ensemble
1257520,2026-06-01 19:14:58.678118+02,2026-06-01 19:15:00+02,13.72,17.50,9.10,13.50,0.00,0.00,12.24,OK,41.02,0.00,0.00,0.00,,ensemble
1426820,2026-06-03 14:56:00.425622+02,2026-06-03 14:57:00+02,10.92,8.10,7.30,9.00,0.00,0.00,3.80,OK,11.77,0.00,0.00,0.00,,ensemble
1257518,2026-06-01 19:08:37.368976+02,2026-06-01 19:09:00+02,11.67,16.00,14.96,14.00,0.00,0.00,15.39,OK,25.89,0.00,0.00,0.00,,ensemble
1257519,2026-06-01 19:08:37.368976+02,2026-06-01 19:12:00+02,11.65,15.53,12.10,12.90,0.00,0.00,18.29,OK,20.00,0.00,0.00,0.00,,ensemble
989239,2026-05-28 20:06:30.395882+02,2026-05-28 20:09:00+02,0.00,14.54,16.93,9.40,0.00,0.00,,OK,,0.00,0.00,0.00,,ensemble
989237,2026-05-28 20:00:17.493317+02,2026-05-28 20:03:00+02,5.95,13.25,12.70,10.20,0.00,0.00,,OK,,0.00,0.00,0.00,,ensemble
989232,2026-05-28 19:48:01.889254+02,2026-05-28 19:48:00+02,6.97,13.48,15.34,11.40,0.00,0.00,7.21,OK,,0.00,0.00,0.00,,ensemble
989235,2026-05-28 19:54:51.311006+02,2026-05-28 19:57:00+02,6.48,11.27,3.73,7.10,0.00,0.00,1.83,OK,,0.00,0.00,0.00,,ensemble
989244,2026-05-28 20:21:53.202727+02,2026-05-28 20:24:00+02,0.00,5.75,1.57,2.20,0.00,,,OK,,0.00,0.00,0.00,,ensemble
989245,2026-05-28 20:26:48.658465+02,2026-05-28 20:27:00+02,3.57,4.19,1.56,3.20,0.00,,,OK,,0.00,0.00,0.00,,ensemble
1071982,2026-05-29 08:59:03.875793+02,2026-05-29 09:00:00+02,12.81,9.04,12.80,11.70,0.00,0.00,23.53,OK,32.74,0.00,0.00,0.00,,ensemble
1071980,2026-05-29 08:54:00.79433+02,2026-05-29 08:54:00+02,10.91,9.58,9.44,10.10,0.00,0.00,17.23,OK,35.07,0.00,0.00,0.00,,ensemble
1071985,2026-05-29 09:08:56.677295+02,2026-05-29 09:09:00+02,13.25,10.00,5.82,10.00,0.00,0.00,17.82,OK,37.14,0.00,0.00,0.00,,ensemble
1071986,2026-05-29 09:11:54.925779+02,2026-05-29 09:12:00+02,10.67,8.79,4.78,8.30,0.00,0.00,13.71,OK,40.14,0.00,0.00,0.00,,ensemble
1071987,2026-05-29 09:15:29.072379+02,2026-05-29 09:15:00+02,14.04,8.08,10.47,11.20,0.00,0.00,19.72,OK,22.30,0.00,0.00,0.00,,ensemble
1071988,2026-05-29 09:17:50.486761+02,2026-05-29 09:18:00+02,14.16,9.16,10.07,11.40,0.00,0.00,21.98,OK,22.39,0.00,0.00,0.00,,ensemble
1071991,2026-05-29 09:26:41.27541+02,2026-05-29 09:27:00+02,14.44,6.88,2.80,8.70,0.00,0.00,16.23,OK,21.27,0.00,0.00,0.00,,ensemble
1158409,2026-05-30 10:20:36.536981+02,2026-05-30 10:21:00+02,15.75,5.34,9.03,10.60,0.00,0.00,10.84,OK,32.64,0.00,0.00,0.00,,ensemble
1158437,2026-05-30 11:45:22.109121+02,2026-05-30 11:45:00+02,14.55,15.98,16.49,15.60,0.00,0.00,22.32,OK,25.17,0.00,0.00,0.00,,ensemble
1158438,2026-05-30 11:47:08.972222+02,2026-05-30 11:48:00+02,14.49,12.32,7.60,11.80,0.00,0.00,13.25,OK,26.01,0.00,0.00,0.00,,ensemble
1071990,2026-05-29 09:24:08.700116+02,2026-05-29 09:24:00+02,14.36,7.46,3.75,9.10,0.00,0.00,16.32,OK,24.84,0.00,0.00,0.00,,ensemble
989240,2026-05-28 20:11:05.932893+02,2026-05-28 20:12:00+02,5.82,15.75,5.85,8.80,0.00,0.00,,OK,,0.00,0.00,0.00,,ensemble
989241,2026-05-28 20:11:05.932893+02,2026-05-28 20:15:00+02,5.54,15.12,4.35,8.10,0.00,,,OK,,0.00,0.00,0.00,,ensemble
1158430,2026-05-30 11:23:59.840165+02,2026-05-30 11:24:00+02,13.39,15.69,12.72,13.90,0.00,0.00,14.47,OK,26.23,0.00,0.00,0.00,,ensemble
1071984,2026-05-29 09:05:09.24372+02,2026-05-29 09:06:00+02,13.11,9.92,6.85,10.30,0.00,0.00,22.62,OK,37.86,0.00,0.00,0.00,,ensemble
1071983,2026-05-29 09:02:28.148174+02,2026-05-29 09:03:00+02,12.96,9.28,5.45,9.60,0.00,0.00,20.30,OK,36.19,0.00,0.00,0.00,,ensemble
1071992,2026-05-29 09:30:21.032689+02,2026-05-29 09:30:00+02,15.36,4.50,12.00,11.10,0.00,0.00,12.55,OK,24.63,0.00,0.00,0.00,,ensemble
1158439,2026-05-30 11:51:31.159102+02,2026-05-30 11:51:00+02,14.43,16.47,9.06,13.40,0.00,0.00,19.50,OK,26.66,0.00,0.00,0.00,,ensemble
989233,2026-05-28 19:50:22.812631+02,2026-05-28 19:51:00+02,6.76,12.61,6.18,8.30,0.00,0.00,3.68,OK,,0.00,0.00,0.00,,ensemble
989236,2026-05-28 19:59:07.227124+02,2026-05-28 20:00:00+02,6.22,11.69,9.22,8.80,0.00,0.00,,OK,,0.00,0.00,0.00,,ensemble
1071993,2026-05-29 09:31:30.935004+02,2026-05-29 09:33:00+02,15.43,4.50,1.90,8.10,0.00,0.00,6.38,OK,20.04,0.00,0.00,0.00,,ensemble
1158453,2026-05-30 12:33:22.128325+02,2026-05-30 12:33:00+02,10.45,16.09,8.94,11.70,0.00,0.00,15.43,OK,28.56,0.00,0.00,0.00,,ensemble
1071989,2026-05-29 09:21:46.630503+02,2026-05-29 09:21:00+02,14.27,7.48,8.68,10.60,0.00,0.00,20.58,OK,31.82,0.00,0.00,0.00,,ensemble
1158435,2026-05-30 11:39:50.596029+02,2026-05-30 11:39:00+02,13.73,13.88,14.40,14.00,0.00,0.00,18.46,OK,23.87,0.00,0.00,0.00,,ensemble
989242,2026-05-28 20:16:27.469883+02,2026-05-28 20:18:00+02,5.25,14.24,8.59,9.00,0.00,,,OK,,0.00,0.00,0.00,,ensemble
989243,2026-05-28 20:16:27.469883+02,2026-05-28 20:21:00+02,4.97,13.61,5.20,7.60,0.00,,,OK,,0.00,0.00,0.00,,ensemble
1158452,2026-05-30 12:29:49.329809+02,2026-05-30 12:30:00+02,10.56,16.14,7.74,11.40,0.00,0.00,12.77,OK,30.43,0.00,0.00,0.00,,ensemble
989234,2026-05-28 19:53:36.685464+02,2026-05-28 19:54:00+02,6.74,11.41,4.18,7.40,0.00,0.00,2.15,OK,,0.00,0.00,0.00,,ensemble
1071981,2026-05-29 08:56:11.167034+02,2026-05-29 08:57:00+02,12.65,9.31,5.68,9.60,0.00,0.00,14.99,OK,36.06,0.00,0.00,0.00,,ensemble
1158440,2026-05-30 11:51:51.753552+02,2026-05-30 11:54:00+02,14.36,16.47,10.68,13.90,0.00,0.00,15.98,OK,28.07,0.00,0.00,0.00,,ensemble
989238,2026-05-28 20:05:52.610613+02,2026-05-28 20:06:00+02,5.67,14.10,13.60,10.60,0.00,0.00,,OK,,0.00,0.00,0.00,,ensemble
1237443,2026-05-31 12:51:01.362696+02,2026-05-31 12:51:00+02,10.41,19.87,21.03,16.40,0.00,,,OK,,0.00,0.00,0.00,,ensemble
1158436,2026-05-30 11:41:23.784361+02,2026-05-30 11:42:00+02,13.47,15.24,3.69,11.10,0.00,0.00,13.17,OK,24.44,0.00,0.00,0.00,,ensemble
1158431,2026-05-30 11:27:12.991433+02,2026-05-30 11:27:00+02,14.08,17.88,11.34,14.40,0.00,0.00,17.41,OK,26.87,0.00,0.00,0.00,,ensemble
1158451,2026-05-30 12:27:13.866748+02,2026-05-30 12:27:00+02,10.60,17.15,10.22,12.50,0.00,0.00,13.84,OK,29.75,0.00,0.00,0.00,,ensemble
1237442,2026-05-31 12:47:13.151622+02,2026-05-31 12:48:00+02,13.89,16.38,14.82,14.90,2.14,,,OK,,0.00,0.00,0.00,,ensemble
1237440,2026-05-31 12:40:24.405416+02,2026-05-31 12:42:00+02,9.91,12.80,4.37,9.10,0.00,0.00,,OK,,0.00,0.00,0.00,,ensemble
1237441,2026-05-31 12:44:53.393862+02,2026-05-31 12:45:00+02,9.90,12.71,13.93,12.00,0.00,,,OK,,0.00,0.00,0.00,,ensemble
1158429,2026-05-30 11:21:03.55499+02,2026-05-30 11:21:00+02,13.51,15.22,14.13,14.20,0.00,0.00,15.69,OK,31.15,0.00,0.00,0.00,,ensemble
1237444,2026-05-31 12:53:21.156596+02,2026-05-31 12:54:00+02,10.42,21.30,9.62,13.40,0.00,,,OK,,0.00,0.00,0.00,,ensemble
1257376,2026-06-01 12:03:37.416915+02,2026-06-01 12:03:00+02,12.60,12.99,12.27,12.60,0.00,0.00,20.25,OK,24.16,0.00,0.00,0.00,,ensemble
1257377,2026-06-01 12:05:39.580395+02,2026-06-01 12:06:00+02,11.67,13.72,11.62,12.30,0.00,0.00,16.95,OK,22.49,0.00,0.00,0.00,,ensemble
1257380,2026-06-01 12:11:42.083267+02,2026-06-01 12:15:00+02,11.35,17.69,14.82,14.30,0.00,0.00,24.58,OK,26.31,0.00,0.00,0.00,,ensemble
1360311,2026-06-02 09:21:54.952129+02,2026-06-02 09:21:00+02,11.05,8.04,4.21,8.10,0.00,0.00,8.56,OK,25.71,0.00,0.00,0.00,,ensemble
1237445,2026-05-31 12:56:57.815391+02,2026-05-31 12:57:00+02,10.44,17.29,17.08,14.50,0.00,,,OK,,0.00,0.00,0.00,,ensemble
1257378,2026-06-01 12:09:38.699693+02,2026-06-01 12:09:00+02,11.56,18.19,19.39,15.90,0.00,0.00,21.26,OK,26.15,0.00,0.00,0.00,,ensemble
1257381,2026-06-01 12:17:35.93448+02,2026-06-01 12:18:00+02,11.26,22.50,4.40,12.60,0.00,0.00,12.26,OK,26.38,0.00,0.00,0.00,,ensemble
1257379,2026-06-01 12:11:42.083267+02,2026-06-01 12:12:00+02,11.45,17.99,16.37,14.90,0.00,0.00,18.59,OK,35.22,0.00,0.00,0.00,,ensemble
1360478,2026-06-02 17:42:49.000193+02,2026-06-02 17:42:00+02,13.62,18.71,17.31,16.30,0.00,0.00,11.25,OK,23.70,0.00,0.00,0.00,,ensemble
1426826,2026-06-03 15:15:26.81052+02,2026-06-03 15:15:00+02,10.95,6.41,6.87,8.40,0.00,0.00,2.14,OK,9.16,0.00,0.00,0.00,,ensemble
1426828,2026-06-03 15:21:50.12173+02,2026-06-03 15:21:00+02,11.27,10.81,4.52,9.10,0.00,0.00,3.38,OK,14.49,0.00,0.00,0.00,,ensemble
1426827,2026-06-03 15:17:26.550821+02,2026-06-03 15:18:00+02,11.09,9.82,11.58,10.90,0.00,0.00,5.46,OK,18.73,0.00,0.00,0.00,,ensemble
989171,2026-05-28 16:43:03.758865+02,2026-05-28 16:45:00+02,18.78,5.59,3.40,10.20,0.00,0.00,15.33,OK,33.27,0.00,0.00,0.00,,ensemble
989173,2026-05-28 16:48:43.729236+02,2026-05-28 16:51:00+02,18.66,5.59,4.24,10.40,0.00,0.00,19.45,OK,30.58,0.00,0.00,0.00,,ensemble
989185,2026-05-28 17:27:11.286104+02,2026-05-28 17:27:00+02,15.22,18.85,17.80,17.10,0.00,0.00,21.89,OK,20.00,0.00,0.00,0.00,,ensemble
989199,2026-05-28 18:08:18.219616+02,2026-05-28 18:09:00+02,10.37,14.77,13.93,12.80,0.00,0.00,11.44,OK,17.62,0.00,0.00,0.00,,ensemble
989163,2026-05-28 16:20:07.193371+02,2026-05-28 16:21:00+02,19.22,5.69,5.53,11.10,0.00,0.00,12.47,OK,45.35,0.00,0.00,0.00,,ensemble
989159,2026-05-28 16:08:30.557005+02,2026-05-28 16:09:00+02,18.37,8.09,3.61,10.90,0.00,0.00,14.92,OK,36.48,0.00,0.00,0.00,,ensemble
1071994,2026-05-29 09:36:36.912109+02,2026-05-29 09:36:00+02,15.47,4.50,3.20,8.50,0.82,0.00,9.14,OK,24.00,0.00,0.00,0.00,,ensemble
989203,2026-05-28 18:19:28.237814+02,2026-05-28 18:21:00+02,9.08,14.71,10.66,11.20,0.00,0.00,6.26,OK,14.90,0.00,0.00,0.00,,ensemble
989202,2026-05-28 18:17:05.241001+02,2026-05-28 18:18:00+02,7.02,14.71,6.16,9.10,0.00,0.00,3.05,OK,4.62,0.00,0.00,0.00,,ensemble
1071995,2026-05-29 09:36:36.912109+02,2026-05-29 09:39:00+02,15.50,5.57,2.34,8.60,0.00,0.00,9.72,OK,24.95,0.00,0.00,0.00,,ensemble
989181,2026-05-28 17:14:01.274798+02,2026-05-28 17:15:00+02,20.20,9.88,4.99,12.50,0.00,0.00,13.69,OK,28.74,0.00,0.00,0.00,,ensemble
1071998,2026-05-29 09:48:38.871704+02,2026-05-29 09:48:00+02,16.46,4.50,13.53,12.00,0.00,0.00,12.67,OK,28.48,0.00,0.00,0.00,,ensemble
989167,2026-05-28 16:31:39.7999+02,2026-05-28 16:33:00+02,18.88,7.45,4.82,11.20,0.00,0.00,25.03,OK,31.81,0.00,0.00,0.00,,ensemble
1072000,2026-05-29 09:53:15.07182+02,2026-05-29 09:54:00+02,16.37,4.50,5.97,9.70,0.00,0.00,9.74,OK,27.79,0.00,0.00,0.00,,ensemble
1072001,2026-05-29 09:55:13.919046+02,2026-05-29 09:57:00+02,16.30,4.50,13.34,11.90,0.00,0.00,13.86,OK,28.07,0.00,0.00,0.00,,ensemble
989169,2026-05-28 16:37:23.862573+02,2026-05-28 16:39:00+02,18.99,7.15,2.91,10.60,0.00,0.00,20.84,OK,30.83,0.00,0.00,0.00,,ensemble
989175,2026-05-28 16:54:25.606851+02,2026-05-28 16:57:00+02,18.44,9.67,15.45,14.90,0.00,0.00,21.55,OK,28.84,0.00,0.00,0.00,,ensemble
1072003,2026-05-29 10:01:30.548372+02,2026-05-29 10:03:00+02,17.59,4.50,4.84,9.80,0.00,0.00,13.56,OK,26.88,0.00,0.00,0.00,,ensemble
989183,2026-05-28 17:18:55.586882+02,2026-05-28 17:21:00+02,15.98,7.20,3.45,9.60,0.00,0.00,8.19,OK,20.54,0.00,0.00,0.00,,ensemble
989101,2026-05-28 13:13:12.453741+02,2026-05-28 13:15:00+02,13.74,11.62,4.42,10.30,0.00,0.00,20.74,OK,48.46,0.00,0.00,0.00,,ensemble
989165,2026-05-28 16:26:23.614205+02,2026-05-28 16:27:00+02,18.67,5.68,4.43,10.50,0.00,0.00,14.07,OK,30.17,0.00,0.00,0.00,,ensemble
1072004,2026-05-29 10:05:40.148102+02,2026-05-29 10:06:00+02,17.48,4.50,7.79,10.70,0.00,0.00,15.20,OK,27.90,0.00,0.00,0.00,,ensemble
1072005,2026-05-29 10:07:44.940035+02,2026-05-29 10:09:00+02,17.36,4.50,4.36,9.60,0.00,0.00,12.23,OK,28.42,0.00,0.00,0.00,,ensemble
989179,2026-05-28 17:05:45.066939+02,2026-05-28 17:09:00+02,17.50,8.84,6.51,11.60,0.00,0.00,19.42,OK,27.27,0.00,0.00,0.00,,ensemble
989161,2026-05-28 16:14:15.662192+02,2026-05-28 16:15:00+02,18.85,7.11,2.27,10.40,0.00,0.00,12.40,OK,60.00,0.00,0.00,0.00,,ensemble
1072007,2026-05-29 10:14:59.66962+02,2026-05-29 10:15:00+02,17.06,4.50,5.70,9.90,0.00,0.00,11.39,OK,26.79,0.00,0.00,0.00,,ensemble
989157,2026-05-28 16:02:50.306699+02,2026-05-28 16:03:00+02,17.90,12.50,10.79,14.10,0.00,0.00,19.64,OK,27.31,0.00,0.00,0.00,,ensemble
989177,2026-05-28 17:03:03.556868+02,2026-05-28 17:03:00+02,17.98,11.15,2.16,11.20,0.00,0.00,14.12,OK,23.81,0.00,0.00,0.00,,ensemble
1072008,2026-05-29 10:17:53.793353+02,2026-05-29 10:18:00+02,18.38,4.50,6.29,10.60,0.00,0.00,13.61,OK,26.83,0.00,0.00,0.00,,ensemble
1237410,2026-05-31 11:11:05.693571+02,2026-05-31 11:12:00+02,14.15,9.64,3.62,9.60,0.00,0.00,9.32,OK,23.02,0.00,0.00,0.00,,ensemble
1072006,2026-05-29 10:11:52.353887+02,2026-05-29 10:12:00+02,17.21,4.50,5.71,10.00,0.00,0.00,13.01,OK,37.00,0.00,0.00,0.00,,ensemble
989155,2026-05-28 15:57:04.457398+02,2026-05-28 15:57:00+02,17.40,9.22,10.75,13.00,0.00,0.00,17.06,OK,26.56,0.00,0.00,0.00,,ensemble
1072002,2026-05-29 10:00:19.331375+02,2026-05-29 10:00:00+02,14.90,4.50,14.47,11.70,0.00,0.00,15.85,OK,25.47,0.00,0.00,0.00,,ensemble
1071996,2026-05-29 09:42:42.817219+02,2026-05-29 09:42:00+02,15.52,4.50,3.02,8.50,0.00,0.00,7.46,OK,24.46,0.00,0.00,0.00,,ensemble
989153,2026-05-28 15:51:11.839707+02,2026-05-28 15:51:00+02,17.65,6.18,6.04,10.70,0.00,0.00,18.72,OK,28.87,0.00,0.00,0.00,,ensemble
989151,2026-05-28 15:44:39.690333+02,2026-05-28 15:45:00+02,17.12,8.95,6.80,11.60,0.00,0.00,17.59,OK,32.17,0.00,0.00,0.00,,ensemble
1071999,2026-05-29 09:49:03.333707+02,2026-05-29 09:51:00+02,16.42,4.50,14.41,12.20,0.00,0.00,16.06,OK,29.54,0.00,0.00,0.00,,ensemble
989102,2026-05-28 13:20:00.081026+02,2026-05-28 13:18:00+02,13.79,13.90,4.55,11.00,0.00,0.00,16.37,OK,34.65,0.00,0.00,0.00,,ensemble
989103,2026-05-28 13:20:00.081026+02,2026-05-28 13:21:00+02,13.84,14.37,3.81,11.00,0.00,0.00,20.50,OK,43.84,0.00,0.00,0.00,,ensemble
1158563,2026-05-30 18:02:06.832501+02,2026-05-30 18:03:00+02,18.18,11.38,5.05,12.20,0.00,0.00,17.28,OK,24.42,0.00,0.00,0.00,,ensemble
1158599,2026-05-30 19:49:55.027377+02,2026-05-30 19:51:00+02,7.28,10.45,4.80,7.50,0.00,0.00,7.08,OK,,0.00,0.00,0.00,,ensemble
1158557,2026-05-30 17:44:59.609134+02,2026-05-30 17:45:00+02,21.13,20.90,20.25,20.80,0.00,0.00,27.28,OK,32.65,0.00,0.00,0.00,,ensemble
1158432,2026-05-30 11:27:12.991433+02,2026-05-30 11:30:00+02,13.98,16.99,11.17,14.00,0.00,0.00,22.08,OK,27.40,0.00,0.00,0.00,,ensemble
1071997,2026-05-29 09:44:13.585323+02,2026-05-29 09:45:00+02,13.46,4.50,2.57,7.50,0.00,0.00,5.12,OK,22.62,0.00,0.00,0.00,,ensemble
1158433,2026-05-30 11:33:26.8193+02,2026-05-30 11:33:00+02,13.89,15.95,10.16,13.40,0.00,0.00,16.95,OK,25.53,0.00,0.00,0.00,,ensemble
1158434,2026-05-30 11:33:26.8193+02,2026-05-30 11:36:00+02,13.81,15.26,10.26,13.20,0.00,0.00,27.15,OK,29.30,0.00,0.00,0.00,,ensemble
1237423,2026-05-31 11:50:25.32003+02,2026-05-31 11:51:00+02,10.94,17.80,19.90,15.70,0.00,0.00,22.40,OK,29.48,0.00,0.00,0.00,,ensemble
1158562,2026-05-30 17:59:51.244305+02,2026-05-30 18:00:00+02,20.02,11.77,9.82,14.50,0.00,0.00,23.28,OK,24.53,0.00,0.00,0.00,,ensemble
1158556,2026-05-30 17:39:43.723819+02,2026-05-30 17:42:00+02,21.48,20.09,19.89,20.60,0.00,0.00,27.12,OK,29.96,0.00,0.00,0.00,,ensemble
1237431,2026-05-31 12:12:46.786976+02,2026-05-31 12:15:00+02,10.81,14.32,4.09,9.80,1.04,0.00,9.42,OK,,0.00,0.00,0.00,,ensemble
1237411,2026-05-31 11:13:51.472556+02,2026-05-31 11:15:00+02,16.55,9.67,4.55,10.90,0.00,0.00,12.25,OK,25.92,0.00,0.00,0.00,,ensemble
1237432,2026-05-31 12:17:58.082844+02,2026-05-31 12:18:00+02,10.80,17.35,14.37,13.80,0.00,0.00,16.11,OK,,0.00,0.00,0.00,,ensemble
1426808,2026-06-03 14:20:21.747346+02,2026-06-03 14:21:00+02,8.98,7.61,14.33,10.20,0.00,0.00,5.22,OK,17.72,0.00,0.00,0.00,,ensemble
1237439,2026-05-31 12:37:54.887753+02,2026-05-31 12:39:00+02,9.94,12.99,4.92,9.30,0.67,0.00,,OK,,0.00,0.00,0.00,,ensemble
1426807,2026-06-03 14:16:39.256614+02,2026-06-03 14:18:00+02,8.89,7.41,4.29,7.10,0.00,0.00,0.38,OK,5.61,0.00,0.00,0.00,,ensemble
989063,2026-05-28 11:21:26.234699+02,2026-05-28 11:21:00+02,15.05,12.47,9.47,12.60,0.00,0.00,15.27,OK,43.69,0.00,0.00,0.00,,ensemble
989065,2026-05-28 11:24:57.167496+02,2026-05-28 11:27:00+02,14.84,13.19,17.30,15.10,0.00,0.00,22.73,OK,27.57,0.00,0.00,0.00,,ensemble
989191,2026-05-28 17:44:07.620944+02,2026-05-28 17:45:00+02,13.88,14.44,4.47,11.20,0.00,0.00,7.70,OK,23.89,0.00,0.00,0.00,,ensemble
1072015,2026-05-29 10:39:20.83414+02,2026-05-29 10:39:00+02,18.16,12.48,11.85,14.60,0.00,0.00,23.24,OK,27.40,0.00,0.00,0.00,,ensemble
1072016,2026-05-29 10:39:20.83414+02,2026-05-29 10:42:00+02,17.95,12.47,11.97,14.50,0.00,0.00,27.25,OK,26.46,0.00,0.00,0.00,,ensemble
989190,2026-05-28 17:39:47.365508+02,2026-05-28 17:42:00+02,14.32,14.95,6.13,12.00,0.00,0.00,8.83,OK,20.27,0.00,0.00,0.00,,ensemble
1072018,2026-05-29 10:47:31.987115+02,2026-05-29 10:48:00+02,17.53,12.11,4.42,12.00,0.00,0.00,14.49,OK,30.48,0.00,0.00,0.00,,ensemble
1158411,2026-05-30 10:25:32.164802+02,2026-05-30 10:27:00+02,17.57,5.34,4.07,9.90,0.00,0.00,9.75,OK,28.00,0.00,0.00,0.00,,ensemble
989214,2026-05-28 18:53:44.550671+02,2026-05-28 18:54:00+02,7.70,10.34,5.16,7.70,0.00,0.00,2.26,OK,7.67,0.00,0.00,0.00,,ensemble
989189,2026-05-28 17:38:20.727623+02,2026-05-28 17:39:00+02,14.75,16.72,16.31,15.80,0.00,0.00,16.06,OK,21.41,0.00,0.00,0.00,,ensemble
989215,2026-05-28 18:53:44.550671+02,2026-05-28 18:57:00+02,7.61,9.81,2.16,6.60,0.00,0.00,2.59,OK,7.77,0.00,0.00,0.00,,ensemble
1158414,2026-05-30 10:36:47.776642+02,2026-05-30 10:36:00+02,16.23,11.73,6.33,11.90,0.00,0.00,19.75,OK,30.66,0.00,0.00,0.00,,ensemble
989060,2026-05-28 11:12:34.922895+02,2026-05-28 11:12:00+02,15.90,13.43,14.18,14.60,0.00,0.00,19.11,OK,28.97,0.00,0.00,0.00,,ensemble
989061,2026-05-28 11:12:34.922895+02,2026-05-28 11:15:00+02,15.75,13.40,14.90,14.80,0.00,0.00,25.23,OK,48.29,0.00,0.00,0.00,,ensemble
989064,2026-05-28 11:24:22.458552+02,2026-05-28 11:24:00+02,14.94,12.16,10.81,12.90,0.00,0.00,17.20,OK,31.30,0.00,0.00,0.00,,ensemble
989067,2026-05-28 11:31:01.982635+02,2026-05-28 11:33:00+02,14.68,14.46,3.52,11.30,0.00,0.00,20.60,OK,30.59,0.00,0.00,0.00,,ensemble
1257420,2026-06-01 14:15:05.827202+02,2026-06-01 14:15:00+02,13.50,8.24,1.79,8.40,0.00,0.00,8.15,OK,23.09,0.00,0.00,0.00,,ensemble
1072020,2026-05-29 10:52:39.693283+02,2026-05-29 10:54:00+02,16.80,9.78,4.23,10.90,0.00,0.00,13.16,OK,30.11,0.00,0.00,0.00,,ensemble
989216,2026-05-28 18:59:30.464684+02,2026-05-28 19:00:00+02,7.53,13.68,17.66,12.40,0.00,0.00,13.68,OK,20.00,0.00,0.00,0.00,,ensemble
989212,2026-05-28 18:48:11.699346+02,2026-05-28 18:48:00+02,7.69,17.36,17.67,13.60,0.00,0.00,10.16,OK,24.20,0.00,0.00,0.00,,ensemble
989210,2026-05-28 18:41:25.823865+02,2026-05-28 18:42:00+02,7.98,18.17,7.22,10.80,0.00,0.00,6.73,OK,12.46,0.00,0.00,0.00,,ensemble
989188,2026-05-28 17:34:25.032269+02,2026-05-28 17:36:00+02,15.18,17.43,2.63,12.10,0.00,0.00,11.96,OK,23.19,0.00,0.00,0.00,,ensemble
989213,2026-05-28 18:48:17.429496+02,2026-05-28 18:51:00+02,0.41,17.36,17.65,10.70,0.00,0.00,6.93,OK,14.32,0.00,0.00,0.00,,ensemble
1072014,2026-05-29 10:36:31.66738+02,2026-05-29 10:36:00+02,18.37,10.60,11.21,13.90,0.00,0.00,30.62,OK,31.10,0.00,0.00,0.00,,ensemble
1072017,2026-05-29 10:45:35.453322+02,2026-05-29 10:45:00+02,17.74,13.50,12.23,14.80,0.00,0.00,22.40,OK,30.32,0.00,0.00,0.00,,ensemble
989197,2026-05-28 18:02:44.498208+02,2026-05-28 18:03:00+02,11.19,13.17,9.59,11.30,0.00,0.00,10.11,OK,15.31,0.00,0.00,0.00,,ensemble
989192,2026-05-28 17:45:43.859815+02,2026-05-28 17:48:00+02,14.90,14.44,7.74,12.60,0.00,0.00,8.86,OK,24.20,0.00,0.00,0.00,,ensemble
989186,2026-05-28 17:29:54.366411+02,2026-05-28 17:30:00+02,18.02,18.37,16.71,17.70,0.00,0.00,25.89,OK,20.78,0.00,0.00,0.00,,ensemble
1072019,2026-05-29 10:50:52.940006+02,2026-05-29 10:51:00+02,17.01,9.78,6.28,11.60,0.00,0.00,16.47,OK,31.04,0.00,0.00,0.00,,ensemble
1158416,2026-05-30 10:41:56.585005+02,2026-05-30 10:42:00+02,17.44,10.61,7.34,12.40,0.00,0.00,16.96,OK,28.97,0.00,0.00,0.00,,ensemble
1072101,2026-05-29 14:56:26.849717+02,2026-05-29 14:57:00+02,15.40,7.73,9.59,11.40,0.00,0.00,13.05,OK,26.88,0.00,0.00,0.00,,ensemble
989195,2026-05-28 17:57:05.024655+02,2026-05-28 17:57:00+02,12.02,12.43,7.59,10.80,0.00,0.00,7.30,OK,17.04,0.00,0.00,0.00,,ensemble
989196,2026-05-28 17:57:05.024655+02,2026-05-28 18:00:00+02,11.59,12.76,6.58,10.40,0.00,0.00,13.22,OK,16.92,0.00,0.00,0.00,,ensemble
1072102,2026-05-29 14:56:26.849717+02,2026-05-29 15:00:00+02,15.56,7.92,10.03,11.60,0.00,0.00,22.00,OK,24.99,0.00,0.00,0.00,,ensemble
989211,2026-05-28 18:42:23.554803+02,2026-05-28 18:45:00+02,7.83,18.17,10.54,11.70,0.00,0.00,7.44,OK,18.19,0.00,0.00,0.00,,ensemble
989187,2026-05-28 17:32:46.653907+02,2026-05-28 17:33:00+02,15.59,22.36,11.74,16.50,0.00,0.00,17.18,OK,20.00,0.00,0.00,0.00,,ensemble
1072100,2026-05-29 14:52:40.463604+02,2026-05-29 14:54:00+02,15.24,8.34,6.32,10.50,0.00,0.00,11.67,OK,27.91,0.00,0.00,0.00,,ensemble
989193,2026-05-28 17:51:11.315538+02,2026-05-28 17:51:00+02,12.90,12.17,13.38,12.80,0.00,0.00,11.86,OK,27.01,0.00,0.00,0.00,,ensemble
989194,2026-05-28 17:51:11.315538+02,2026-05-28 17:54:00+02,12.46,12.47,12.65,12.50,0.00,0.00,14.00,OK,22.48,0.00,0.00,0.00,,ensemble
1158413,2026-05-30 10:31:23.025317+02,2026-05-30 10:33:00+02,17.17,6.29,4.30,10.00,0.00,0.00,11.65,OK,26.25,0.00,0.00,0.00,,ensemble
989062,2026-05-28 11:17:58.90202+02,2026-05-28 11:18:00+02,14.55,14.69,6.21,12.10,0.00,0.00,14.25,OK,35.39,0.00,0.00,0.00,,ensemble
1158412,2026-05-30 10:28:51.909732+02,2026-05-30 10:30:00+02,17.37,5.34,3.39,9.60,0.00,0.00,9.43,OK,28.47,0.00,0.00,0.00,,ensemble
1072108,2026-05-29 15:17:45.161046+02,2026-05-29 15:18:00+02,17.04,7.29,5.39,10.60,0.00,0.00,12.40,OK,20.00,0.00,0.00,0.00,,ensemble
1072021,2026-05-29 10:56:51.228196+02,2026-05-29 10:57:00+02,16.60,11.95,9.64,13.10,0.00,0.00,17.68,OK,29.56,0.00,0.00,0.00,,ensemble
1072099,2026-05-29 14:50:53.800523+02,2026-05-29 14:51:00+02,15.09,8.34,5.11,10.10,0.00,0.00,13.45,OK,27.50,0.00,0.00,0.00,,ensemble
1072109,2026-05-29 15:20:48.323189+02,2026-05-29 15:21:00+02,17.94,9.77,10.45,13.20,0.00,0.00,17.13,OK,30.51,0.00,0.00,0.00,,ensemble
1158410,2026-05-30 10:22:43.087221+02,2026-05-30 10:24:00+02,17.77,5.34,3.69,9.80,0.00,0.00,8.84,OK,27.90,0.00,0.00,0.00,,ensemble
1158428,2026-05-30 11:15:00.497426+02,2026-05-30 11:18:00+02,13.64,11.80,11.46,12.40,0.00,0.00,20.34,OK,26.46,0.00,0.00,0.00,,ensemble
1158415,2026-05-30 10:37:36.445379+02,2026-05-30 10:39:00+02,17.65,10.42,3.74,11.30,0.00,0.00,14.62,OK,28.04,0.00,0.00,0.00,,ensemble
1257421,2026-06-01 14:18:07.438948+02,2026-06-01 14:18:00+02,13.68,8.69,10.63,11.30,0.00,0.00,12.75,OK,26.73,0.00,0.00,0.00,,ensemble
1426821,2026-06-03 14:59:42.026487+02,2026-06-03 15:00:00+02,12.52,7.33,4.72,8.60,0.00,0.00,3.48,OK,10.77,0.00,0.00,0.00,,ensemble
1257419,2026-06-01 14:12:21.359057+02,2026-06-01 14:12:00+02,12.25,12.44,4.05,9.90,0.00,0.00,10.75,OK,31.64,0.00,0.00,0.00,,ensemble
1360508,2026-06-02 19:10:27.370291+02,2026-06-02 19:12:00+02,8.80,18.31,4.68,10.40,0.00,0.00,2.99,OK,5.02,0.00,0.00,0.00,,ensemble
1360507,2026-06-02 19:08:35.191064+02,2026-06-02 19:09:00+02,8.87,18.19,9.87,12.00,0.00,0.00,4.15,OK,5.65,0.00,0.00,0.00,,ensemble
1360506,2026-06-02 19:06:26.891094+02,2026-06-02 19:06:00+02,7.99,21.96,15.60,14.50,0.00,0.00,9.35,OK,10.38,0.00,0.00,0.00,,ensemble
1426822,2026-06-03 15:02:44.518478+02,2026-06-03 15:03:00+02,10.44,7.21,6.47,8.30,0.00,0.00,2.77,OK,9.28,0.00,0.00,0.00,,ensemble
989069,2026-05-28 11:39:16.347279+02,2026-05-28 11:39:00+02,13.87,11.45,10.66,12.20,0.00,0.00,20.76,OK,28.84,0.00,0.00,0.00,,ensemble
989070,2026-05-28 11:42:28.749604+02,2026-05-28 11:42:00+02,13.83,9.83,9.72,11.40,0.00,0.00,15.69,OK,28.99,0.00,0.00,0.00,,ensemble
989074,2026-05-28 11:53:38.846173+02,2026-05-28 11:54:00+02,12.76,8.54,6.30,9.60,0.00,0.00,11.91,OK,28.00,0.00,0.00,0.00,,ensemble
989075,2026-05-28 11:58:52.139288+02,2026-05-28 11:57:00+02,12.75,11.81,7.38,10.90,0.00,0.00,14.86,OK,26.36,0.00,0.00,0.00,,ensemble
989076,2026-05-28 11:58:52.139288+02,2026-05-28 12:00:00+02,12.75,12.18,6.91,10.80,0.00,0.00,21.48,OK,26.39,0.00,0.00,0.00,,ensemble
989077,2026-05-28 12:04:03.388692+02,2026-05-28 12:03:00+02,12.76,12.69,9.29,11.70,0.00,0.00,13.53,OK,27.98,0.00,0.00,0.00,,ensemble
1072065,2026-05-29 13:09:09.904896+02,2026-05-29 13:09:00+02,10.23,11.22,6.46,9.40,0.00,0.00,9.32,OK,20.86,0.00,0.00,0.00,,ensemble
989079,2026-05-28 12:11:11.603505+02,2026-05-28 12:09:00+02,7.97,8.39,8.79,8.30,0.00,0.00,7.26,OK,20.75,0.00,0.00,0.00,,ensemble
989078,2026-05-28 12:07:31.7624+02,2026-05-28 12:06:00+02,12.77,7.81,4.96,8.90,0.00,0.00,9.51,OK,26.47,0.00,0.00,0.00,,ensemble
989073,2026-05-28 11:50:24.702667+02,2026-05-28 11:51:00+02,11.14,10.34,8.57,10.10,0.00,0.00,14.75,OK,26.57,0.00,0.00,0.00,,ensemble
989072,2026-05-28 11:48:31.680879+02,2026-05-28 11:48:00+02,13.78,11.96,7.30,11.30,0.00,0.00,16.21,OK,24.85,0.00,0.00,0.00,,ensemble
989071,2026-05-28 11:43:34.61839+02,2026-05-28 11:45:00+02,13.80,10.11,3.77,9.70,0.00,0.00,12.83,OK,31.18,0.00,0.00,0.00,,ensemble
989068,2026-05-28 11:36:23.192836+02,2026-05-28 11:36:00+02,13.93,14.32,6.16,11.70,0.30,0.00,27.72,OK,31.63,0.00,0.00,0.00,,ensemble
1072066,2026-05-29 13:11:51.022114+02,2026-05-29 13:12:00+02,10.22,10.89,13.41,11.40,0.00,0.00,13.00,OK,26.39,0.00,0.00,0.00,,ensemble
1072071,2026-05-29 13:27:26.481108+02,2026-05-29 13:27:00+02,9.90,9.37,13.83,10.90,0.00,0.00,12.17,OK,25.87,0.00,0.00,0.00,,ensemble
1072072,2026-05-29 13:30:16.69632+02,2026-05-29 13:30:00+02,8.63,11.40,12.30,10.60,0.00,0.00,10.23,OK,27.51,0.00,0.00,0.00,,ensemble
1072096,2026-05-29 14:39:34.443256+02,2026-05-29 14:42:00+02,14.96,7.81,3.51,9.40,0.00,0.00,9.25,OK,24.55,0.00,0.00,0.00,,ensemble
1158393,2026-05-30 09:32:50.587258+02,2026-05-30 09:33:00+02,13.43,5.34,7.50,9.20,0.00,0.00,9.92,OK,25.39,0.00,0.00,0.00,,ensemble
1158402,2026-05-30 10:00:29.598375+02,2026-05-30 10:00:00+02,14.73,5.34,7.58,9.80,0.00,0.00,10.44,OK,25.84,0.00,0.00,0.00,,ensemble
1158405,2026-05-30 10:09:11.875218+02,2026-05-30 10:09:00+02,15.88,5.34,9.54,10.80,0.00,0.00,14.36,OK,23.56,0.00,0.00,0.00,,ensemble
1158408,2026-05-30 10:16:29.32492+02,2026-05-30 10:18:00+02,15.32,5.34,4.19,9.00,0.00,0.00,8.88,OK,25.77,0.00,0.00,0.00,,ensemble
1072067,2026-05-29 13:15:21.802672+02,2026-05-29 13:15:00+02,9.77,9.86,10.06,9.90,0.00,0.00,8.62,OK,21.31,0.00,0.00,0.00,,ensemble
1072069,2026-05-29 13:21:21.118886+02,2026-05-29 13:21:00+02,9.82,8.22,6.07,8.20,0.00,0.00,6.96,OK,27.75,0.00,0.00,0.00,,ensemble
1257316,2026-06-01 09:03:05.710552+02,2026-06-01 09:03:00+02,12.47,9.92,5.45,9.60,0.00,0.00,17.08,OK,29.09,0.00,0.00,0.00,,ensemble
1257317,2026-06-01 09:07:00.529679+02,2026-06-01 09:06:00+02,9.44,7.31,6.00,7.80,0.00,0.00,10.96,OK,27.42,0.00,0.00,0.00,,ensemble
1072091,2026-05-29 14:26:39.008247+02,2026-05-29 14:27:00+02,13.90,13.43,9.85,12.50,0.00,0.00,17.34,OK,23.64,0.00,0.00,0.00,,ensemble
1072095,2026-05-29 14:39:12.458477+02,2026-05-29 14:39:00+02,14.81,7.81,3.51,9.30,0.00,0.00,9.40,OK,25.97,0.00,0.00,0.00,,ensemble
1072092,2026-05-29 14:28:24.883654+02,2026-05-29 14:30:00+02,14.05,12.85,5.37,11.10,0.00,0.00,9.59,OK,25.28,0.00,0.00,0.00,,ensemble
1158404,2026-05-30 10:06:34.414048+02,2026-05-30 10:06:00+02,16.03,5.34,12.11,11.70,0.00,0.00,14.63,OK,23.74,0.00,0.00,0.00,,ensemble
1072073,2026-05-29 13:33:39.823892+02,2026-05-29 13:33:00+02,9.56,12.50,7.93,10.00,0.00,0.00,8.60,OK,26.83,0.00,0.00,0.00,,ensemble
1158465,2026-05-30 13:07:19.53476+02,2026-05-30 13:09:00+02,8.56,10.35,3.53,7.60,0.00,0.00,9.47,OK,21.95,0.00,0.00,0.00,,ensemble
1360477,2026-06-02 17:39:50.770425+02,2026-06-02 17:39:00+02,13.45,18.50,17.87,16.30,0.00,0.00,12.11,OK,24.45,0.00,0.00,0.00,,ensemble
1072097,2026-05-29 14:45:15.922186+02,2026-05-29 14:45:00+02,15.11,7.28,7.34,10.40,0.00,0.00,11.04,OK,30.15,0.00,0.00,0.00,,ensemble
1158406,2026-05-30 10:12:44.07408+02,2026-05-30 10:12:00+02,15.70,5.34,5.56,9.60,0.00,0.00,9.41,OK,25.70,0.00,0.00,0.00,,ensemble
1072098,2026-05-29 14:48:02.080572+02,2026-05-29 14:48:00+02,15.26,8.30,7.00,10.70,0.00,0.00,11.30,OK,28.25,0.00,0.00,0.00,,ensemble
1072070,2026-05-29 13:24:02.199081+02,2026-05-29 13:24:00+02,9.85,7.63,8.02,8.60,0.00,0.00,6.43,OK,22.51,0.00,0.00,0.00,,ensemble
1158407,2026-05-30 10:12:44.07408+02,2026-05-30 10:15:00+02,15.52,6.02,5.35,9.60,0.00,0.00,13.79,OK,25.71,0.00,0.00,0.00,,ensemble
1072074,2026-05-29 13:35:46.136092+02,2026-05-29 13:36:00+02,9.62,13.97,16.90,13.10,0.00,0.00,20.61,OK,33.00,0.00,0.00,0.00,,ensemble
1072075,2026-05-29 13:35:46.136092+02,2026-05-29 13:39:00+02,9.68,13.43,15.36,12.50,0.00,0.00,21.73,OK,27.43,0.00,0.00,0.00,,ensemble
1072094,2026-05-29 14:34:02.281883+02,2026-05-29 14:36:00+02,14.66,7.89,2.99,9.10,0.00,0.00,9.98,OK,29.80,0.00,0.00,0.00,,ensemble
1257320,2026-06-01 09:15:42.609281+02,2026-06-01 09:15:00+02,13.55,8.51,7.80,10.30,0.00,0.00,16.32,OK,27.32,0.00,0.00,0.00,,ensemble
1237404,2026-05-31 10:53:38.417747+02,2026-05-31 10:54:00+02,15.71,14.70,12.91,14.60,0.00,0.00,19.85,OK,30.16,0.00,0.00,0.00,,ensemble
1360476,2026-06-02 17:36:07.499417+02,2026-06-02 17:36:00+02,13.79,10.55,11.87,12.20,0.12,0.00,8.38,OK,23.88,0.00,0.00,0.00,,ensemble
1257318,2026-06-01 09:09:38.906134+02,2026-06-01 09:09:00+02,13.21,10.72,5.82,10.20,0.00,0.00,14.02,OK,31.09,0.00,0.00,0.00,,ensemble
1158403,2026-05-30 10:02:43.460635+02,2026-05-30 10:03:00+02,14.59,5.34,4.94,8.90,0.00,0.00,9.13,OK,27.02,0.00,0.00,0.00,,ensemble
1072068,2026-05-29 13:17:55.243977+02,2026-05-29 13:18:00+02,9.79,10.57,5.32,8.70,0.00,0.00,6.98,OK,19.57,0.00,0.00,0.00,,ensemble
1072090,2026-05-29 14:22:51.26253+02,2026-05-29 14:24:00+02,13.76,16.80,6.36,12.50,0.00,0.00,15.28,OK,25.48,0.00,0.00,0.00,,ensemble
1072093,2026-05-29 14:32:23.364692+02,2026-05-29 14:33:00+02,14.20,9.73,5.71,10.30,0.00,0.00,8.52,OK,25.12,0.00,0.00,0.00,,ensemble
1072089,2026-05-29 14:21:18.379846+02,2026-05-29 14:21:00+02,13.62,16.78,14.99,15.00,0.00,0.00,20.59,OK,31.92,0.00,0.00,0.00,,ensemble
1257321,2026-06-01 09:18:12.399159+02,2026-06-01 09:18:00+02,13.71,10.35,8.65,11.20,0.00,0.00,16.17,OK,26.93,0.00,0.00,0.00,,ensemble
1158392,2026-05-30 09:30:10.672927+02,2026-05-30 09:30:00+02,12.22,5.34,4.11,7.70,0.00,0.00,5.45,OK,25.03,0.00,0.00,0.00,,ensemble
1237405,2026-05-31 10:54:13.500003+02,2026-05-31 10:57:00+02,15.43,14.70,13.74,14.70,0.00,0.00,25.08,OK,24.24,0.00,0.00,0.00,,ensemble
1257319,2026-06-01 09:12:18.900743+02,2026-06-01 09:12:00+02,13.39,8.74,13.60,12.10,0.00,0.00,18.43,OK,42.84,0.00,0.00,0.00,,ensemble
1360459,2026-06-02 16:44:02.677623+02,2026-06-02 16:45:00+02,16.14,7.89,5.54,10.50,0.00,0.00,5.93,OK,21.84,0.00,0.00,0.00,,ensemble
1426919,2026-06-03 19:52:22.626063+02,2026-06-03 19:54:00+02,6.71,15.48,12.40,11.00,0.00,0.00,4.67,OK,,0.00,0.00,0.00,,ensemble
1072124,2026-05-29 16:06:04.101574+02,2026-05-29 16:06:00+02,21.76,11.75,12.19,15.90,0.00,0.00,21.57,OK,24.47,0.00,0.00,0.00,,ensemble
1072126,2026-05-29 16:12:01.39393+02,2026-05-29 16:12:00+02,21.46,13.68,14.29,17.00,0.00,0.00,21.99,OK,26.41,0.00,0.00,0.00,,ensemble
1072118,2026-05-29 15:48:18.015398+02,2026-05-29 15:48:00+02,19.82,13.43,8.13,14.40,0.00,0.00,13.59,OK,26.42,0.00,0.00,0.00,,ensemble
1072129,2026-05-29 16:19:19.765045+02,2026-05-29 16:21:00+02,22.07,11.99,13.15,16.40,0.00,0.00,20.43,OK,32.95,0.00,0.00,0.00,,ensemble
1072117,2026-05-29 15:43:18.321826+02,2026-05-29 15:45:00+02,19.56,11.45,4.23,12.50,0.00,0.00,13.17,OK,28.82,0.00,0.00,0.00,,ensemble
1072123,2026-05-29 16:01:19.843339+02,2026-05-29 16:03:00+02,21.50,5.85,3.56,11.40,0.00,0.00,13.43,OK,23.01,0.00,0.00,0.00,,ensemble
1072115,2026-05-29 15:37:24.320005+02,2026-05-29 15:39:00+02,19.05,6.76,3.19,10.60,0.00,0.00,11.23,OK,22.97,0.00,0.00,0.00,,ensemble
1072114,2026-05-29 15:36:20.374966+02,2026-05-29 15:36:00+02,18.37,8.14,5.18,11.30,0.00,0.00,15.66,OK,24.81,0.00,0.00,0.00,,ensemble
1072125,2026-05-29 16:09:12.731379+02,2026-05-29 16:09:00+02,23.00,9.55,7.10,14.20,0.00,0.00,17.69,OK,27.93,0.00,0.00,0.00,,ensemble
1072103,2026-05-29 15:02:04.60937+02,2026-05-29 15:03:00+02,15.73,6.82,5.16,9.90,0.00,0.00,12.77,OK,25.85,0.00,0.00,0.00,,ensemble
1072104,2026-05-29 15:05:09.183622+02,2026-05-29 15:06:00+02,15.17,9.72,9.57,11.90,0.00,0.00,15.27,OK,26.27,0.00,0.00,0.00,,ensemble
1072119,2026-05-29 15:49:12.752349+02,2026-05-29 15:51:00+02,20.08,13.43,8.26,14.50,0.00,0.00,17.00,OK,25.33,0.00,0.00,0.00,,ensemble
1072127,2026-05-29 16:13:31.546614+02,2026-05-29 16:15:00+02,21.68,10.78,3.17,12.90,0.00,0.00,13.50,OK,36.59,0.00,0.00,0.00,,ensemble
1158395,2026-05-30 09:39:00.416867+02,2026-05-30 09:39:00+02,13.42,5.34,8.30,9.50,0.00,0.00,11.14,OK,24.71,0.00,0.00,0.00,,ensemble
1158396,2026-05-30 09:41:36.42355+02,2026-05-30 09:42:00+02,13.38,5.34,7.06,9.10,0.00,0.00,10.16,OK,25.34,0.00,0.00,0.00,,ensemble
1072116,2026-05-29 15:42:18.84217+02,2026-05-29 15:42:00+02,19.30,11.40,13.16,15.10,0.00,0.00,17.14,OK,22.37,0.00,0.00,0.00,,ensemble
1158399,2026-05-30 09:51:19.403701+02,2026-05-30 09:51:00+02,15.05,5.34,11.35,11.00,0.00,0.00,15.24,OK,26.97,0.00,0.00,0.00,,ensemble
1158401,2026-05-30 09:57:41.511293+02,2026-05-30 09:57:00+02,14.85,5.34,13.71,11.70,0.00,0.00,14.14,OK,24.14,0.00,0.00,0.00,,ensemble
1072130,2026-05-29 16:23:51.608421+02,2026-05-29 16:24:00+02,22.24,11.24,10.97,15.60,0.00,0.00,21.21,OK,26.36,0.00,0.00,0.00,,ensemble
1158516,2026-05-30 15:40:42.488197+02,2026-05-30 15:42:00+02,19.70,11.82,6.85,13.50,0.00,0.00,21.99,OK,31.94,0.00,0.00,0.00,,ensemble
1257323,2026-06-01 09:24:39.299787+02,2026-06-01 09:24:00+02,14.68,8.67,8.21,10.90,0.00,0.00,15.81,OK,26.67,0.00,0.00,0.00,,ensemble
1158519,2026-05-30 15:51:09.654041+02,2026-05-30 15:51:00+02,20.49,21.07,12.47,18.30,0.00,0.00,39.71,OK,32.03,0.00,0.00,0.00,,ensemble
1072131,2026-05-29 16:25:23.64621+02,2026-05-29 16:27:00+02,22.65,10.76,2.98,13.20,0.00,0.00,16.67,OK,23.85,0.00,0.00,0.00,,ensemble
1158394,2026-05-30 09:36:42.210414+02,2026-05-30 09:36:00+02,13.43,5.34,9.48,9.80,0.00,0.00,12.68,OK,29.40,0.00,0.00,0.00,,ensemble
1158397,2026-05-30 09:45:04.195907+02,2026-05-30 09:45:00+02,13.33,5.34,6.82,9.00,0.25,0.00,9.87,OK,26.21,0.00,0.00,0.00,,ensemble
1158398,2026-05-30 09:48:26.796711+02,2026-05-30 09:48:00+02,14.56,5.34,10.73,10.60,0.00,0.00,12.05,OK,26.25,0.00,0.00,0.00,,ensemble
1072113,2026-05-29 15:31:16.71896+02,2026-05-29 15:33:00+02,18.13,8.18,4.37,11.00,0.00,0.00,8.96,OK,20.50,0.00,0.00,0.00,,ensemble
1072132,2026-05-29 16:30:05.146461+02,2026-05-29 16:30:00+02,22.78,6.69,4.61,12.50,0.00,0.00,24.04,OK,25.37,0.00,0.00,0.00,,ensemble
1072112,2026-05-29 15:30:23.233205+02,2026-05-29 15:30:00+02,17.90,10.74,8.25,12.90,0.00,0.00,14.26,OK,23.12,0.00,0.00,0.00,,ensemble
1158400,2026-05-30 09:54:17.103891+02,2026-05-30 09:54:00+02,14.96,5.34,6.94,9.70,0.00,0.00,9.91,OK,28.72,0.00,0.00,0.00,,ensemble
1158517,2026-05-30 15:43:42.093973+02,2026-05-30 15:45:00+02,19.96,11.51,5.77,13.20,2.71,0.00,22.49,OK,33.63,0.00,0.00,0.00,,ensemble
1072107,2026-05-29 15:13:35.964441+02,2026-05-29 15:15:00+02,16.84,11.17,3.19,11.00,0.00,0.00,12.20,OK,22.47,0.00,0.00,0.00,,ensemble
1072111,2026-05-29 15:25:20.856989+02,2026-05-29 15:27:00+02,17.67,13.93,4.86,12.70,0.00,0.00,17.70,OK,21.66,0.00,0.00,0.00,,ensemble
1257324,2026-06-01 09:24:39.299787+02,2026-06-01 09:27:00+02,14.82,8.88,7.28,10.80,0.00,0.00,31.00,OK,25.88,0.00,0.00,0.00,,ensemble
1257326,2026-06-01 09:30:57.671805+02,2026-06-01 09:33:00+02,15.08,5.80,9.54,10.60,0.00,0.00,14.57,OK,27.17,0.00,0.00,0.00,,ensemble
1072122,2026-05-29 16:00:11.742435+02,2026-05-29 16:00:00+02,21.23,8.20,7.86,13.30,0.37,0.00,17.69,OK,22.33,0.00,0.00,0.00,,ensemble
1072121,2026-05-29 15:56:01.909566+02,2026-05-29 15:57:00+02,20.97,7.44,3.01,11.50,0.00,0.00,11.23,OK,24.22,0.00,0.00,0.00,,ensemble
1072128,2026-05-29 16:17:48.05908+02,2026-05-29 16:18:00+02,21.88,11.70,11.40,15.70,0.00,0.00,17.52,OK,29.93,0.00,0.00,0.00,,ensemble
1072105,2026-05-29 15:08:18.127153+02,2026-05-29 15:09:00+02,16.45,12.05,4.60,11.60,0.00,0.00,15.83,OK,24.82,0.00,0.00,0.00,,ensemble
1072106,2026-05-29 15:11:58.724742+02,2026-05-29 15:12:00+02,16.64,11.65,14.18,14.40,0.00,0.00,20.14,OK,28.27,0.00,0.00,0.00,,ensemble
1072120,2026-05-29 15:54:02.156973+02,2026-05-29 15:54:00+02,20.70,7.44,5.93,12.30,0.00,0.00,12.34,OK,25.61,0.00,0.00,0.00,,ensemble
1257328,2026-06-01 09:40:07.820634+02,2026-06-01 09:39:00+02,16.49,5.80,6.69,10.30,0.00,0.00,12.06,OK,29.03,0.00,0.00,0.00,,ensemble
1237366,2026-05-31 08:59:37.175904+02,2026-05-31 09:00:00+02,6.49,9.34,5.37,7.00,0.00,0.00,7.17,OK,23.71,0.00,0.00,0.00,,ensemble
1158515,2026-05-30 15:39:00.805999+02,2026-05-30 15:39:00+02,18.52,12.55,12.72,15.00,0.00,0.00,25.18,OK,31.57,0.00,0.00,0.00,,ensemble
1158518,2026-05-30 15:46:24.178452+02,2026-05-30 15:48:00+02,20.22,12.43,7.94,14.20,0.00,0.00,22.87,OK,33.16,0.00,0.00,0.00,,ensemble
1360341,2026-06-02 10:53:19.514077+02,2026-06-02 10:51:00+02,17.29,7.12,2.16,9.70,0.00,0.00,10.78,OK,28.96,0.00,0.00,0.00,,ensemble
1158500,2026-05-30 14:53:51.617374+02,2026-05-30 14:54:00+02,14.89,10.61,10.22,12.20,0.00,0.00,18.35,OK,36.60,0.00,0.00,0.00,,ensemble
1158501,2026-05-30 14:53:51.617374+02,2026-05-30 14:57:00+02,15.01,10.68,10.27,12.30,0.00,0.00,25.12,OK,29.52,0.00,0.00,0.00,,ensemble
1237367,2026-05-31 09:01:27.505563+02,2026-05-31 09:03:00+02,6.59,9.60,5.45,7.20,0.00,0.00,7.21,OK,21.33,0.00,0.00,0.00,,ensemble
1257325,2026-06-01 09:29:43.827997+02,2026-06-01 09:30:00+02,14.96,5.80,4.48,9.10,0.00,0.00,11.50,OK,27.34,0.00,0.00,0.00,,ensemble
1257322,2026-06-01 09:18:12.399159+02,2026-06-01 09:21:00+02,13.87,11.27,8.68,11.50,0.00,0.00,20.47,OK,28.92,0.00,0.00,0.00,,ensemble
1257327,2026-06-01 09:36:08.463525+02,2026-06-01 09:36:00+02,15.18,5.80,7.24,10.00,0.00,0.00,13.38,OK,28.26,0.00,0.00,0.00,,ensemble
1360431,2026-06-02 15:16:29.922285+02,2026-06-02 15:21:00+02,13.29,14.21,14.96,14.10,0.00,0.00,25.77,OK,32.43,0.00,0.00,0.00,,ensemble
1426818,2026-06-03 14:47:09.760932+02,2026-06-03 14:51:00+02,10.67,8.06,5.75,8.40,0.00,0.00,4.52,OK,12.69,0.00,0.00,0.00,,ensemble
1426871,2026-06-03 17:30:15.520705+02,2026-06-03 17:30:00+02,18.49,13.00,6.95,13.40,0.00,0.00,5.56,OK,16.64,0.00,0.00,0.00,,ensemble
1426819,2026-06-03 14:55:36.547912+02,2026-06-03 14:54:00+02,10.80,8.10,7.30,8.90,0.00,0.00,3.69,OK,11.92,0.00,0.00,0.00,,ensemble
989200,2026-05-28 18:08:18.219616+02,2026-05-28 18:12:00+02,9.99,14.23,11.48,11.70,0.00,0.00,12.52,OK,17.46,0.00,0.00,0.00,,ensemble
989206,2026-05-28 18:29:48.262308+02,2026-05-28 18:30:00+02,8.25,16.68,9.53,11.20,0.00,0.00,11.87,OK,14.95,0.00,0.00,0.00,,ensemble
989204,2026-05-28 18:21:15.524101+02,2026-05-28 18:24:00+02,8.79,12.66,10.15,10.40,0.00,0.00,6.67,OK,12.88,0.00,0.00,0.00,,ensemble
1072082,2026-05-29 13:59:26.744852+02,2026-05-29 14:00:00+02,11.64,10.31,5.76,9.50,0.00,0.00,12.68,OK,26.09,0.00,0.00,0.00,,ensemble
989201,2026-05-28 18:13:47.924703+02,2026-05-28 18:15:00+02,9.61,15.42,5.14,10.00,0.00,0.00,5.18,OK,14.27,0.00,0.00,0.00,,ensemble
989223,2026-05-28 19:20:29.878354+02,2026-05-28 19:21:00+02,8.20,13.43,8.92,10.00,0.00,0.00,4.77,OK,12.79,0.00,0.00,0.00,,ensemble
1072083,2026-05-29 14:02:15.335043+02,2026-05-29 14:03:00+02,12.41,10.15,7.07,10.10,0.00,0.00,14.12,OK,27.04,0.00,0.00,0.00,,ensemble
989198,2026-05-28 18:05:43.744811+02,2026-05-28 18:06:00+02,10.77,14.46,14.59,13.00,0.00,0.00,15.65,OK,18.89,0.00,0.00,0.00,,ensemble
1072084,2026-05-29 14:05:34.861669+02,2026-05-29 14:06:00+02,12.00,10.99,6.89,10.20,0.00,0.00,12.86,OK,27.46,0.00,0.00,0.00,,ensemble
989184,2026-05-28 17:22:48.067847+02,2026-05-28 17:24:00+02,15.61,8.41,7.17,10.90,0.00,0.00,12.48,OK,22.66,0.00,0.00,0.00,,ensemble
989228,2026-05-28 19:35:24.207601+02,2026-05-28 19:36:00+02,0.00,11.15,4.51,4.70,0.00,0.00,0.00,OK,0.00,0.00,0.00,0.00,,ensemble
989225,2026-05-28 19:26:10.932514+02,2026-05-28 19:27:00+02,8.00,16.94,18.71,13.90,0.00,0.00,11.90,OK,20.00,0.00,0.00,0.00,,ensemble
1072085,2026-05-29 14:05:34.861669+02,2026-05-29 14:09:00+02,12.13,11.42,5.86,10.00,0.00,0.00,18.28,OK,25.85,0.00,0.00,0.00,,ensemble
1072087,2026-05-29 14:15:12.656745+02,2026-05-29 14:15:00+02,12.39,14.79,14.06,13.60,0.00,0.00,17.72,OK,20.81,0.00,0.00,0.00,,ensemble
1072079,2026-05-29 13:49:31.331741+02,2026-05-29 13:51:00+02,11.29,20.73,21.27,17.10,0.00,0.00,28.64,OK,27.65,0.00,0.00,0.00,,ensemble
989178,2026-05-28 17:05:45.066939+02,2026-05-28 17:06:00+02,17.75,9.19,7.63,12.10,0.00,0.00,18.01,OK,24.71,0.00,0.00,0.00,,ensemble
1158521,2026-05-30 15:57:00.802801+02,2026-05-30 15:57:00+02,22.53,16.36,9.80,16.90,0.00,0.00,31.00,OK,28.03,0.00,0.00,0.00,,ensemble
1158555,2026-05-30 17:38:20.728846+02,2026-05-30 17:39:00+02,21.82,14.56,11.60,16.60,0.00,0.00,22.48,OK,27.23,0.00,0.00,0.00,,ensemble
989226,2026-05-28 19:27:13.879351+02,2026-05-28 19:30:00+02,7.89,16.94,25.11,15.80,0.00,0.00,20.35,OK,20.78,0.00,0.00,0.00,,ensemble
1158533,2026-05-30 16:32:59.714719+02,2026-05-30 16:33:00+02,25.38,10.13,5.50,14.80,0.32,0.00,23.32,OK,26.51,0.00,0.00,0.00,,ensemble
989205,2026-05-28 18:25:20.35445+02,2026-05-28 18:27:00+02,8.51,12.94,6.93,9.40,0.00,0.00,5.28,OK,9.66,0.00,0.00,0.00,,ensemble
989229,2026-05-28 19:38:12.258143+02,2026-05-28 19:39:00+02,7.53,12.09,11.03,9.90,0.00,0.00,7.05,OK,11.07,0.00,0.00,0.00,,ensemble
1072076,2026-05-29 13:41:38.865029+02,2026-05-29 13:42:00+02,9.76,21.36,18.24,15.80,0.00,0.00,20.78,OK,25.86,0.00,0.00,0.00,,ensemble
989230,2026-05-28 19:39:14.5372+02,2026-05-28 19:42:00+02,7.36,14.24,16.36,12.10,0.00,0.00,9.08,OK,15.86,0.00,0.00,0.00,,ensemble
989224,2026-05-28 19:23:41.826639+02,2026-05-28 19:24:00+02,8.11,13.63,7.74,9.70,0.00,0.00,5.40,OK,11.18,0.00,0.00,0.00,,ensemble
989180,2026-05-28 17:11:31.584053+02,2026-05-28 17:12:00+02,17.22,10.76,14.15,14.40,0.00,0.00,18.30,OK,26.17,0.00,0.00,0.00,,ensemble
989208,2026-05-28 18:35:52.465127+02,2026-05-28 18:36:00+02,8.34,17.85,17.86,14.10,0.00,0.00,14.75,OK,23.19,0.00,0.00,0.00,,ensemble
989182,2026-05-28 17:17:08.389389+02,2026-05-28 17:18:00+02,16.34,8.60,4.88,10.60,0.00,0.00,9.51,OK,22.58,0.00,0.00,0.00,,ensemble
989209,2026-05-28 18:37:05.15269+02,2026-05-28 18:39:00+02,8.15,19.83,1.75,9.70,0.00,0.00,6.48,OK,11.12,0.00,0.00,0.00,,ensemble
989176,2026-05-28 17:00:07.943643+02,2026-05-28 17:00:00+02,18.18,13.41,5.99,13.10,0.00,0.00,19.10,OK,23.32,0.00,0.00,0.00,,ensemble
989174,2026-05-28 16:53:05.111592+02,2026-05-28 16:54:00+02,18.57,7.42,8.34,12.20,0.00,0.00,19.98,OK,29.81,0.00,0.00,0.00,,ensemble
989227,2026-05-28 19:32:40.214343+02,2026-05-28 19:33:00+02,7.76,13.23,9.51,9.90,0.00,0.00,7.27,OK,10.22,0.00,0.00,0.00,,ensemble
1158532,2026-05-30 16:29:56.710281+02,2026-05-30 16:30:00+02,25.18,10.13,5.44,14.70,0.00,0.00,23.65,OK,28.57,0.00,0.00,0.00,,ensemble
989207,2026-05-28 18:32:32.233391+02,2026-05-28 18:33:00+02,3.62,16.08,9.99,9.30,0.00,0.00,6.25,OK,4.92,0.00,0.00,0.00,,ensemble
1072088,2026-05-29 14:18:02.239096+02,2026-05-29 14:18:00+02,14.60,13.91,10.71,13.20,0.00,0.00,17.23,OK,21.17,0.00,0.00,0.00,,ensemble
1158529,2026-05-30 16:20:53.727203+02,2026-05-30 16:21:00+02,25.36,11.85,8.26,16.20,0.00,0.00,26.78,OK,29.91,0.00,0.00,0.00,,ensemble
1072080,2026-05-29 13:53:37.325673+02,2026-05-29 13:54:00+02,11.40,7.57,5.73,8.50,0.00,0.00,9.60,OK,28.85,0.00,0.00,0.00,,ensemble
1072081,2026-05-29 13:53:37.325673+02,2026-05-29 13:57:00+02,11.52,6.80,6.57,8.60,0.00,0.00,12.45,OK,28.12,0.00,0.00,0.00,,ensemble
989222,2026-05-28 19:16:13.482385+02,2026-05-28 19:18:00+02,7.69,9.04,3.49,6.80,0.00,0.00,0.85,OK,4.39,0.00,0.00,0.00,,ensemble
1158531,2026-05-30 16:26:37.565475+02,2026-05-30 16:27:00+02,25.88,13.86,6.71,16.50,0.00,0.00,26.62,OK,27.72,0.00,0.00,0.00,,ensemble
1072078,2026-05-29 13:47:37.523858+02,2026-05-29 13:48:00+02,11.18,19.15,14.45,14.60,0.00,0.00,18.87,OK,29.12,0.00,0.00,0.00,,ensemble
1257422,2026-06-01 14:20:59.376147+02,2026-06-01 14:21:00+02,13.86,7.22,3.94,8.90,0.00,0.00,7.72,OK,29.89,0.00,0.00,0.00,,ensemble
1257426,2026-06-01 14:32:42.657796+02,2026-06-01 14:33:00+02,13.96,7.74,7.63,10.20,0.00,0.00,12.37,OK,28.18,0.00,0.00,0.00,,ensemble
1158522,2026-05-30 15:57:56.861509+02,2026-05-30 16:00:00+02,22.82,16.36,12.43,17.80,0.00,0.00,33.63,OK,30.60,0.00,0.00,0.00,,ensemble
1072086,2026-05-29 14:11:30.113609+02,2026-05-29 14:12:00+02,12.26,12.13,9.82,11.50,0.00,0.00,14.85,OK,28.86,0.00,0.00,0.00,,ensemble
1072077,2026-05-29 13:44:52.78058+02,2026-05-29 13:45:00+02,9.84,23.37,13.25,14.90,0.00,0.00,19.85,OK,30.48,0.00,0.00,0.00,,ensemble
1360348,2026-06-02 11:12:58.812062+02,2026-06-02 11:12:00+02,13.59,13.49,6.11,11.30,0.00,0.00,11.64,OK,32.20,0.00,0.00,0.00,,ensemble
1257424,2026-06-01 14:26:56.928999+02,2026-06-01 14:27:00+02,14.22,7.45,5.96,9.70,0.00,0.00,12.83,OK,27.10,0.00,0.00,0.00,,ensemble
1158530,2026-05-30 16:24:03.914003+02,2026-05-30 16:24:00+02,25.62,14.03,17.89,19.80,0.00,0.00,30.13,OK,26.88,0.00,0.00,0.00,,ensemble
1158523,2026-05-30 16:02:38.168009+02,2026-05-30 16:03:00+02,23.12,12.56,13.14,17.00,0.00,0.00,33.16,OK,32.25,0.00,0.00,0.00,,ensemble
1237388,2026-05-31 10:04:00.097317+02,2026-05-31 10:06:00+02,14.02,5.15,3.95,8.30,0.00,0.00,8.67,OK,18.42,0.00,0.00,0.00,,ensemble
1257423,2026-06-01 14:22:03.973269+02,2026-06-01 14:24:00+02,14.04,6.84,1.75,8.20,0.00,0.00,7.47,OK,25.17,0.00,0.00,0.00,,ensemble
1257425,2026-06-01 14:29:20.697081+02,2026-06-01 14:30:00+02,12.13,7.17,2.94,7.90,0.00,0.00,7.58,OK,22.90,0.00,0.00,0.00,,ensemble
1426738,2026-06-03 10:52:30.660345+02,2026-06-03 10:51:00+02,12.65,12.93,12.32,12.60,0.00,0.00,9.20,OK,22.33,0.00,0.00,0.00,,ensemble
1426823,2026-06-03 15:02:44.518478+02,2026-06-03 15:06:00+02,10.56,7.41,7.27,8.60,0.00,0.00,4.62,OK,11.46,0.00,0.00,0.00,,ensemble
1158419,2026-05-30 10:51:26.820513+02,2026-05-30 10:51:00+02,16.84,8.82,7.16,11.50,0.00,0.00,17.02,OK,28.42,0.00,0.00,0.00,,ensemble
1158425,2026-05-30 11:09:05.531562+02,2026-05-30 11:09:00+02,14.80,10.12,6.74,11.00,0.00,0.00,14.43,OK,23.02,0.00,0.00,0.00,,ensemble
1072171,2026-05-29 18:24:51.701998+02,2026-05-29 18:27:00+02,9.57,3.85,3.43,6.00,0.00,0.00,0.60,OK,1.55,0.00,0.00,0.00,,ensemble
1072154,2026-05-29 17:36:05.264798+02,2026-05-29 17:36:00+02,18.01,17.71,13.38,16.50,0.00,0.00,18.47,OK,27.75,0.00,0.00,0.00,,ensemble
1072164,2026-05-29 18:03:48.485211+02,2026-05-29 18:06:00+02,13.10,4.43,0.91,6.80,0.00,0.00,5.20,OK,10.54,0.00,0.00,0.00,,ensemble
1072153,2026-05-29 17:32:45.423677+02,2026-05-29 17:33:00+02,18.42,13.15,14.88,15.80,0.00,0.00,16.30,OK,22.98,0.00,0.00,0.00,,ensemble
1072152,2026-05-29 17:30:13.803621+02,2026-05-29 17:30:00+02,18.83,14.46,14.71,16.30,0.00,0.00,16.36,OK,24.57,0.00,0.00,0.00,,ensemble
1158426,2026-05-30 11:09:05.531562+02,2026-05-30 11:12:00+02,14.65,9.88,6.10,10.70,0.00,0.00,15.02,OK,25.67,0.00,0.00,0.00,,ensemble
1072163,2026-05-29 18:02:21.566286+02,2026-05-29 18:03:00+02,13.49,4.18,0.83,6.90,0.00,0.00,4.42,OK,12.72,0.00,0.00,0.00,,ensemble
1072155,2026-05-29 17:37:19.286823+02,2026-05-29 17:39:00+02,17.59,15.81,3.29,12.80,0.00,0.00,13.65,OK,22.87,0.00,0.00,0.00,,ensemble
1158554,2026-05-30 17:35:57.365434+02,2026-05-30 17:36:00+02,22.15,15.76,10.41,16.70,0.00,0.00,22.24,OK,32.47,0.00,0.00,0.00,,ensemble
1158424,2026-05-30 11:06:28.503353+02,2026-05-30 11:06:00+02,15.11,11.02,8.07,11.80,0.00,0.00,16.00,OK,23.15,0.00,0.00,0.00,,ensemble
1072157,2026-05-29 17:44:45.011334+02,2026-05-29 17:45:00+02,16.72,15.51,3.36,12.30,0.00,0.00,12.82,OK,25.55,0.00,0.00,0.00,,ensemble
1257342,2026-06-01 10:21:01.520605+02,2026-06-01 10:21:00+02,19.29,5.80,5.96,11.20,0.00,0.00,11.94,OK,33.17,0.00,0.00,0.00,,ensemble
1257343,2026-06-01 10:21:01.520605+02,2026-06-01 10:24:00+02,19.18,6.22,5.23,11.10,0.00,0.00,19.71,OK,30.56,0.00,0.00,0.00,,ensemble
1158418,2026-05-30 10:47:28.694802+02,2026-05-30 10:48:00+02,17.04,10.33,5.54,11.60,0.00,0.00,13.99,OK,27.62,0.00,0.00,0.00,,ensemble
1072165,2026-05-29 18:09:00.653885+02,2026-05-29 18:09:00+02,12.74,4.98,1.41,7.00,0.00,0.00,5.47,OK,10.06,0.00,0.00,0.00,,ensemble
1072166,2026-05-29 18:09:00.653885+02,2026-05-29 18:12:00+02,12.39,6.10,0.84,7.00,0.00,0.00,4.94,OK,9.74,0.00,0.00,0.00,,ensemble
1158420,2026-05-30 10:53:58.045183+02,2026-05-30 10:54:00+02,15.84,8.75,5.19,10.50,0.00,0.00,13.34,OK,29.01,0.00,0.00,0.00,,ensemble
1360354,2026-06-02 11:32:13.979031+02,2026-06-02 11:30:00+02,16.28,15.08,13.95,15.20,0.00,0.00,26.08,OK,25.65,0.00,0.00,0.00,,ensemble
1072151,2026-05-29 17:27:16.023725+02,2026-05-29 17:27:00+02,19.20,16.15,8.07,14.90,0.00,0.00,17.68,OK,23.90,0.00,0.00,0.00,,ensemble
1072167,2026-05-29 18:14:18.548136+02,2026-05-29 18:15:00+02,12.05,4.48,3.74,7.30,0.68,0.00,3.48,OK,6.00,0.00,0.00,0.00,,ensemble
1072172,2026-05-29 18:29:02.207832+02,2026-05-29 18:30:00+02,9.34,3.24,0.61,4.90,0.00,0.00,0.00,OK,1.21,0.00,0.00,0.00,,ensemble
1158422,2026-05-30 11:00:13.014403+02,2026-05-30 11:00:00+02,15.46,12.54,13.87,14.10,0.21,0.00,21.25,OK,25.29,0.00,0.00,0.00,,ensemble
1072150,2026-05-29 17:24:15.777003+02,2026-05-29 17:24:00+02,19.58,15.83,13.79,16.70,0.00,0.00,23.27,OK,25.40,0.00,0.00,0.00,,ensemble
1360355,2026-06-02 11:33:41.853641+02,2026-06-02 11:33:00+02,15.90,15.02,3.39,11.90,0.00,0.00,18.01,OK,25.50,0.00,0.00,0.00,,ensemble
1257351,2026-06-01 10:46:04.493401+02,2026-06-01 10:48:00+02,19.03,6.99,2.03,10.30,0.00,0.00,15.15,OK,36.56,0.00,0.00,0.00,,ensemble
1257418,2026-06-01 14:09:22.739779+02,2026-06-01 14:09:00+02,12.09,12.52,13.41,12.60,0.00,0.00,17.07,OK,27.47,0.00,0.00,0.00,,ensemble
1072149,2026-05-29 17:19:12.224327+02,2026-05-29 17:21:00+02,19.95,13.65,4.15,13.30,0.86,0.00,15.73,OK,23.52,0.00,0.00,0.00,,ensemble
1072169,2026-05-29 18:19:32.768954+02,2026-05-29 18:21:00+02,10.12,3.88,1.95,5.80,0.00,0.00,0.86,OK,1.73,0.00,0.00,0.00,,ensemble
1072148,2026-05-29 17:18:01.84101+02,2026-05-29 17:18:00+02,20.29,13.49,14.02,16.40,0.00,0.00,23.95,OK,21.89,0.00,0.00,0.00,,ensemble
1072173,2026-05-29 18:30:41.646564+02,2026-05-29 18:33:00+02,0.00,3.24,0.63,1.20,0.00,0.00,0.00,OK,0.00,0.00,0.00,0.00,,ensemble
1072147,2026-05-29 17:13:24.987925+02,2026-05-29 17:15:00+02,20.62,11.30,5.19,13.20,0.00,0.00,16.19,OK,20.00,0.00,0.00,0.00,,ensemble
1158427,2026-05-30 11:15:00.497426+02,2026-05-30 11:15:00+02,13.78,11.88,12.15,12.70,0.00,0.00,14.78,OK,24.63,0.00,0.00,0.00,,ensemble
1158421,2026-05-30 10:56:38.382427+02,2026-05-30 10:57:00+02,15.65,9.33,7.73,11.40,0.00,0.00,15.55,OK,23.33,0.00,0.00,0.00,,ensemble
1257348,2026-06-01 10:38:22.604134+02,2026-06-01 10:39:00+02,20.92,13.49,6.28,14.30,0.00,0.00,24.46,OK,34.92,0.00,0.00,0.00,,ensemble
1072174,2026-05-29 18:35:26.059536+02,2026-05-29 18:36:00+02,7.51,3.17,0.56,4.10,0.00,0.00,0.00,OK,0.33,0.00,0.00,0.00,,ensemble
1237400,2026-05-31 10:42:15.281625+02,2026-05-31 10:42:00+02,16.36,14.64,14.73,15.40,0.00,0.00,20.90,OK,32.64,0.00,0.00,0.00,,ensemble
1072170,2026-05-29 18:23:43.303477+02,2026-05-29 18:24:00+02,9.83,3.59,0.47,5.10,0.00,0.00,0.12,OK,0.88,0.00,0.00,0.00,,ensemble
1072156,2026-05-29 17:41:22.772994+02,2026-05-29 17:42:00+02,17.17,15.51,3.33,12.50,0.00,0.00,12.76,OK,24.14,0.00,0.00,0.00,,ensemble
1072168,2026-05-29 18:18:07.319469+02,2026-05-29 18:18:00+02,10.42,3.88,1.95,5.90,0.00,0.00,1.09,OK,1.64,0.00,0.00,0.00,,ensemble
1158417,2026-05-30 10:44:03.965838+02,2026-05-30 10:45:00+02,17.24,11.53,3.84,11.50,0.00,0.00,14.66,OK,28.55,0.00,0.00,0.00,,ensemble
1158423,2026-05-30 11:02:47.591078+02,2026-05-30 11:03:00+02,15.28,16.79,7.57,13.40,0.00,0.00,18.58,OK,26.31,0.00,0.00,0.00,,ensemble
1158553,2026-05-30 17:32:43.154059+02,2026-05-30 17:33:00+02,22.47,16.15,15.82,18.60,0.00,0.00,28.61,OK,25.08,0.00,0.00,0.00,,ensemble
1257346,2026-06-01 10:33:33.22472+02,2026-06-01 10:33:00+02,21.22,9.05,14.24,15.50,0.00,0.00,28.03,OK,31.60,0.00,0.00,0.00,,ensemble
1257345,2026-06-01 10:28:26.011645+02,2026-06-01 10:30:00+02,19.91,5.80,14.38,14.00,0.00,0.00,23.78,OK,31.67,0.00,0.00,0.00,,ensemble
1257344,2026-06-01 10:27:19.004113+02,2026-06-01 10:27:00+02,19.05,5.80,7.88,11.70,0.00,0.00,23.08,OK,29.77,0.00,0.00,0.00,,ensemble
1257347,2026-06-01 10:33:33.22472+02,2026-06-01 10:36:00+02,21.08,10.75,14.59,16.00,0.00,0.00,33.17,OK,33.19,0.00,0.00,0.00,,ensemble
1360427,2026-06-02 15:08:29.295532+02,2026-06-02 15:09:00+02,11.71,9.58,8.18,10.00,0.68,0.00,12.87,OK,31.26,0.00,0.00,0.00,,ensemble
1360430,2026-06-02 15:16:29.922285+02,2026-06-02 15:18:00+02,13.12,14.74,15.83,14.40,0.00,0.00,21.30,OK,29.69,0.00,0.00,0.00,,ensemble
1257349,2026-06-01 10:39:51.070719+02,2026-06-01 10:42:00+02,20.77,13.49,7.70,14.70,0.00,0.00,23.83,OK,45.21,0.00,0.00,0.00,,ensemble
1257350,2026-06-01 10:44:39.670029+02,2026-06-01 10:45:00+02,17.93,8.49,1.60,10.20,0.00,0.00,14.77,OK,44.36,0.00,0.00,0.00,,ensemble
1360428,2026-06-02 15:10:51.52607+02,2026-06-02 15:12:00+02,11.86,8.42,7.44,9.50,0.00,0.00,10.33,OK,31.78,0.00,0.00,0.00,,ensemble
1072136,2026-05-29 16:42:13.647093+02,2026-05-29 16:42:00+02,22.59,8.89,4.32,13.00,0.00,0.00,15.19,OK,24.83,0.00,0.00,0.00,,ensemble
1072137,2026-05-29 16:43:48.142214+02,2026-05-29 16:45:00+02,22.58,9.35,3.41,12.90,0.00,0.00,15.40,OK,31.62,0.00,0.00,0.00,,ensemble
1158443,2026-05-30 12:03:13.593474+02,2026-05-30 12:03:00+02,12.44,12.75,12.69,12.60,0.00,0.00,15.09,OK,27.21,0.00,0.00,0.00,,ensemble
1072176,2026-05-29 18:40:38.516364+02,2026-05-29 18:42:00+02,7.11,3.12,2.10,4.40,0.00,0.00,0.00,OK,0.00,0.00,0.00,0.00,,ensemble
1072161,2026-05-29 17:56:46.541803+02,2026-05-29 17:57:00+02,15.10,4.07,1.96,7.80,0.00,0.00,5.35,OK,14.30,0.00,0.00,0.00,,ensemble
1158446,2026-05-30 12:12:10.038319+02,2026-05-30 12:12:00+02,12.18,13.47,5.99,10.70,0.00,0.00,9.88,OK,26.15,0.00,0.00,0.00,,ensemble
1072182,2026-05-29 19:00:07.772883+02,2026-05-29 19:00:00+02,5.60,13.95,15.47,11.10,0.00,0.00,7.72,OK,11.09,0.00,0.00,0.00,,ensemble
1158447,2026-05-30 12:14:53.134026+02,2026-05-30 12:15:00+02,11.06,9.14,5.04,8.70,0.00,0.00,7.83,OK,24.54,0.00,0.00,0.00,,ensemble
1158449,2026-05-30 12:21:03.193712+02,2026-05-30 12:21:00+02,10.83,12.92,13.01,12.10,0.00,0.00,13.43,OK,35.24,0.00,0.00,0.00,,ensemble
1237424,2026-05-31 11:51:14.043652+02,2026-05-31 11:54:00+02,10.77,19.39,23.30,17.10,0.00,0.00,23.13,OK,29.32,0.00,0.00,0.00,,ensemble
1072160,2026-05-29 17:53:17.447887+02,2026-05-29 17:54:00+02,15.51,10.16,6.70,11.30,0.00,0.00,10.75,OK,28.12,0.00,0.00,0.00,,ensemble
1072146,2026-05-29 17:12:09.224049+02,2026-05-29 17:12:00+02,21.05,11.93,12.03,15.60,0.00,0.00,20.03,OK,23.87,0.00,0.00,0.00,,ensemble
1237428,2026-05-31 12:01:47.437009+02,2026-05-31 12:06:00+02,11.10,14.22,3.76,9.80,0.00,0.00,16.57,OK,22.82,0.00,0.00,0.00,,ensemble
1072145,2026-05-29 17:07:19.779914+02,2026-05-29 17:09:00+02,21.32,12.43,2.79,13.10,0.00,0.00,20.09,OK,26.35,0.00,0.00,0.00,,ensemble
1072159,2026-05-29 17:48:11.92147+02,2026-05-29 17:51:00+02,15.92,8.92,4.75,10.50,0.00,0.00,12.05,OK,27.92,0.00,0.00,0.00,,ensemble
1072144,2026-05-29 17:06:08.716258+02,2026-05-29 17:06:00+02,21.57,12.24,13.06,16.20,0.00,0.00,27.50,OK,24.56,0.00,0.00,0.00,,ensemble
1072142,2026-05-29 17:00:54.501443+02,2026-05-29 17:00:00+02,21.86,9.31,10.69,14.70,0.00,0.00,22.45,OK,25.78,0.00,0.00,0.00,,ensemble
1072180,2026-05-29 18:52:35.632769+02,2026-05-29 18:54:00+02,5.79,17.11,4.46,8.80,0.00,0.00,5.44,OK,12.38,0.00,0.00,0.00,,ensemble
1072158,2026-05-29 17:48:02.39659+02,2026-05-29 17:48:00+02,16.34,8.32,4.22,10.30,1.16,0.00,9.12,OK,25.75,0.00,0.00,0.00,,ensemble
1158605,2026-05-30 20:08:39.279614+02,2026-05-30 20:09:00+02,7.31,12.00,3.19,7.50,0.00,0.00,,OK,,0.00,0.00,0.00,,ensemble
1072140,2026-05-29 16:54:15.218039+02,2026-05-29 16:54:00+02,22.38,10.85,3.61,13.30,0.00,0.00,16.23,OK,27.01,0.00,0.00,0.00,,ensemble
1072183,2026-05-29 19:03:09.719163+02,2026-05-29 19:03:00+02,5.52,16.72,17.88,12.60,0.00,0.00,11.05,OK,16.02,0.00,0.00,0.00,,ensemble
1072139,2026-05-29 16:49:23.818087+02,2026-05-29 16:51:00+02,22.47,10.72,3.13,13.10,0.00,0.00,17.37,OK,31.44,0.00,0.00,0.00,,ensemble
1158445,2026-05-30 12:08:50.492454+02,2026-05-30 12:09:00+02,12.27,13.99,5.40,10.70,0.00,0.00,12.64,OK,23.53,0.00,0.00,0.00,,ensemble
1072178,2026-05-29 18:47:44.418751+02,2026-05-29 18:48:00+02,6.03,9.28,12.47,8.90,0.00,0.00,5.44,OK,10.03,0.00,0.00,0.00,,ensemble
1237425,2026-05-31 11:56:00.03552+02,2026-05-31 11:57:00+02,10.61,19.05,8.65,12.60,0.00,0.00,16.89,OK,23.75,0.00,0.00,0.00,,ensemble
1257415,2026-06-01 13:58:39.619036+02,2026-06-01 14:00:00+02,11.61,5.21,4.10,7.40,0.00,0.00,12.27,OK,26.87,0.00,0.00,0.00,,ensemble
1360365,2026-06-02 12:04:39.397325+02,2026-06-02 12:03:00+02,13.51,8.51,3.92,9.10,0.00,0.00,8.96,OK,24.80,0.00,0.00,0.00,,ensemble
1072175,2026-05-29 18:35:26.059536+02,2026-05-29 18:39:00+02,7.30,3.83,0.02,4.10,0.00,0.00,0.00,OK,0.02,0.00,0.00,0.00,,ensemble
1072184,2026-05-29 19:04:39.493811+02,2026-05-29 19:06:00+02,0.00,21.91,5.68,8.30,0.00,0.00,5.69,OK,4.73,0.00,0.00,0.00,,ensemble
1360505,2026-06-02 19:03:02.362916+02,2026-06-02 19:03:00+02,8.09,22.13,15.99,14.70,0.00,0.00,8.15,OK,11.36,0.00,0.00,0.00,,ensemble
1237426,2026-05-31 12:00:00.081557+02,2026-05-31 12:00:00+02,10.47,19.07,13.13,13.80,0.00,0.00,19.85,OK,26.07,0.00,0.00,0.00,,ensemble
1072185,2026-05-29 19:09:11.617594+02,2026-05-29 19:09:00+02,5.74,19.28,15.55,12.70,0.00,0.00,13.20,OK,16.88,0.00,0.00,0.00,,ensemble
1072143,2026-05-29 17:01:21.025703+02,2026-05-29 17:03:00+02,21.79,10.15,4.80,13.20,0.00,0.00,18.28,OK,27.71,0.00,0.00,0.00,,ensemble
1257414,2026-06-01 13:57:34.380595+02,2026-06-01 13:57:00+02,10.07,5.33,3.78,6.80,0.00,0.00,9.38,OK,21.60,0.00,0.00,0.00,,ensemble
1158444,2026-05-30 12:05:00.340022+02,2026-05-30 12:06:00+02,12.36,16.88,4.75,11.40,0.00,0.00,13.41,OK,23.81,0.00,0.00,0.00,,ensemble
1072181,2026-05-29 18:56:21.934113+02,2026-05-29 18:57:00+02,5.69,14.18,5.20,8.10,0.00,0.00,4.68,OK,7.25,0.00,0.00,0.00,,ensemble
1257354,2026-06-01 10:56:52.220555+02,2026-06-01 10:57:00+02,18.46,9.71,4.83,11.70,0.00,0.00,28.03,OK,31.82,0.00,0.00,0.00,,ensemble
1072141,2026-05-29 16:57:06.113304+02,2026-05-29 16:57:00+02,23.24,10.74,9.34,15.30,0.00,0.00,19.17,OK,25.33,0.00,0.00,0.00,,ensemble
1426824,2026-06-03 15:09:07.054077+02,2026-06-03 15:09:00+02,10.69,5.34,2.22,6.50,0.00,0.00,0.40,OK,3.18,0.00,0.00,0.00,,ensemble
1072179,2026-05-29 18:48:48.899584+02,2026-05-29 18:51:00+02,5.90,12.38,16.96,11.20,0.00,0.00,11.98,OK,17.80,0.00,0.00,0.00,,ensemble
1072162,2026-05-29 18:00:02.088632+02,2026-05-29 18:00:00+02,11.73,4.07,1.79,6.40,0.00,0.00,2.61,OK,6.45,0.00,0.00,0.00,,ensemble
1072138,2026-05-29 16:48:14.981598+02,2026-05-29 16:48:00+02,22.54,11.40,11.42,15.90,0.00,0.00,18.90,OK,28.69,0.00,0.00,0.00,,ensemble
1072177,2026-05-29 18:45:47.928352+02,2026-05-29 18:45:00+02,6.95,4.00,19.85,9.90,0.00,0.00,8.27,OK,14.76,0.00,0.00,0.00,,ensemble
1158450,2026-05-30 12:23:30.338398+02,2026-05-30 12:24:00+02,10.72,16.35,12.25,12.90,0.00,0.00,14.09,OK,29.01,0.00,0.00,0.00,,ensemble
1158604,2026-05-30 20:05:18.221146+02,2026-05-30 20:06:00+02,6.85,12.09,6.18,8.20,0.00,0.00,,OK,,0.00,0.00,0.00,,ensemble
1237427,2026-05-31 12:01:47.437009+02,2026-05-31 12:03:00+02,11.22,15.26,5.11,10.60,0.00,0.00,11.58,OK,25.62,0.00,0.00,0.00,,ensemble
1158441,2026-05-30 11:57:57.612311+02,2026-05-30 11:57:00+02,12.61,11.94,9.28,11.40,0.00,0.00,12.20,OK,23.08,0.00,0.00,0.00,,ensemble
1158448,2026-05-30 12:17:37.808494+02,2026-05-30 12:18:00+02,10.95,11.18,11.02,11.00,0.00,0.00,12.52,OK,29.58,0.00,0.00,0.00,,ensemble
1158442,2026-05-30 11:58:21.215669+02,2026-05-30 12:00:00+02,12.53,11.94,10.62,11.80,0.00,0.00,12.65,OK,26.22,0.00,0.00,0.00,,ensemble
1158611,2026-05-30 20:26:44.195022+02,2026-05-30 20:27:00+02,6.63,8.38,2.76,6.00,0.00,,,OK,,0.00,0.00,0.00,,ensemble
1257355,2026-06-01 11:00:32.099323+02,2026-06-01 11:00:00+02,18.26,9.86,7.51,12.50,0.00,0.00,31.39,OK,32.65,0.00,0.00,0.00,,ensemble
1360363,2026-06-02 11:54:36.416788+02,2026-06-02 11:57:00+02,13.68,13.84,1.71,10.10,0.00,0.00,14.07,OK,24.24,0.00,0.00,0.00,,ensemble
1257416,2026-06-01 14:03:07.140817+02,2026-06-01 14:03:00+02,11.76,7.28,8.14,9.30,0.00,0.00,14.50,OK,25.86,0.00,0.00,0.00,,ensemble
1360364,2026-06-02 12:00:21.767915+02,2026-06-02 12:00:00+02,13.59,11.06,10.60,11.90,0.00,0.00,15.14,OK,24.21,0.00,0.00,0.00,,ensemble
1360504,2026-06-02 18:59:28.989992+02,2026-06-02 19:00:00+02,8.22,21.41,13.54,13.80,0.00,0.00,9.22,OK,12.09,0.00,0.00,0.00,,ensemble
1426825,2026-06-03 15:13:06.046508+02,2026-06-03 15:12:00+02,10.82,5.74,9.13,8.80,0.00,0.00,2.96,OK,12.02,0.00,0.00,0.00,,ensemble
1072196,2026-05-29 19:41:55.809057+02,2026-05-29 19:42:00+02,5.74,14.99,6.17,8.60,0.00,0.00,4.81,OK,11.17,0.00,0.00,0.00,,ensemble
1072195,2026-05-29 19:39:19.889343+02,2026-05-29 19:39:00+02,0.00,20.08,6.25,7.90,0.00,0.00,3.61,OK,5.20,0.00,0.00,0.00,,ensemble
1072201,2026-05-29 19:56:35.836446+02,2026-05-29 19:57:00+02,5.21,12.72,4.55,7.30,0.00,0.00,3.90,OK,,0.00,0.00,0.00,,ensemble
1158381,2026-05-30 08:57:56.995335+02,2026-05-30 08:57:00+02,9.40,9.68,12.66,10.50,0.00,0.00,13.01,OK,24.29,0.00,0.00,0.00,,ensemble
1158386,2026-05-30 09:10:19.019591+02,2026-05-30 09:12:00+02,11.53,9.28,4.78,8.80,0.00,0.00,8.62,OK,25.60,0.00,0.00,0.00,,ensemble
1072200,2026-05-29 19:53:18.394081+02,2026-05-29 19:54:00+02,5.41,13.28,9.61,9.00,0.00,0.00,5.72,OK,,0.00,0.00,0.00,,ensemble
1158380,2026-05-30 08:54:59.230769+02,2026-05-30 08:54:00+02,9.26,9.92,16.98,11.80,0.00,0.00,14.08,OK,28.83,0.00,0.00,0.00,,ensemble
1072193,2026-05-29 19:32:53.64263+02,2026-05-29 19:33:00+02,6.07,18.37,15.73,12.70,0.00,0.00,8.46,OK,17.70,0.00,0.00,0.00,,ensemble
1158382,2026-05-30 08:59:42.652915+02,2026-05-30 09:00:00+02,8.73,11.04,11.16,10.20,0.00,0.00,11.87,OK,25.99,0.00,0.00,0.00,,ensemble
1158383,2026-05-30 09:03:02.981797+02,2026-05-30 09:03:00+02,11.14,10.70,8.89,10.30,0.00,0.00,12.67,OK,26.75,0.00,0.00,0.00,,ensemble
1072208,2026-05-29 20:16:26.731678+02,2026-05-29 20:18:00+02,4.66,13.80,0.68,6.20,0.00,,,OK,,0.00,0.00,0.00,,ensemble
1072192,2026-05-29 19:28:26.286118+02,2026-05-29 19:30:00+02,6.12,15.04,3.91,8.10,0.00,0.00,3.37,OK,11.69,0.00,0.00,0.00,,ensemble
1158384,2026-05-30 09:04:03.704565+02,2026-05-30 09:06:00+02,11.28,10.36,13.25,11.60,0.00,0.00,15.50,OK,23.30,0.00,0.00,0.00,,ensemble
1158385,2026-05-30 09:09:27.411744+02,2026-05-30 09:09:00+02,11.41,10.47,5.82,9.40,0.00,0.00,10.86,OK,22.91,0.00,0.00,0.00,,ensemble
1158387,2026-05-30 09:15:52.3135+02,2026-05-30 09:15:00+02,11.64,8.60,13.30,11.20,0.00,0.00,14.35,OK,24.24,0.00,0.00,0.00,,ensemble
1158388,2026-05-30 09:16:54.035526+02,2026-05-30 09:18:00+02,12.02,9.71,4.97,9.20,0.00,0.00,9.40,OK,26.00,0.00,0.00,0.00,,ensemble
1158389,2026-05-30 09:20:30.219866+02,2026-05-30 09:21:00+02,12.10,8.99,4.21,8.80,0.00,0.00,7.83,OK,29.81,0.00,0.00,0.00,,ensemble
1072198,2026-05-29 19:46:46.974367+02,2026-05-29 19:48:00+02,5.60,10.09,1.93,5.80,0.00,0.00,1.19,OK,,0.00,0.00,0.00,,ensemble
1072194,2026-05-29 19:34:08.611152+02,2026-05-29 19:36:00+02,6.02,21.07,3.19,9.70,0.00,0.00,6.59,OK,18.97,0.00,0.00,0.00,,ensemble
1158390,2026-05-30 09:23:16.115676+02,2026-05-30 09:24:00+02,12.16,8.34,4.70,8.80,0.12,0.00,6.60,OK,24.12,0.00,0.00,0.00,,ensemble
1072209,2026-05-29 20:20:26.837647+02,2026-05-29 20:21:00+02,4.52,13.80,4.45,7.30,0.00,,,OK,,0.00,0.00,0.00,,ensemble
1072204,2026-05-29 20:04:49.609219+02,2026-05-29 20:06:00+02,4.84,14.85,4.08,7.60,0.00,0.00,,OK,,0.00,0.00,0.00,,ensemble
1158462,2026-05-30 13:00:36.372517+02,2026-05-30 13:00:00+02,8.74,15.81,12.66,12.00,0.00,0.00,17.03,OK,32.06,0.00,0.00,0.00,,ensemble
1072210,2026-05-29 20:23:51.407494+02,2026-05-29 20:24:00+02,4.38,13.80,4.92,7.40,0.00,,,OK,,0.00,0.00,0.00,,ensemble
1072191,2026-05-29 19:27:23.925188+02,2026-05-29 19:27:00+02,6.16,15.72,4.36,8.50,0.00,0.00,3.84,OK,11.05,0.00,0.00,0.00,,ensemble
1158391,2026-05-30 09:26:32.399501+02,2026-05-30 09:27:00+02,12.20,7.51,4.72,8.50,0.00,0.00,7.06,OK,27.09,0.00,0.00,0.00,,ensemble
1072211,2026-05-29 20:26:04.161879+02,2026-05-29 20:27:00+02,4.24,10.50,0.95,5.10,0.00,,,OK,,0.00,0.00,0.00,,ensemble
1072190,2026-05-29 19:23:36.615608+02,2026-05-29 19:24:00+02,6.20,25.16,6.59,12.00,0.00,0.00,10.15,OK,21.53,0.00,0.00,0.00,,ensemble
1158463,2026-05-30 13:01:09.986283+02,2026-05-30 13:03:00+02,9.58,16.12,13.43,12.70,0.00,0.00,20.18,OK,33.14,0.00,0.00,0.00,,ensemble
1072189,2026-05-29 19:21:02.279555+02,2026-05-29 19:21:00+02,5.49,21.46,17.53,13.90,0.00,0.00,11.02,OK,19.31,0.00,0.00,0.00,,ensemble
1072202,2026-05-29 19:59:42.493477+02,2026-05-29 20:00:00+02,5.10,11.82,6.59,7.60,0.00,0.00,,OK,,0.00,0.00,0.00,,ensemble
1072188,2026-05-29 19:17:42.395678+02,2026-05-29 19:18:00+02,5.55,21.10,12.95,12.40,0.45,0.00,9.48,OK,14.60,0.00,0.00,0.00,,ensemble
1072206,2026-05-29 20:11:55.12872+02,2026-05-29 20:12:00+02,4.91,11.56,5.56,7.10,0.00,0.00,,OK,,0.00,0.00,0.00,,ensemble
1158467,2026-05-30 13:12:41.600425+02,2026-05-30 13:15:00+02,8.54,11.61,11.60,10.40,0.00,0.00,15.24,OK,23.26,0.00,0.00,0.00,,ensemble
1237418,2026-05-31 11:35:39.179661+02,2026-05-31 11:36:00+02,11.89,13.12,12.11,12.30,0.00,0.00,20.57,OK,28.41,0.00,0.00,0.00,,ensemble
1237419,2026-05-31 11:38:13.837941+02,2026-05-31 11:39:00+02,11.67,13.48,14.32,13.00,0.00,0.00,18.25,OK,26.53,0.00,0.00,0.00,,ensemble
1237430,2026-05-31 12:07:17.083437+02,2026-05-31 12:12:00+02,10.90,13.20,4.37,9.60,0.00,0.00,12.42,OK,25.22,0.00,0.00,0.00,,ensemble
1072186,2026-05-29 19:10:45.995195+02,2026-05-29 19:12:00+02,5.68,15.34,6.70,8.90,0.00,0.00,4.39,OK,8.60,0.00,0.00,0.00,,ensemble
1072207,2026-05-29 20:14:47.507032+02,2026-05-29 20:15:00+02,4.79,13.24,4.86,7.30,0.00,,,OK,,0.00,0.00,0.00,,ensemble
1072203,2026-05-29 20:00:44.415197+02,2026-05-29 20:03:00+02,4.97,16.95,12.89,10.90,0.00,0.00,,OK,,0.00,0.00,0.00,,ensemble
1072187,2026-05-29 19:14:06.36514+02,2026-05-29 19:15:00+02,5.61,20.37,5.46,10.00,0.00,0.00,6.61,OK,11.25,0.00,0.00,0.00,,ensemble
1072199,2026-05-29 19:49:03.23162+02,2026-05-29 19:51:00+02,5.51,7.66,2.20,5.20,0.00,0.00,0.81,OK,,0.00,0.00,0.00,,ensemble
1237436,2026-05-31 12:29:21.549063+02,2026-05-31 12:30:00+02,10.58,11.17,11.10,10.90,0.00,0.00,,OK,,0.00,0.00,0.00,,ensemble
1072205,2026-05-29 20:09:04.042097+02,2026-05-29 20:09:00+02,4.70,12.46,6.32,7.50,0.00,0.00,,OK,,0.00,0.00,0.00,,ensemble
1072197,2026-05-29 19:44:24.44766+02,2026-05-29 19:45:00+02,5.68,14.82,3.83,7.90,0.00,0.00,4.40,OK,,0.00,0.00,0.00,,ensemble
1237434,2026-05-31 12:23:51.539619+02,2026-05-31 12:24:00+02,10.67,15.86,8.99,11.70,0.00,0.00,10.43,OK,,0.00,0.00,0.00,,ensemble
1237435,2026-05-31 12:23:51.539619+02,2026-05-31 12:27:00+02,10.62,14.87,6.44,10.60,0.00,0.00,14.41,OK,,0.00,0.00,0.00,,ensemble
1237433,2026-05-31 12:18:21.569331+02,2026-05-31 12:21:00+02,10.73,17.35,14.32,13.80,0.55,0.00,14.19,OK,,0.00,0.00,0.00,,ensemble
1257367,2026-06-01 11:35:05.952639+02,2026-06-01 11:36:00+02,13.85,10.46,7.48,10.90,0.00,0.00,13.35,OK,27.44,0.00,0.00,0.00,,ensemble
1257412,2026-06-01 13:51:01.822409+02,2026-06-01 13:51:00+02,11.79,7.39,1.82,7.50,0.00,0.00,7.31,OK,22.57,0.00,0.00,0.00,,ensemble
1257413,2026-06-01 13:52:49.305453+02,2026-06-01 13:54:00+02,11.94,7.39,2.16,7.60,0.00,0.00,7.62,OK,23.25,0.00,0.00,0.00,,ensemble
1257397,2026-06-01 13:05:44.605592+02,2026-06-01 13:06:00+02,10.90,11.27,9.25,10.50,0.00,0.00,14.66,OK,23.68,0.00,0.00,0.00,,ensemble
1257517,2026-06-01 19:05:09.125848+02,2026-06-01 19:06:00+02,11.71,16.77,4.62,11.10,0.00,0.00,13.18,OK,19.72,0.00,0.00,0.00,,ensemble
1237429,2026-05-31 12:07:17.083437+02,2026-05-31 12:09:00+02,11.00,13.43,4.34,9.70,0.52,0.00,12.00,OK,23.29,0.00,0.00,0.00,,ensemble
1257478,2026-06-01 17:05:55.582899+02,2026-06-01 17:09:00+02,21.24,12.16,1.11,12.50,0.00,0.00,23.76,OK,29.77,0.00,0.00,0.00,,ensemble
1360421,2026-06-02 14:48:14.605916+02,2026-06-02 14:51:00+02,10.79,7.86,5.59,8.40,0.00,0.00,13.89,OK,30.24,0.00,0.00,0.00,,ensemble
1360422,2026-06-02 14:53:46.884562+02,2026-06-02 14:54:00+02,10.93,6.42,4.68,7.70,0.00,0.00,8.40,OK,27.90,0.00,0.00,0.00,,ensemble
1360419,2026-06-02 14:44:31.046704+02,2026-06-02 14:45:00+02,10.53,7.19,6.23,8.20,0.00,0.00,9.09,OK,30.46,0.00,0.00,0.00,,ensemble
1426846,2026-06-03 16:15:55.615629+02,2026-06-03 16:15:00+02,20.71,9.47,8.03,13.50,0.00,0.00,7.43,OK,22.40,0.00,0.00,0.00,,ensemble
1257352,2026-06-01 10:50:52.872595+02,2026-06-01 10:51:00+02,18.84,6.77,6.14,11.40,0.00,0.00,19.25,OK,33.58,0.00,0.00,0.00,,ensemble
1257366,2026-06-01 11:33:15.550141+02,2026-06-01 11:33:00+02,14.91,10.40,5.72,10.80,0.00,0.00,12.36,OK,26.74,0.00,0.00,0.00,,ensemble
1158487,2026-05-30 14:12:53.458826+02,2026-05-30 14:15:00+02,10.64,14.61,11.91,12.20,0.00,0.00,15.26,OK,28.12,0.00,0.00,0.00,,ensemble
1257368,2026-06-01 11:39:17.53242+02,2026-06-01 11:39:00+02,13.69,11.77,11.11,12.30,1.06,0.00,14.92,OK,27.50,0.00,0.00,0.00,,ensemble
1257369,2026-06-01 11:41:14.53609+02,2026-06-01 11:42:00+02,13.54,13.91,5.87,11.30,0.00,0.00,12.63,OK,37.50,0.00,0.00,0.00,,ensemble
1360375,2026-06-02 12:33:25.41395+02,2026-06-02 12:33:00+02,11.59,7.86,1.49,7.40,0.00,0.00,11.51,OK,24.51,0.00,0.00,0.00,,ensemble
1257407,2026-06-01 13:35:18.754541+02,2026-06-01 13:36:00+02,11.39,5.62,3.91,7.40,0.00,0.00,6.47,OK,24.46,0.00,0.00,0.00,,ensemble
1158494,2026-05-30 14:36:18.779053+02,2026-05-30 14:36:00+02,13.32,6.05,1.83,7.70,0.00,0.00,8.69,OK,30.92,0.00,0.00,0.00,,ensemble
1360377,2026-06-02 12:39:27.662429+02,2026-06-02 12:39:00+02,11.58,8.35,10.63,10.30,0.00,0.00,16.88,OK,29.72,0.00,0.00,0.00,,ensemble
1158485,2026-05-30 14:06:57.078141+02,2026-05-30 14:09:00+02,10.34,13.21,15.40,12.70,0.00,0.00,18.98,OK,23.70,0.00,0.00,0.00,,ensemble
1360383,2026-06-02 12:58:41.343063+02,2026-06-02 12:57:00+02,10.50,15.60,16.66,13.90,0.00,0.00,20.13,OK,27.70,0.00,0.00,0.00,,ensemble
1257406,2026-06-01 13:33:16.649348+02,2026-06-01 13:33:00+02,11.28,8.12,4.06,8.20,0.00,0.00,8.06,OK,26.57,0.00,0.00,0.00,,ensemble
1360380,2026-06-02 12:49:20.463911+02,2026-06-02 12:48:00+02,10.44,14.58,3.10,9.50,0.00,0.00,10.68,OK,26.54,0.00,0.00,0.00,,ensemble
1158495,2026-05-30 14:37:02.9849+02,2026-05-30 14:39:00+02,10.92,6.05,1.83,6.70,0.00,0.00,5.61,OK,19.55,0.00,0.00,0.00,,ensemble
1257403,2026-06-01 13:23:09.176918+02,2026-06-01 13:24:00+02,11.37,12.04,5.29,9.70,0.00,0.00,10.93,OK,27.06,0.00,0.00,0.00,,ensemble
1158482,2026-05-30 14:00:08.257778+02,2026-05-30 14:00:00+02,9.42,11.90,3.46,8.40,0.00,0.00,6.37,OK,19.50,0.00,0.00,0.00,,ensemble
1158490,2026-05-30 14:24:01.790758+02,2026-05-30 14:24:00+02,12.73,11.04,10.00,11.40,0.00,0.00,11.88,OK,27.56,0.00,0.00,0.00,,ensemble
1426802,2026-06-03 14:01:24.387428+02,2026-06-03 14:03:00+02,8.27,9.10,8.49,8.60,0.00,0.00,3.88,OK,8.82,0.00,0.00,0.00,,ensemble
1257408,2026-06-01 13:39:04.435088+02,2026-06-01 13:39:00+02,11.50,6.49,2.03,7.20,0.00,0.00,6.00,OK,20.57,0.00,0.00,0.00,,ensemble
1257409,2026-06-01 13:41:34.301321+02,2026-06-01 13:42:00+02,9.55,5.97,4.41,6.90,0.00,0.00,5.70,OK,30.85,0.00,0.00,0.00,,ensemble
1360379,2026-06-02 12:44:29.098189+02,2026-06-02 12:45:00+02,11.60,13.97,5.86,10.60,0.00,0.00,14.56,OK,30.51,0.00,0.00,0.00,,ensemble
1257399,2026-06-01 13:11:26.893538+02,2026-06-01 13:12:00+02,11.17,11.68,5.04,9.50,0.00,0.00,10.41,OK,39.30,0.00,0.00,0.00,,ensemble
1257400,2026-06-01 13:14:14.351256+02,2026-06-01 13:15:00+02,11.21,11.51,4.82,9.40,0.00,0.00,9.95,OK,24.16,0.00,0.00,0.00,,ensemble
1158486,2026-05-30 14:12:11.39763+02,2026-05-30 14:12:00+02,10.49,14.61,9.81,11.50,0.00,0.00,12.53,OK,25.13,0.00,0.00,0.00,,ensemble
1426758,2026-06-03 11:52:01.808598+02,2026-06-03 11:51:00+02,8.94,12.41,6.95,9.40,0.00,0.00,4.12,OK,11.92,0.00,0.00,0.00,,ensemble
1158492,2026-05-30 14:30:24.024646+02,2026-05-30 14:30:00+02,13.03,11.03,9.89,11.50,0.00,0.00,14.55,OK,29.01,0.00,0.00,0.00,,ensemble
1158493,2026-05-30 14:30:24.024646+02,2026-05-30 14:33:00+02,13.18,11.28,9.58,11.50,0.00,0.00,20.23,OK,27.00,0.00,0.00,0.00,,ensemble
1158496,2026-05-30 14:42:16.145307+02,2026-05-30 14:42:00+02,13.70,6.95,7.50,9.80,0.00,0.00,12.24,OK,29.44,0.00,0.00,0.00,,ensemble
1158484,2026-05-30 14:06:11.649062+02,2026-05-30 14:06:00+02,10.20,12.48,14.24,12.10,0.00,0.00,15.36,OK,24.34,0.00,0.00,0.00,,ensemble
1257370,2026-06-01 11:45:27.88605+02,2026-06-01 11:45:00+02,13.39,15.41,6.27,11.90,0.00,0.00,14.14,OK,36.77,0.00,0.00,0.00,,ensemble
1257353,2026-06-01 10:52:17.004152+02,2026-06-01 10:54:00+02,18.65,9.50,11.15,13.70,0.00,0.00,26.67,OK,32.45,0.00,0.00,0.00,,ensemble
1158497,2026-05-30 14:42:52.496014+02,2026-05-30 14:45:00+02,13.83,8.25,8.81,10.70,0.00,0.00,14.03,OK,30.13,0.00,0.00,0.00,,ensemble
1257404,2026-06-01 13:27:29.351279+02,2026-06-01 13:27:00+02,11.10,13.46,12.34,12.20,0.00,0.00,23.58,OK,26.32,0.00,0.00,0.00,,ensemble
1257410,2026-06-01 13:45:01.087016+02,2026-06-01 13:45:00+02,11.52,7.51,6.76,8.90,0.00,0.00,9.56,OK,37.58,0.00,0.00,0.00,,ensemble
1158489,2026-05-30 14:21:11.694357+02,2026-05-30 14:21:00+02,10.27,11.51,10.54,10.70,0.00,0.00,11.34,OK,30.95,0.00,0.00,0.00,,ensemble
1360381,2026-06-02 12:51:03.048222+02,2026-06-02 12:51:00+02,10.45,9.95,1.96,7.80,0.00,0.00,8.01,OK,23.48,0.00,0.00,0.00,,ensemble
1257398,2026-06-01 13:08:55.994223+02,2026-06-01 13:09:00+02,10.92,12.01,7.46,10.20,0.00,0.00,11.96,OK,28.07,0.00,0.00,0.00,,ensemble
1360376,2026-06-02 12:35:48.704914+02,2026-06-02 12:36:00+02,11.58,7.76,2.14,7.60,0.00,0.00,13.07,OK,26.94,0.00,0.00,0.00,,ensemble
1257405,2026-06-01 13:30:08.614299+02,2026-06-01 13:30:00+02,11.19,13.61,4.04,9.80,0.00,0.00,10.63,OK,27.74,0.00,0.00,0.00,,ensemble
1158498,2026-05-30 14:48:04.594032+02,2026-05-30 14:48:00+02,13.96,9.15,8.11,10.80,0.00,0.00,13.60,OK,31.91,0.00,0.00,0.00,,ensemble
1158483,2026-05-30 14:00:53.848876+02,2026-05-30 14:03:00+02,9.56,11.90,3.54,8.50,0.00,0.00,7.28,OK,21.05,0.00,0.00,0.00,,ensemble
1158491,2026-05-30 14:26:51.939156+02,2026-05-30 14:27:00+02,12.88,13.25,6.68,11.10,0.00,0.00,11.89,OK,28.12,0.00,0.00,0.00,,ensemble
1158488,2026-05-30 14:18:06.440227+02,2026-05-30 14:18:00+02,10.79,13.28,5.53,10.00,0.00,0.00,11.53,OK,28.42,0.00,0.00,0.00,,ensemble
1257395,2026-06-01 12:59:41.18134+02,2026-06-01 13:00:00+02,10.89,8.75,5.35,8.60,0.00,0.00,14.35,OK,27.70,0.00,0.00,0.00,,ensemble
1257411,2026-06-01 13:46:55.944446+02,2026-06-01 13:48:00+02,11.65,8.23,3.68,8.20,0.00,0.00,9.23,OK,31.02,0.00,0.00,0.00,,ensemble
1257396,2026-06-01 12:59:41.18134+02,2026-06-01 13:03:00+02,10.89,8.69,4.65,8.40,0.00,0.00,16.18,OK,25.63,0.00,0.00,0.00,,ensemble
1360382,2026-06-02 12:53:10.564981+02,2026-06-02 12:54:00+02,10.47,12.95,12.79,11.90,0.00,0.00,17.19,OK,28.09,0.00,0.00,0.00,,ensemble
1426810,2026-06-03 14:24:36.5922+02,2026-06-03 14:27:00+02,9.23,12.94,5.17,9.10,0.00,0.00,5.62,OK,12.63,0.00,0.00,0.00,,ensemble
1426859,2026-06-03 16:55:03.241153+02,2026-06-03 16:54:00+02,19.70,13.22,13.92,16.00,0.00,0.00,12.89,OK,25.71,0.00,0.00,0.00,,ensemble
1360378,2026-06-02 12:43:22.202878+02,2026-06-02 12:42:00+02,11.59,14.56,20.35,15.10,0.00,0.00,22.81,OK,28.38,0.00,0.00,0.00,,ensemble
1426858,2026-06-03 16:51:50.769637+02,2026-06-03 16:51:00+02,19.04,17.08,6.00,14.50,0.00,0.00,13.26,OK,30.32,0.00,0.00,0.00,,ensemble
1426857,2026-06-03 16:46:45.114446+02,2026-06-03 16:48:00+02,18.99,15.85,4.07,13.60,0.00,0.00,9.88,OK,25.73,0.00,0.00,0.00,,ensemble
1158507,2026-05-30 15:14:57.852393+02,2026-05-30 15:15:00+02,16.98,13.53,8.21,13.30,0.00,0.00,23.87,OK,29.64,0.00,0.00,0.00,,ensemble
1158513,2026-05-30 15:32:13.235449+02,2026-05-30 15:33:00+02,18.08,13.37,6.51,13.20,0.00,0.00,20.97,OK,29.63,0.00,0.00,0.00,,ensemble
1158476,2026-05-30 13:42:11.768458+02,2026-05-30 13:42:00+02,8.22,9.31,12.02,9.70,0.00,0.00,10.11,OK,24.77,0.00,0.00,0.00,,ensemble
1158475,2026-05-30 13:39:22.313935+02,2026-05-30 13:39:00+02,8.14,8.13,7.78,8.00,0.00,0.00,6.62,OK,19.00,0.00,0.00,0.00,,ensemble
1158474,2026-05-30 13:36:20.32999+02,2026-05-30 13:36:00+02,8.06,8.36,4.99,7.20,0.00,0.00,5.75,OK,20.15,0.00,0.00,0.00,,ensemble
1158473,2026-05-30 13:33:03.607138+02,2026-05-30 13:33:00+02,8.67,9.00,4.15,7.40,0.00,0.00,5.94,OK,18.91,0.00,0.00,0.00,,ensemble
1158504,2026-05-30 15:05:38.052909+02,2026-05-30 15:06:00+02,15.40,11.31,14.54,13.90,0.00,0.00,24.63,OK,28.52,0.00,0.00,0.00,,ensemble
1158477,2026-05-30 13:42:52.525169+02,2026-05-30 13:45:00+02,8.31,9.31,15.63,10.80,0.00,0.00,11.88,OK,25.40,0.00,0.00,0.00,,ensemble
1158514,2026-05-30 15:34:45.222683+02,2026-05-30 15:36:00+02,18.29,15.66,5.97,13.80,0.00,0.00,24.40,OK,39.71,0.00,0.00,0.00,,ensemble
1158503,2026-05-30 15:03:23.230851+02,2026-05-30 15:03:00+02,15.27,8.78,9.77,11.70,0.00,0.00,19.45,OK,33.35,0.00,0.00,0.00,,ensemble
1158506,2026-05-30 15:11:21.966795+02,2026-05-30 15:12:00+02,16.82,13.80,5.47,12.50,0.00,0.00,19.67,OK,29.24,0.00,0.00,0.00,,ensemble
1257334,2026-06-01 09:56:31.351536+02,2026-06-01 09:57:00+02,17.89,5.80,5.01,10.40,0.00,0.00,19.47,OK,26.34,0.00,0.00,0.00,,ensemble
1158470,2026-05-30 13:24:28.742015+02,2026-05-30 13:24:00+02,8.27,9.33,6.33,8.00,0.00,0.00,9.94,OK,22.04,0.00,0.00,0.00,,ensemble
1257336,2026-06-01 10:02:33.260874+02,2026-06-01 10:03:00+02,17.85,5.80,6.62,10.90,0.00,0.00,16.39,OK,25.31,0.00,0.00,0.00,,ensemble
1360384,2026-06-02 12:58:41.343063+02,2026-06-02 13:00:00+02,10.54,15.29,15.79,13.50,0.00,0.00,28.25,OK,28.07,0.00,0.00,0.00,,ensemble
1360385,2026-06-02 13:02:10.211053+02,2026-06-02 13:03:00+02,10.58,16.94,12.94,13.20,0.00,0.00,19.61,OK,29.41,0.00,0.00,0.00,,ensemble
1257429,2026-06-01 14:39:48.903402+02,2026-06-01 14:42:00+02,14.44,7.34,6.11,9.80,0.00,0.00,12.18,OK,37.80,0.00,0.00,0.00,,ensemble
1158510,2026-05-30 15:24:21.176488+02,2026-05-30 15:24:00+02,12.50,11.70,10.89,11.80,0.00,0.00,16.61,OK,29.72,0.00,0.00,0.00,,ensemble
1426817,2026-06-03 14:47:09.760932+02,2026-06-03 14:48:00+02,10.54,7.89,5.23,8.20,0.00,0.00,2.41,OK,9.64,0.00,0.00,0.00,,ensemble
1158508,2026-05-30 15:17:16.93081+02,2026-05-30 15:18:00+02,17.14,11.95,6.57,12.40,0.00,0.00,21.98,OK,29.92,0.00,0.00,0.00,,ensemble
1360389,2026-06-02 13:15:43.325278+02,2026-06-02 13:15:00+02,10.19,5.56,2.57,6.50,0.00,0.00,4.43,OK,18.74,0.00,0.00,0.00,,ensemble
1158472,2026-05-30 13:30:22.172112+02,2026-05-30 13:30:00+02,8.35,8.67,5.94,7.70,0.00,0.00,5.90,OK,19.88,0.00,0.00,0.00,,ensemble
1158478,2026-05-30 13:48:13.075947+02,2026-05-30 13:48:00+02,8.41,15.00,13.20,11.80,0.00,0.00,12.66,OK,27.18,0.00,0.00,0.00,,ensemble
1257335,2026-06-01 10:00:13.457812+02,2026-06-01 10:00:00+02,17.88,5.80,11.80,12.40,0.00,0.00,24.24,OK,27.21,0.00,0.00,0.00,,ensemble
1158471,2026-05-30 13:25:06.410269+02,2026-05-30 13:27:00+02,8.30,9.33,7.24,8.30,0.00,0.00,11.72,OK,22.86,0.00,0.00,0.00,,ensemble
1158511,2026-05-30 15:26:32.819999+02,2026-05-30 15:27:00+02,17.67,11.26,9.69,13.40,0.00,0.00,21.16,OK,30.29,0.00,0.00,0.00,,ensemble
1158469,2026-05-30 13:19:01.773092+02,2026-05-30 13:21:00+02,8.24,10.32,8.89,9.10,0.00,0.00,12.43,OK,29.01,0.00,0.00,0.00,,ensemble
1237408,2026-05-31 11:05:12.659314+02,2026-05-31 11:06:00+02,14.70,14.34,7.80,12.50,0.00,0.00,17.81,OK,24.04,0.00,0.00,0.00,,ensemble
1237409,2026-05-31 11:05:12.659314+02,2026-05-31 11:09:00+02,14.42,13.92,5.34,11.50,0.00,0.00,22.82,OK,25.02,0.00,0.00,0.00,,ensemble
1158502,2026-05-30 14:59:38.996528+02,2026-05-30 15:00:00+02,15.14,9.04,3.35,9.80,0.00,0.00,12.75,OK,32.61,0.00,0.00,0.00,,ensemble
1158505,2026-05-30 15:09:12.227204+02,2026-05-30 15:09:00+02,16.67,11.64,12.22,13.80,0.00,0.00,28.96,OK,28.32,0.00,0.00,0.00,,ensemble
1158512,2026-05-30 15:30:05.857488+02,2026-05-30 15:30:00+02,17.87,13.14,14.16,15.30,0.00,0.00,25.35,OK,31.46,0.00,0.00,0.00,,ensemble
1158509,2026-05-30 15:20:45.312666+02,2026-05-30 15:21:00+02,17.31,11.80,13.71,14.60,0.00,0.00,23.11,OK,32.77,0.00,0.00,0.00,,ensemble
1237406,2026-05-31 10:59:28.175163+02,2026-05-31 11:00:00+02,15.27,14.91,14.99,15.10,0.00,0.00,23.14,OK,26.55,0.00,0.00,0.00,,ensemble
1237415,2026-05-31 11:26:54.007628+02,2026-05-31 11:27:00+02,13.31,16.76,9.61,13.20,0.00,0.00,15.26,OK,27.32,0.00,0.00,0.00,,ensemble
1237421,2026-05-31 11:44:53.217419+02,2026-05-31 11:45:00+02,15.88,15.59,9.24,13.80,0.00,0.00,18.23,OK,28.66,0.00,0.00,0.00,,ensemble
1237417,2026-05-31 11:32:29.736109+02,2026-05-31 11:33:00+02,12.12,14.94,6.91,11.40,0.00,0.00,14.32,OK,25.61,0.00,0.00,0.00,,ensemble
1257337,2026-06-01 10:06:17.285583+02,2026-06-01 10:06:00+02,17.81,5.80,11.76,12.40,0.00,0.00,17.12,OK,24.15,0.00,0.00,0.00,,ensemble
1257341,2026-06-01 10:18:35.404038+02,2026-06-01 10:18:00+02,19.39,5.80,7.49,11.70,0.00,0.00,13.60,OK,30.45,0.00,0.00,0.00,,ensemble
1360387,2026-06-02 13:10:20.54217+02,2026-06-02 13:09:00+02,10.08,8.06,1.74,7.00,0.00,0.00,6.02,OK,19.45,0.00,0.00,0.00,,ensemble
1237413,2026-05-31 11:21:03.505033+02,2026-05-31 11:21:00+02,13.80,11.94,12.59,12.90,0.00,0.00,14.24,OK,33.64,0.00,0.00,0.00,,ensemble
1257340,2026-06-01 10:14:50.948531+02,2026-06-01 10:15:00+02,19.48,5.80,8.18,12.00,0.00,0.00,15.42,OK,30.45,0.00,0.00,0.00,,ensemble
1257339,2026-06-01 10:12:27.953083+02,2026-06-01 10:12:00+02,19.56,5.80,12.47,13.30,0.00,0.00,17.74,OK,39.96,0.00,0.00,0.00,,ensemble
1360386,2026-06-02 13:07:22.165366+02,2026-06-02 13:06:00+02,10.80,11.27,6.01,9.50,0.00,0.00,13.63,OK,27.66,0.00,0.00,0.00,,ensemble
1237407,2026-05-31 10:59:28.175163+02,2026-05-31 11:03:00+02,14.98,14.47,12.94,14.20,0.00,0.00,27.92,OK,26.77,0.00,0.00,0.00,,ensemble
1257417,2026-06-01 14:04:34.571291+02,2026-06-01 14:06:00+02,11.92,7.24,4.83,8.40,0.00,0.00,9.99,OK,23.63,0.00,0.00,0.00,,ensemble
1360388,2026-06-02 13:10:20.54217+02,2026-06-02 13:12:00+02,10.13,8.01,0.82,6.70,0.00,0.00,7.79,OK,24.29,0.00,0.00,0.00,,ensemble
1257430,2026-06-01 14:45:09.523435+02,2026-06-01 14:45:00+02,12.90,10.76,14.57,12.80,0.00,0.00,17.62,OK,38.38,0.00,0.00,0.00,,ensemble
1237414,2026-05-31 11:22:24.793936+02,2026-05-31 11:24:00+02,13.55,12.58,8.89,11.90,0.00,0.00,12.09,OK,28.15,0.00,0.00,0.00,,ensemble
1257338,2026-06-01 10:08:37.256407+02,2026-06-01 10:09:00+02,17.75,5.80,4.70,10.30,0.00,0.00,12.94,OK,28.41,0.00,0.00,0.00,,ensemble
1237412,2026-05-31 11:16:51.171362+02,2026-05-31 11:18:00+02,14.06,11.10,4.92,10.40,0.00,0.00,11.14,OK,30.33,0.00,0.00,0.00,,ensemble
1237420,2026-05-31 11:39:18.666142+02,2026-05-31 11:42:00+02,11.47,18.86,22.21,16.90,0.64,0.00,24.30,OK,30.07,0.00,0.00,0.00,,ensemble
1237416,2026-05-31 11:29:20.774717+02,2026-05-31 11:30:00+02,16.15,15.27,5.58,12.70,0.00,0.00,14.57,OK,26.93,0.00,0.00,0.00,,ensemble
1426691,2026-06-03 08:22:57.927839+02,2026-06-03 08:30:00+02,39.10,18.41,15.25,25.70,0.00,0.00,25.76,OK,26.92,0.00,0.00,0.00,,ensemble
1426767,2026-06-03 12:19:43.854314+02,2026-06-03 12:18:00+02,8.42,11.76,12.25,10.60,1.98,0.00,4.41,OK,21.56,0.21,0.00,0.00,,ensemble
1158539,2026-05-30 16:49:42.549144+02,2026-05-30 16:51:00+02,25.34,11.43,12.54,17.30,0.00,0.00,36.28,OK,30.59,0.00,0.00,0.00,,ensemble
1158548,2026-05-30 17:17:05.646005+02,2026-05-30 17:18:00+02,24.29,10.85,6.64,15.00,0.00,0.00,18.23,OK,29.17,0.00,0.00,0.00,,ensemble
1158538,2026-05-30 16:48:15.535729+02,2026-05-30 16:48:00+02,25.28,13.40,14.67,18.50,0.23,0.00,26.51,OK,30.59,0.00,0.00,0.00,,ensemble
1158537,2026-05-30 16:44:05.661203+02,2026-05-30 16:45:00+02,25.20,11.44,7.44,15.70,0.00,0.00,24.43,OK,31.25,0.00,0.00,0.00,,ensemble
1257356,2026-06-01 11:03:13.40544+02,2026-06-01 11:03:00+02,17.28,9.52,8.10,12.20,0.00,0.00,25.46,OK,30.56,0.00,0.00,0.00,,ensemble
1237371,2026-05-31 09:14:41.623819+02,2026-05-31 09:15:00+02,7.87,8.48,15.03,10.20,0.00,0.00,13.29,OK,24.06,0.00,0.00,0.00,,ensemble
1158542,2026-05-30 16:59:53.506264+02,2026-05-30 17:00:00+02,25.60,10.57,11.47,16.90,0.00,0.00,30.56,OK,26.94,0.00,0.00,0.00,,ensemble
1237370,2026-05-31 09:11:58.890677+02,2026-05-31 09:12:00+02,7.77,9.17,16.64,10.90,0.00,0.00,12.99,OK,24.93,0.00,0.00,0.00,,ensemble
1237374,2026-05-31 09:23:34.751892+02,2026-05-31 09:24:00+02,8.13,8.49,13.13,9.70,0.00,0.00,9.30,OK,26.65,0.00,0.00,0.00,,ensemble
1257362,2026-06-01 11:21:45.571518+02,2026-06-01 11:21:00+02,15.60,17.52,15.43,16.10,0.00,0.00,25.28,OK,28.60,0.00,0.00,0.00,,ensemble
1360391,2026-06-02 13:20:11.728122+02,2026-06-02 13:21:00+02,10.32,9.14,9.49,9.70,0.00,0.00,11.28,OK,30.75,0.00,0.00,0.00,,ensemble
1158545,2026-05-30 17:08:16.735255+02,2026-05-30 17:09:00+02,25.22,12.74,10.87,17.20,0.00,0.00,31.53,OK,27.21,0.00,0.00,0.00,,ensemble
1257364,2026-06-01 11:27:06.454023+02,2026-06-01 11:27:00+02,15.24,13.52,11.47,13.60,0.00,0.00,31.06,OK,25.66,0.00,0.00,0.00,,ensemble
1158541,2026-05-30 16:55:21.657202+02,2026-05-30 16:57:00+02,25.36,10.54,6.13,15.10,0.00,0.00,25.31,OK,24.67,0.00,0.00,0.00,,ensemble
1360393,2026-06-02 13:27:05.020648+02,2026-06-02 13:27:00+02,8.86,6.83,1.07,5.90,0.00,0.00,5.98,OK,13.55,0.00,0.00,0.00,,ensemble
1158536,2026-05-30 16:41:58.608994+02,2026-05-30 16:42:00+02,25.88,11.64,13.45,17.90,0.00,0.00,27.72,OK,29.91,0.00,0.00,0.00,,ensemble
1158549,2026-05-30 17:20:14.919346+02,2026-05-30 17:21:00+02,24.06,9.22,6.18,14.20,0.00,0.00,17.34,OK,25.70,0.00,0.00,0.00,,ensemble
1158535,2026-05-30 16:38:13.025178+02,2026-05-30 16:39:00+02,25.74,6.77,7.08,14.50,0.00,0.00,21.02,OK,29.01,0.00,0.00,0.00,,ensemble
1158534,2026-05-30 16:35:57.094292+02,2026-05-30 16:36:00+02,25.57,6.69,7.26,14.40,0.00,0.00,24.57,OK,36.28,0.00,0.00,0.00,,ensemble
1257360,2026-06-01 11:15:27.431973+02,2026-06-01 11:15:00+02,16.50,11.37,15.39,14.60,0.17,0.00,26.08,OK,24.89,0.00,0.00,0.00,,ensemble
1257361,2026-06-01 11:17:12.109499+02,2026-06-01 11:18:00+02,13.35,10.62,5.97,10.30,4.90,0.00,14.77,OK,24.91,4.20,0.00,0.00,,ensemble
1158547,2026-05-30 17:14:48.041148+02,2026-05-30 17:15:00+02,21.76,11.11,9.66,14.90,0.00,0.00,19.92,OK,23.02,0.00,0.00,0.00,,ensemble
1237369,2026-05-31 09:08:00.376917+02,2026-05-31 09:09:00+02,6.79,10.36,8.11,8.30,0.00,0.00,9.62,OK,22.76,0.00,0.00,0.00,,ensemble
1237368,2026-05-31 09:06:10.31446+02,2026-05-31 09:06:00+02,6.69,10.26,5.85,7.50,0.00,0.00,8.02,OK,18.23,0.00,0.00,0.00,,ensemble
1158527,2026-05-30 16:15:09.99538+02,2026-05-30 16:15:00+02,24.79,15.40,7.08,16.70,0.00,0.00,29.91,OK,29.42,0.00,0.00,0.00,,ensemble
1158543,2026-05-30 17:02:23.980407+02,2026-05-30 17:03:00+02,25.42,12.17,4.80,15.30,0.00,0.00,25.49,OK,25.27,0.00,0.00,0.00,,ensemble
1360396,2026-06-02 13:33:37.641161+02,2026-06-02 13:36:00+02,9.09,4.79,2.99,6.00,0.00,0.00,5.01,OK,15.51,0.00,0.00,0.00,,ensemble
1158528,2026-05-30 16:17:18.091882+02,2026-05-30 16:18:00+02,25.08,12.30,5.33,15.30,0.00,0.00,27.64,OK,28.89,0.00,0.00,0.00,,ensemble
1158550,2026-05-30 17:22:43.888315+02,2026-05-30 17:24:00+02,23.81,9.84,5.93,14.30,0.00,0.00,19.34,OK,25.53,0.00,0.00,0.00,,ensemble
1237383,2026-05-31 09:51:07.194805+02,2026-05-31 09:51:00+02,12.37,5.15,8.95,9.20,0.00,0.00,9.10,OK,28.71,0.00,0.00,0.00,,ensemble
1360395,2026-06-02 13:32:57.606126+02,2026-06-02 13:33:00+02,9.01,4.79,2.99,5.90,0.00,0.00,4.70,OK,12.69,0.00,0.00,0.00,,ensemble
1158526,2026-05-30 16:11:44.063752+02,2026-05-30 16:12:00+02,18.49,11.76,11.46,14.40,0.00,0.00,22.89,OK,28.71,0.00,0.00,0.00,,ensemble
1158525,2026-05-30 16:09:19.833886+02,2026-05-30 16:09:00+02,23.72,15.28,14.91,18.50,0.00,0.00,36.36,OK,30.13,0.00,0.00,0.00,,ensemble
1158551,2026-05-30 17:25:28.86071+02,2026-05-30 17:27:00+02,23.54,12.65,8.12,15.60,0.00,0.00,19.60,OK,27.12,0.00,0.00,0.00,,ensemble
1237376,2026-05-31 09:30:08.0094+02,2026-05-31 09:30:00+02,10.92,5.15,9.69,8.80,0.00,0.00,7.76,OK,25.20,0.00,0.00,0.00,,ensemble
1158546,2026-05-30 17:11:32.424224+02,2026-05-30 17:12:00+02,25.08,15.44,7.35,16.90,0.00,0.00,21.70,OK,23.81,0.00,0.00,0.00,,ensemble
1237384,2026-05-31 09:52:54.694009+02,2026-05-31 09:54:00+02,12.33,5.15,10.24,9.50,0.00,0.00,10.21,OK,28.49,0.00,0.00,0.00,,ensemble
1158552,2026-05-30 17:29:17.909702+02,2026-05-30 17:30:00+02,23.25,17.09,7.25,16.60,0.00,0.00,19.87,OK,27.28,0.00,0.00,0.00,,ensemble
1360394,2026-06-02 13:27:47.288259+02,2026-06-02 13:30:00+02,8.93,6.83,1.12,6.00,0.00,0.00,6.07,OK,14.23,0.00,0.00,0.00,,ensemble
1237372,2026-05-31 09:17:48.699896+02,2026-05-31 09:18:00+02,7.96,9.58,9.56,8.90,0.00,0.00,11.00,OK,28.10,0.00,0.00,0.00,,ensemble
1158524,2026-05-30 16:03:39.449153+02,2026-05-30 16:06:00+02,23.42,14.72,15.38,18.40,0.00,0.00,32.03,OK,28.25,0.00,0.00,0.00,,ensemble
1257365,2026-06-01 11:29:04.485874+02,2026-06-01 11:30:00+02,15.07,12.27,5.27,11.30,0.00,0.00,13.69,OK,27.11,0.00,0.00,0.00,,ensemble
1237377,2026-05-31 09:30:23.163613+02,2026-05-31 09:33:00+02,10.99,5.15,10.48,9.10,0.00,0.00,9.72,OK,23.71,0.00,0.00,0.00,,ensemble
1158540,2026-05-30 16:53:52.293088+02,2026-05-30 16:54:00+02,25.37,14.69,10.54,17.70,0.00,0.00,29.01,OK,32.03,0.00,0.00,0.00,,ensemble
1158544,2026-05-30 17:05:45.818226+02,2026-05-30 17:06:00+02,25.33,12.42,11.91,17.40,0.00,0.00,31.04,OK,23.91,0.00,0.00,0.00,,ensemble
1237373,2026-05-31 09:18:48.844997+02,2026-05-31 09:21:00+02,8.05,8.86,7.84,8.20,0.00,0.00,7.16,OK,30.43,0.00,0.00,0.00,,ensemble
1237375,2026-05-31 09:25:00.595782+02,2026-05-31 09:27:00+02,10.76,7.36,6.00,8.30,0.00,0.00,6.57,OK,25.30,0.00,0.00,0.00,,ensemble
1257363,2026-06-01 11:22:58.032947+02,2026-06-01 11:24:00+02,15.42,17.15,7.50,13.60,1.37,0.00,23.61,OK,25.88,0.00,0.00,0.00,,ensemble
1360392,2026-06-02 13:23:06.803379+02,2026-06-02 13:24:00+02,8.78,10.14,1.75,7.10,0.00,0.00,7.14,OK,17.82,0.00,0.00,0.00,,ensemble
1257358,2026-06-01 11:09:24.327992+02,2026-06-01 11:09:00+02,16.88,11.16,6.77,12.10,0.00,0.00,20.40,OK,32.73,0.00,0.00,0.00,,ensemble
1257359,2026-06-01 11:10:51.4527+02,2026-06-01 11:12:00+02,16.69,9.37,3.83,10.60,0.00,0.00,16.83,OK,42.59,0.00,0.00,0.00,,ensemble
1360390,2026-06-02 13:17:48.597341+02,2026-06-02 13:18:00+02,10.25,7.84,7.74,8.80,0.00,0.00,10.67,OK,29.20,0.00,0.00,0.00,,ensemble
1158574,2026-05-30 18:35:58.802295+02,2026-05-30 18:36:00+02,12.41,11.19,4.22,9.60,0.00,0.00,8.23,OK,25.17,0.00,0.00,0.00,,ensemble
1158576,2026-05-30 18:41:38.398339+02,2026-05-30 18:42:00+02,11.97,11.55,9.97,11.20,0.00,0.00,11.26,OK,29.96,0.00,0.00,0.00,,ensemble
1158577,2026-05-30 18:41:38.398339+02,2026-05-30 18:45:00+02,11.79,11.51,5.71,9.90,0.00,0.00,14.47,OK,32.65,0.00,0.00,0.00,,ensemble
1237387,2026-05-31 10:02:59.356534+02,2026-05-31 10:03:00+02,14.13,5.15,10.83,10.40,0.00,0.00,11.47,OK,26.15,0.00,0.00,0.00,,ensemble
1237390,2026-05-31 10:11:50.389655+02,2026-05-31 10:12:00+02,17.29,5.15,6.55,10.40,0.00,0.00,10.36,OK,24.60,0.00,0.00,0.00,,ensemble
1237391,2026-05-31 10:14:13.09882+02,2026-05-31 10:15:00+02,15.90,5.15,13.67,12.00,0.15,0.00,14.07,OK,26.13,0.00,0.00,0.00,,ensemble
1158607,2026-05-30 20:14:14.016597+02,2026-05-30 20:15:00+02,7.08,10.23,4.36,7.20,0.00,,,OK,,0.00,0.00,0.00,,ensemble
1158587,2026-05-30 19:13:42.444764+02,2026-05-30 19:15:00+02,7.96,12.23,5.81,8.60,0.00,0.00,5.99,OK,10.22,0.00,0.00,0.00,,ensemble
1158595,2026-05-30 19:37:49.336729+02,2026-05-30 19:39:00+02,7.45,11.95,8.36,9.10,0.00,0.00,6.20,OK,14.10,0.00,0.00,0.00,,ensemble
1158591,2026-05-30 19:26:39.742069+02,2026-05-30 19:27:00+02,7.90,14.69,1.31,8.00,0.00,0.00,4.59,OK,12.88,0.00,0.00,0.00,,ensemble
1158585,2026-05-30 19:08:10.689945+02,2026-05-30 19:09:00+02,8.15,10.53,4.57,7.80,0.19,0.00,8.13,OK,12.70,0.00,0.00,0.00,,ensemble
1158592,2026-05-30 19:26:39.742069+02,2026-05-30 19:30:00+02,7.87,14.03,0.22,7.40,0.00,0.00,5.59,OK,14.53,0.00,0.00,0.00,,ensemble
1237392,2026-05-31 10:17:07.16215+02,2026-05-31 10:18:00+02,15.74,5.15,6.30,9.70,0.00,0.00,8.80,OK,27.92,0.00,0.00,0.00,,ensemble
1257372,2026-06-01 11:51:37.741675+02,2026-06-01 11:51:00+02,13.09,12.63,16.08,13.80,0.00,0.00,18.80,OK,27.82,0.00,0.00,0.00,,ensemble
1158584,2026-05-30 19:04:39.156018+02,2026-05-30 19:06:00+02,0.00,9.75,4.20,4.20,0.00,0.00,0.28,OK,0.00,0.00,0.00,0.00,,ensemble
1158588,2026-05-30 19:15:29.340783+02,2026-05-30 19:18:00+02,7.89,16.21,14.39,12.30,0.00,0.00,9.60,OK,19.12,0.00,0.00,0.00,,ensemble
1237402,2026-05-31 10:47:55.086435+02,2026-05-31 10:48:00+02,16.27,14.58,13.61,15.00,0.00,0.00,18.14,OK,28.15,0.00,0.00,0.00,,ensemble
1158608,2026-05-30 20:15:53.372114+02,2026-05-30 20:18:00+02,6.96,10.53,3.73,7.10,0.00,,,OK,,0.00,0.00,0.00,,ensemble
1158589,2026-05-30 19:21:06.069934+02,2026-05-30 19:21:00+02,8.00,15.57,5.75,9.60,0.25,0.00,6.00,OK,13.32,0.00,0.00,0.00,,ensemble
1158590,2026-05-30 19:21:06.069934+02,2026-05-30 19:24:00+02,7.95,14.50,1.77,8.10,0.00,0.00,8.45,OK,14.51,0.00,0.00,0.00,,ensemble
1158581,2026-05-30 18:57:00.853366+02,2026-05-30 18:57:00+02,9.62,13.93,13.33,12.00,0.00,0.00,14.23,OK,19.71,0.00,0.00,0.00,,ensemble
1257374,2026-06-01 11:57:33.722184+02,2026-06-01 11:57:00+02,12.83,9.69,9.98,11.00,1.26,0.00,20.41,OK,25.58,0.00,0.00,0.00,,ensemble
1237399,2026-05-31 10:37:53.312731+02,2026-05-31 10:39:00+02,16.62,16.49,5.86,13.40,0.00,0.00,18.21,OK,27.32,0.00,0.00,0.00,,ensemble
1360398,2026-06-02 13:41:51.019223+02,2026-06-02 13:42:00+02,8.99,5.71,5.57,7.00,0.00,0.00,5.90,OK,19.87,0.00,0.00,0.00,,ensemble
1158573,2026-05-30 18:33:08.868335+02,2026-05-30 18:33:00+02,5.60,12.82,5.47,7.70,0.00,0.00,3.83,OK,2.12,0.00,0.00,0.00,,ensemble
1158575,2026-05-30 18:38:53.769533+02,2026-05-30 18:39:00+02,12.18,10.18,5.98,9.70,0.00,0.00,9.07,OK,25.13,0.00,0.00,0.00,,ensemble
1237395,2026-05-31 10:26:37.575064+02,2026-05-31 10:27:00+02,15.13,5.15,13.27,11.60,0.00,0.00,12.51,OK,26.62,0.00,0.00,0.00,,ensemble
1237397,2026-05-31 10:32:37.528437+02,2026-05-31 10:33:00+02,17.12,13.51,20.48,17.00,0.00,0.00,27.56,OK,24.71,0.00,0.00,0.00,,ensemble
1158586,2026-05-30 19:09:59.241007+02,2026-05-30 19:12:00+02,8.05,10.99,2.07,7.10,0.00,0.00,3.89,OK,8.38,0.00,0.00,0.00,,ensemble
1237398,2026-05-31 10:32:37.528437+02,2026-05-31 10:36:00+02,16.87,15.73,18.21,16.90,0.00,0.00,32.99,OK,27.91,0.00,0.00,0.00,,ensemble
1158609,2026-05-30 20:20:48.995665+02,2026-05-30 20:21:00+02,6.84,10.53,5.04,7.40,0.00,,,OK,,0.00,0.00,0.00,,ensemble
1360423,2026-06-02 14:53:46.884562+02,2026-06-02 14:57:00+02,11.06,6.86,4.34,7.80,0.00,0.00,11.23,OK,26.75,0.00,0.00,0.00,,ensemble
1237393,2026-05-31 10:21:00.605676+02,2026-05-31 10:21:00+02,15.55,5.15,8.08,10.20,0.00,0.00,9.13,OK,32.99,0.00,0.00,0.00,,ensemble
1158610,2026-05-30 20:22:22.838606+02,2026-05-30 20:24:00+02,1.53,10.53,5.04,5.30,0.00,,,OK,,0.00,0.00,0.00,,ensemble
1158583,2026-05-30 19:02:29.264606+02,2026-05-30 19:03:00+02,9.38,10.36,3.48,7.90,0.00,0.00,8.22,OK,16.49,0.00,0.00,0.00,,ensemble
1158593,2026-05-30 19:32:16.702932+02,2026-05-30 19:33:00+02,7.84,7.13,2.54,6.00,0.00,0.00,2.16,OK,6.45,0.00,0.00,0.00,,ensemble
1158582,2026-05-30 18:58:34.117677+02,2026-05-30 19:00:00+02,9.49,14.58,4.12,9.40,0.00,0.00,12.83,OK,22.70,0.00,0.00,0.00,,ensemble
1158594,2026-05-30 19:35:48.924334+02,2026-05-30 19:36:00+02,0.00,8.40,5.54,4.20,0.00,0.00,0.00,OK,0.82,0.00,0.00,0.00,,ensemble
1158580,2026-05-30 18:52:55.268355+02,2026-05-30 18:54:00+02,9.76,10.38,7.82,9.40,0.00,0.00,9.13,OK,27.40,0.00,0.00,0.00,,ensemble
1158606,2026-05-30 20:12:00.832331+02,2026-05-30 20:12:00+02,7.20,11.25,2.82,7.10,0.00,0.00,,OK,,0.00,0.00,0.00,,ensemble
1158579,2026-05-30 18:50:56.815915+02,2026-05-30 18:51:00+02,9.93,9.70,5.18,8.40,0.00,0.00,9.43,OK,23.27,0.00,0.00,0.00,,ensemble
1237394,2026-05-31 10:21:00.605676+02,2026-05-31 10:24:00+02,15.35,5.53,6.58,9.80,0.00,0.00,12.50,OK,28.24,0.00,0.00,0.00,,ensemble
1237389,2026-05-31 10:08:30.95939+02,2026-05-31 10:09:00+02,13.90,5.15,5.85,8.90,0.00,0.00,9.70,OK,20.12,0.00,0.00,0.00,,ensemble
1158578,2026-05-30 18:47:49.252415+02,2026-05-30 18:48:00+02,11.63,11.58,5.00,9.60,0.00,0.00,8.71,OK,24.53,0.00,0.00,0.00,,ensemble
1237403,2026-05-31 10:48:58.094871+02,2026-05-31 10:51:00+02,15.99,15.35,5.05,12.50,0.00,0.00,15.89,OK,30.79,0.00,0.00,0.00,,ensemble
1158596,2026-05-30 19:41:16.002453+02,2026-05-30 19:42:00+02,7.41,11.72,3.30,7.50,0.00,0.00,6.17,OK,18.96,0.00,0.00,0.00,,ensemble
1257383,2026-06-01 12:23:34.545983+02,2026-06-01 12:24:00+02,12.10,12.15,10.43,11.60,0.00,0.00,11.12,OK,26.77,0.00,0.00,0.00,,ensemble
1237396,2026-05-31 10:27:22.538705+02,2026-05-31 10:30:00+02,17.84,5.15,20.63,14.90,0.00,0.00,19.63,OK,26.27,0.00,0.00,0.00,,ensemble
1257373,2026-06-01 11:54:17.465292+02,2026-06-01 11:54:00+02,12.96,10.53,5.90,10.10,0.00,0.00,12.01,OK,26.49,0.00,0.00,0.00,,ensemble
1237401,2026-05-31 10:43:23.087053+02,2026-05-31 10:45:00+02,16.54,13.91,4.63,12.20,0.00,0.00,14.50,OK,30.02,0.00,0.00,0.00,,ensemble
1257371,2026-06-01 11:47:14.750779+02,2026-06-01 11:48:00+02,13.25,12.49,6.85,11.10,0.00,0.00,12.78,OK,30.36,0.00,0.00,0.00,,ensemble
1257382,2026-06-01 12:21:32.394992+02,2026-06-01 12:21:00+02,13.87,17.13,14.80,15.10,0.00,0.00,16.44,OK,31.86,0.00,0.00,0.00,,ensemble
1257375,2026-06-01 11:59:28.348713+02,2026-06-01 12:00:00+02,12.71,10.87,11.51,11.80,0.00,0.00,22.40,OK,26.35,0.00,0.00,0.00,,ensemble
1360399,2026-06-02 13:45:04.13858+02,2026-06-02 13:45:00+02,9.07,6.39,4.59,6.90,0.00,0.00,5.74,OK,22.19,0.00,0.00,0.00,,ensemble
1360397,2026-06-02 13:39:26.295767+02,2026-06-02 13:39:00+02,8.92,5.34,7.35,7.40,0.00,0.00,7.87,OK,21.94,0.00,0.00,0.00,,ensemble
1426869,2026-06-03 17:24:25.81341+02,2026-06-03 17:24:00+02,19.05,17.00,8.32,15.20,0.00,0.00,7.65,OK,15.63,0.00,0.00,0.00,,ensemble
1426854,2026-06-03 16:38:08.211759+02,2026-06-03 16:39:00+02,18.70,14.83,4.72,13.30,0.00,0.00,10.56,OK,25.75,0.00,0.00,0.00,,ensemble
1360349,2026-06-02 11:15:57.812989+02,2026-06-02 11:15:00+02,17.22,14.20,8.54,13.70,0.00,0.00,16.04,OK,32.62,0.00,0.00,0.00,,ensemble
1257449,2026-06-01 15:42:04.063416+02,2026-06-01 15:42:00+02,17.16,13.49,13.35,14.90,0.00,0.00,21.69,OK,37.67,0.00,0.00,0.00,,ensemble
1257450,2026-06-01 15:42:04.063416+02,2026-06-01 15:45:00+02,17.32,13.42,14.17,15.20,0.00,0.00,28.05,OK,40.33,0.00,0.00,0.00,,ensemble
1257445,2026-06-01 15:30:05.27366+02,2026-06-01 15:30:00+02,16.96,8.87,5.44,11.10,0.00,0.00,17.11,OK,28.05,0.00,0.00,0.00,,ensemble
1426788,2026-06-03 13:21:27.738931+02,2026-06-03 13:21:00+02,8.86,14.80,9.87,10.90,0.00,0.00,6.45,OK,19.63,0.00,0.00,0.00,,ensemble
1360416,2026-06-02 14:36:12.466368+02,2026-06-02 14:36:00+02,10.24,6.59,1.61,6.60,0.00,0.00,7.37,OK,20.37,0.00,0.00,0.00,,ensemble
1257453,2026-06-01 15:54:46.925848+02,2026-06-01 15:54:00+02,18.56,11.73,10.90,14.20,0.00,0.00,21.68,OK,28.80,0.00,0.00,0.00,,ensemble
1257435,2026-06-01 14:59:54.260952+02,2026-06-01 15:00:00+02,15.20,6.86,6.16,10.00,0.00,0.00,20.37,OK,28.66,0.00,0.00,0.00,,ensemble
1257428,2026-06-01 14:38:33.367158+02,2026-06-01 14:39:00+02,14.28,7.05,4.19,9.10,0.00,0.00,10.78,OK,28.77,0.00,0.00,0.00,,ensemble
1257444,2026-06-01 15:25:19.207944+02,2026-06-01 15:27:00+02,16.81,9.79,5.39,11.30,0.00,0.00,17.89,OK,26.61,0.00,0.00,0.00,,ensemble
1257385,2026-06-01 12:29:38.018408+02,2026-06-01 12:30:00+02,11.97,14.33,4.82,10.50,0.00,0.00,11.74,OK,27.68,0.00,0.00,0.00,,ensemble
1257386,2026-06-01 12:29:38.018408+02,2026-06-01 12:33:00+02,11.92,14.32,3.05,10.00,0.00,0.00,15.23,OK,27.32,0.00,0.00,0.00,,ensemble
1257446,2026-06-01 15:32:11.087096+02,2026-06-01 15:33:00+02,12.33,8.54,5.99,9.30,0.00,0.00,10.68,OK,27.54,0.00,0.00,0.00,,ensemble
1257448,2026-06-01 15:36:48.064972+02,2026-06-01 15:39:00+02,17.00,10.12,7.53,12.10,0.00,0.00,17.65,OK,28.65,0.00,0.00,0.00,,ensemble
1426789,2026-06-03 13:21:27.738931+02,2026-06-03 13:24:00+02,8.86,14.94,8.25,10.50,0.00,0.00,9.42,OK,18.76,0.00,0.00,0.00,,ensemble
1426830,2026-06-03 15:23:50.347109+02,2026-06-03 15:27:00+02,11.56,7.42,4.49,8.20,0.00,0.00,4.59,OK,12.45,0.00,0.00,0.00,,ensemble
1257401,2026-06-01 13:17:21.173657+02,2026-06-01 13:18:00+02,11.25,11.44,7.10,10.10,0.00,0.00,10.09,OK,25.74,0.00,0.00,0.00,,ensemble
1426843,2026-06-03 16:06:05.719327+02,2026-06-03 16:06:00+02,14.37,18.41,8.29,13.80,0.00,0.00,10.60,OK,23.91,0.00,0.00,0.00,,ensemble
1257402,2026-06-01 13:21:33.554907+02,2026-06-01 13:21:00+02,11.31,14.19,15.44,13.40,0.00,0.00,15.40,OK,28.97,0.00,0.00,0.00,,ensemble
1257436,2026-06-01 15:02:42.128101+02,2026-06-01 15:03:00+02,15.54,6.63,7.25,10.40,0.00,0.00,17.60,OK,27.16,0.00,0.00,0.00,,ensemble
1360403,2026-06-02 13:56:19.029115+02,2026-06-02 13:57:00+02,9.10,5.27,2.31,5.90,0.00,0.00,3.72,OK,11.61,0.00,0.00,0.00,,ensemble
1360353,2026-06-02 11:29:01.289958+02,2026-06-02 11:27:00+02,16.45,15.60,15.86,16.00,0.00,0.00,27.46,OK,25.62,0.00,0.00,0.00,,ensemble
1360404,2026-06-02 13:57:27.931403+02,2026-06-02 14:00:00+02,9.19,5.27,2.19,5.90,0.00,0.00,4.05,OK,11.86,0.00,0.00,0.00,,ensemble
1257443,2026-06-01 15:24:17.362103+02,2026-06-01 15:24:00+02,16.67,12.88,12.97,14.40,0.00,0.00,20.88,OK,28.30,0.00,0.00,0.00,,ensemble
1360356,2026-06-02 11:36:25.350882+02,2026-06-02 11:36:00+02,15.75,13.77,3.15,11.40,0.00,0.00,18.14,OK,27.87,0.00,0.00,0.00,,ensemble
1360350,2026-06-02 11:17:38.380611+02,2026-06-02 11:18:00+02,17.02,15.73,2.31,12.20,0.00,0.00,13.87,OK,31.01,0.00,0.00,0.00,,ensemble
1257393,2026-06-01 12:53:41.688761+02,2026-06-01 12:54:00+02,12.06,13.73,5.71,10.70,0.00,0.00,12.60,OK,27.55,0.00,0.00,0.00,,ensemble
1257389,2026-06-01 12:42:23.858304+02,2026-06-01 12:42:00+02,10.82,12.96,15.59,12.90,0.00,0.00,16.95,OK,37.78,0.00,0.00,0.00,,ensemble
1257394,2026-06-01 12:53:41.688761+02,2026-06-01 12:57:00+02,11.92,13.08,4.86,10.20,0.00,0.00,23.41,OK,26.38,0.00,0.00,0.00,,ensemble
1360351,2026-06-02 11:17:38.380611+02,2026-06-02 11:21:00+02,16.82,15.06,1.88,11.80,0.00,0.00,17.19,OK,32.96,0.00,0.00,0.00,,ensemble
1257391,2026-06-01 12:47:25.479532+02,2026-06-01 12:48:00+02,10.75,16.21,5.24,10.70,0.00,0.00,12.57,OK,31.01,0.00,0.00,0.00,,ensemble
1257388,2026-06-01 12:37:29.206177+02,2026-06-01 12:39:00+02,12.65,10.23,6.22,10.00,0.00,0.00,11.98,OK,28.06,0.00,0.00,0.00,,ensemble
1257387,2026-06-01 12:35:37.469271+02,2026-06-01 12:36:00+02,11.87,10.46,3.47,8.90,0.00,0.00,10.93,OK,26.18,0.00,0.00,0.00,,ensemble
1257392,2026-06-01 12:47:25.479532+02,2026-06-01 12:51:00+02,10.72,16.44,4.60,10.60,0.00,0.00,17.16,OK,28.45,0.00,0.00,0.00,,ensemble
1257447,2026-06-01 15:35:47.597382+02,2026-06-01 15:36:00+02,16.85,8.95,4.49,10.80,0.00,0.00,15.38,OK,29.38,0.00,0.00,0.00,,ensemble
1257451,2026-06-01 15:47:46.453272+02,2026-06-01 15:48:00+02,12.47,15.84,5.15,11.30,0.00,0.00,13.67,OK,32.19,0.00,0.00,0.00,,ensemble
1257390,2026-06-01 12:42:23.858304+02,2026-06-01 12:45:00+02,10.78,13.63,15.11,12.90,0.00,0.00,23.71,OK,37.42,0.00,0.00,0.00,,ensemble
1257442,2026-06-01 15:21:15.31474+02,2026-06-01 15:21:00+02,16.52,13.84,3.96,11.90,0.00,0.00,13.81,OK,29.72,0.00,0.00,0.00,,ensemble
1257452,2026-06-01 15:47:46.453272+02,2026-06-01 15:51:00+02,12.35,15.11,4.82,10.90,0.00,0.00,19.59,OK,28.90,0.00,0.00,0.00,,ensemble
1360405,2026-06-02 14:02:20.953596+02,2026-06-02 14:03:00+02,9.28,4.82,4.09,6.40,0.00,0.00,5.49,OK,19.13,0.00,0.00,0.00,,ensemble
1360414,2026-06-02 14:30:19.594408+02,2026-06-02 14:30:00+02,9.99,4.56,9.69,8.30,0.00,0.00,12.40,OK,27.87,0.00,0.00,0.00,,ensemble
1426787,2026-06-03 13:16:18.379558+02,2026-06-03 13:18:00+02,8.86,10.56,10.86,10.00,0.00,0.00,6.70,OK,19.44,0.00,0.00,0.00,,ensemble
1426790,2026-06-03 13:26:49.60721+02,2026-06-03 13:27:00+02,8.87,12.97,7.30,9.60,0.00,0.00,5.42,OK,12.66,0.00,0.00,0.00,,ensemble
1360415,2026-06-02 14:31:16.166245+02,2026-06-02 14:33:00+02,10.12,4.56,10.50,8.60,0.00,0.00,11.26,OK,28.27,0.00,0.00,0.00,,ensemble
1360411,2026-06-02 14:20:52.206428+02,2026-06-02 14:21:00+02,10.02,7.02,1.98,6.70,0.00,0.00,4.05,OK,17.77,0.00,0.00,0.00,,ensemble
1360406,2026-06-02 14:05:17.398335+02,2026-06-02 14:06:00+02,9.38,5.40,7.18,7.50,0.00,0.00,8.34,OK,20.98,0.00,0.00,0.00,,ensemble
1360352,2026-06-02 11:26:05.668272+02,2026-06-02 11:24:00+02,16.63,12.96,8.55,13.10,0.42,0.00,17.74,OK,28.47,0.00,0.00,0.00,,ensemble
1426842,2026-06-03 16:03:14.714568+02,2026-06-03 16:03:00+02,14.17,17.88,9.81,14.00,0.00,0.00,9.81,OK,25.17,0.00,0.00,0.00,,ensemble
1426829,2026-06-03 15:23:50.347109+02,2026-06-03 15:24:00+02,11.41,7.57,4.44,8.20,0.00,0.00,3.09,OK,11.80,0.00,0.00,0.00,,ensemble
1257305,2026-06-01 08:24:32.206844+02,2026-06-01 08:30:00+02,0.00,18.72,13.65,9.70,0.00,0.00,8.46,OK,20.82,0.00,0.00,0.00,,ensemble
1360321,2026-06-02 09:53:38.651351+02,2026-06-02 09:51:00+02,17.03,3.96,11.43,11.40,0.00,0.00,16.27,OK,28.52,0.00,0.00,0.00,,ensemble
1360332,2026-06-02 10:23:46.42947+02,2026-06-02 10:24:00+02,19.01,3.96,2.85,9.60,0.00,0.00,11.38,OK,27.82,0.00,0.00,0.00,,ensemble
1257306,2026-06-01 08:34:06.321216+02,2026-06-01 08:33:00+02,5.52,10.87,7.52,7.70,0.00,0.00,10.52,OK,29.74,0.00,0.00,0.00,,ensemble
1257307,2026-06-01 08:34:06.321216+02,2026-06-01 08:36:00+02,5.61,14.28,9.64,9.40,0.00,0.00,15.72,OK,30.33,0.00,0.00,0.00,,ensemble
1257331,2026-06-01 09:48:04.202336+02,2026-06-01 09:48:00+02,16.71,5.80,10.81,11.70,0.00,0.00,14.85,OK,30.02,0.00,0.00,0.00,,ensemble
1257465,2026-06-01 16:28:36.947706+02,2026-06-01 16:30:00+02,20.98,8.21,7.00,13.00,0.00,0.00,23.38,OK,27.75,0.00,0.00,0.00,,ensemble
1257466,2026-06-01 16:28:36.947706+02,2026-06-01 16:33:00+02,21.15,8.65,6.54,13.00,0.00,0.00,27.86,OK,27.20,0.00,0.00,0.00,,ensemble
1360333,2026-06-02 10:23:46.42947+02,2026-06-02 10:27:00+02,18.91,4.95,1.65,9.50,0.00,0.00,17.65,OK,24.88,0.00,0.00,0.00,,ensemble
1257460,2026-06-01 16:14:44.286436+02,2026-06-01 16:15:00+02,20.14,10.37,8.84,13.80,0.00,0.00,20.00,OK,33.43,0.00,0.00,0.00,,ensemble
1257459,2026-06-01 16:10:27.163287+02,2026-06-01 16:12:00+02,19.94,12.66,12.40,15.50,0.00,0.00,22.81,OK,31.05,0.00,0.00,0.00,,ensemble
1257461,2026-06-01 16:14:44.286436+02,2026-06-01 16:18:00+02,20.34,10.28,8.71,13.80,0.00,0.00,25.42,OK,30.12,0.00,0.00,0.00,,ensemble
1257467,2026-06-01 16:35:10.330292+02,2026-06-01 16:36:00+02,21.30,9.43,4.58,12.70,0.00,0.00,19.26,OK,30.45,0.00,0.00,0.00,,ensemble
1360338,2026-06-02 10:42:19.169314+02,2026-06-02 10:42:00+02,20.16,9.60,5.42,12.60,0.00,0.00,15.05,OK,25.98,0.00,0.00,0.00,,ensemble
1257463,2026-06-01 16:21:57.32007+02,2026-06-01 16:24:00+02,20.62,10.62,5.00,12.90,0.00,0.00,20.49,OK,26.88,0.00,0.00,0.00,,ensemble
1360339,2026-06-02 10:42:19.169314+02,2026-06-02 10:45:00+02,20.00,8.88,5.17,12.20,0.00,0.00,20.44,OK,27.82,0.00,0.00,0.00,,ensemble
1257458,2026-06-01 16:08:13.731375+02,2026-06-01 16:09:00+02,19.74,12.66,4.15,12.90,0.00,0.00,19.26,OK,31.82,0.00,0.00,0.00,,ensemble
1426779,2026-06-03 12:53:44.019435+02,2026-06-03 12:54:00+02,9.23,12.09,2.95,8.20,0.00,0.00,3.09,OK,7.59,0.00,0.00,0.00,,ensemble
1257469,2026-06-01 16:42:58.81681+02,2026-06-01 16:42:00+02,19.82,11.42,12.34,15.10,0.00,0.00,21.32,OK,38.03,0.00,0.00,0.00,,ensemble
1257457,2026-06-01 16:04:30.914563+02,2026-06-01 16:06:00+02,11.97,13.84,7.24,11.10,0.00,0.00,15.93,OK,24.61,0.00,0.00,0.00,,ensemble
1426801,2026-06-03 14:01:24.387428+02,2026-06-03 14:00:00+02,8.20,8.86,8.76,8.60,0.00,0.00,3.11,OK,7.48,0.00,0.00,0.00,,ensemble
1426803,2026-06-03 14:07:53.345765+02,2026-06-03 14:06:00+02,8.54,12.18,13.42,11.10,0.00,0.00,6.75,OK,15.09,0.00,0.00,0.00,,ensemble
1360335,2026-06-02 10:33:23.57516+02,2026-06-02 10:33:00+02,20.60,7.88,5.16,12.20,0.00,0.00,18.19,OK,25.86,0.00,0.00,0.00,,ensemble
1360334,2026-06-02 10:31:05.742011+02,2026-06-02 10:30:00+02,18.79,3.96,7.29,10.90,0.00,0.00,16.38,OK,25.48,0.00,0.00,0.00,,ensemble
1257470,2026-06-01 16:43:45.540966+02,2026-06-01 16:45:00+02,19.92,9.04,5.22,12.20,0.00,0.00,15.92,OK,40.95,0.00,0.00,0.00,,ensemble
1360343,2026-06-02 10:58:21.512356+02,2026-06-02 10:57:00+02,18.56,9.10,5.15,11.70,0.00,0.00,14.63,OK,24.80,0.00,0.00,0.00,,ensemble
1360331,2026-06-02 10:22:22.420227+02,2026-06-02 10:21:00+02,19.10,3.96,12.29,12.50,0.00,0.00,15.48,OK,29.50,0.00,0.00,0.00,,ensemble
1257441,2026-06-01 15:16:31.496779+02,2026-06-01 15:18:00+02,12.97,13.70,4.33,10.60,0.00,0.00,12.28,OK,26.81,0.00,0.00,0.00,,ensemble
1257471,2026-06-01 16:48:42.886246+02,2026-06-01 16:48:00+02,20.00,17.10,20.61,19.30,0.00,0.00,27.20,OK,31.47,0.00,0.00,0.00,,ensemble
1257438,2026-06-01 15:08:22.201954+02,2026-06-01 15:09:00+02,15.81,8.81,9.12,11.70,0.00,0.00,17.79,OK,28.27,0.00,0.00,0.00,,ensemble
1257439,2026-06-01 15:08:22.201954+02,2026-06-01 15:12:00+02,15.95,9.54,10.38,12.40,0.00,0.00,22.91,OK,32.44,0.00,0.00,0.00,,ensemble
1257440,2026-06-01 15:13:55.207378+02,2026-06-01 15:15:00+02,16.08,12.42,5.06,11.70,0.00,0.00,16.70,OK,30.88,0.00,0.00,0.00,,ensemble
1257472,2026-06-01 16:50:45.004537+02,2026-06-01 16:51:00+02,20.06,18.58,13.81,17.70,0.00,0.00,30.16,OK,28.48,0.00,0.00,0.00,,ensemble
1257464,2026-06-01 16:27:05.688985+02,2026-06-01 16:27:00+02,20.80,8.10,7.71,13.10,0.00,0.00,21.26,OK,26.28,0.00,0.00,0.00,,ensemble
1257437,2026-06-01 15:05:40.57537+02,2026-06-01 15:06:00+02,15.68,7.24,6.18,10.30,0.00,0.00,15.56,OK,25.00,0.00,0.00,0.00,,ensemble
1257333,2026-06-01 09:54:13.042533+02,2026-06-01 09:54:00+02,16.76,5.80,7.48,10.70,0.00,0.00,14.30,OK,26.81,0.00,0.00,0.00,,ensemble
1257468,2026-06-01 16:37:58.561351+02,2026-06-01 16:39:00+02,12.12,9.84,6.68,9.80,0.00,0.00,11.05,OK,28.37,0.00,0.00,0.00,,ensemble
1257473,2026-06-01 16:54:49.191787+02,2026-06-01 16:54:00+02,20.10,21.17,9.59,17.30,0.00,0.00,26.32,OK,27.14,0.00,0.00,0.00,,ensemble
1257462,2026-06-01 16:21:23.887122+02,2026-06-01 16:21:00+02,20.43,10.62,7.28,13.50,0.00,0.00,16.71,OK,29.17,0.00,0.00,0.00,,ensemble
1257332,2026-06-01 09:50:20.962512+02,2026-06-01 09:51:00+02,16.74,5.80,4.67,9.80,0.00,0.00,12.89,OK,26.53,0.00,0.00,0.00,,ensemble
1360330,2026-06-02 10:20:50.539346+02,2026-06-02 10:18:00+02,19.17,3.96,8.98,11.50,0.00,0.00,13.80,OK,27.67,0.00,0.00,0.00,,ensemble
1360344,2026-06-02 11:00:50.86851+02,2026-06-02 11:00:00+02,18.34,10.04,5.63,12.00,1.58,0.00,15.63,OK,24.79,0.00,0.00,0.00,,ensemble
1360337,2026-06-02 10:40:19.637836+02,2026-06-02 10:39:00+02,20.32,11.02,9.68,14.30,0.00,0.00,21.27,OK,27.33,0.00,0.00,0.00,,ensemble
1426778,2026-06-03 12:52:48.955403+02,2026-06-03 12:51:00+02,9.14,12.13,17.32,12.50,0.00,0.00,10.06,OK,22.46,0.00,0.00,0.00,,ensemble
1426804,2026-06-03 14:08:01.036459+02,2026-06-03 14:09:00+02,8.62,12.18,13.21,11.10,0.00,0.00,5.89,OK,16.19,0.00,0.00,0.00,,ensemble
1426805,2026-06-03 14:08:01.036459+02,2026-06-03 14:12:00+02,8.70,11.97,12.37,10.80,0.00,0.00,7.16,OK,17.56,0.00,0.00,0.00,,ensemble
1360342,2026-06-02 10:53:19.514077+02,2026-06-02 10:54:00+02,16.87,7.34,1.30,9.30,0.00,0.00,13.59,OK,25.34,0.00,0.00,0.00,,ensemble
1360340,2026-06-02 10:49:45.055013+02,2026-06-02 10:48:00+02,19.82,6.91,5.45,11.60,0.00,0.00,13.79,OK,26.55,0.00,0.00,0.00,,ensemble
1360336,2026-06-02 10:33:23.57516+02,2026-06-02 10:36:00+02,20.46,9.62,5.50,12.70,0.00,0.00,26.51,OK,28.78,0.00,0.00,0.00,,ensemble
1426806,2026-06-03 14:15:58.094802+02,2026-06-03 14:15:00+02,8.79,7.41,1.95,6.30,0.00,0.00,0.00,OK,1.85,0.00,0.00,0.00,,ensemble
1360294,2026-06-02 08:28:51.655062+02,2026-06-02 08:30:00+02,32.70,18.44,13.65,22.70,0.00,0.00,30.18,OK,26.65,0.00,0.00,0.00,,ensemble
1257515,2026-06-01 18:59:35.211919+02,2026-06-01 19:00:00+02,12.55,15.42,10.80,12.90,3.15,0.00,17.17,OK,22.01,0.00,0.00,0.00,,ensemble
1257507,2026-06-01 18:35:44.350185+02,2026-06-01 18:36:00+02,13.56,15.15,5.02,11.50,0.00,0.00,13.72,OK,29.52,0.00,0.00,0.00,,ensemble
1257521,2026-06-01 19:14:58.678118+02,2026-06-01 19:18:00+02,13.65,16.91,7.95,12.90,0.00,0.00,16.41,OK,31.29,0.00,0.00,0.00,,ensemble
1257525,2026-06-01 19:30:08.134238+02,2026-06-01 19:30:00+02,12.29,17.12,20.05,16.10,0.00,0.00,32.65,OK,24.32,0.00,0.00,0.00,,ensemble
1360295,2026-06-02 08:36:12.526752+02,2026-06-02 08:33:00+02,4.39,11.36,15.10,9.70,0.00,0.00,12.27,OK,27.36,0.00,0.00,0.00,,ensemble
1360296,2026-06-02 08:36:12.526752+02,2026-06-02 08:36:00+02,4.36,14.22,15.98,10.80,0.00,0.00,17.36,OK,31.02,0.00,0.00,0.00,,ensemble
1360298,2026-06-02 08:42:35.758079+02,2026-06-02 08:42:00+02,6.40,10.50,7.22,7.90,0.00,0.00,7.40,OK,25.62,0.00,0.00,0.00,,ensemble
1257522,2026-06-01 19:20:37.449829+02,2026-06-01 19:21:00+02,12.18,11.66,8.43,10.90,0.00,0.00,7.15,OK,22.73,0.00,0.00,0.00,,ensemble
1257523,2026-06-01 19:20:37.449829+02,2026-06-01 19:24:00+02,12.20,11.39,5.55,10.00,0.00,0.00,11.40,OK,26.85,0.00,0.00,0.00,,ensemble
1360346,2026-06-02 11:07:32.899731+02,2026-06-02 11:06:00+02,17.91,15.73,8.84,14.50,0.00,0.00,22.70,OK,25.26,0.00,0.00,0.00,,ensemble
1257508,2026-06-01 18:35:44.350185+02,2026-06-01 18:39:00+02,13.30,14.81,3.16,10.70,0.00,0.00,18.07,OK,25.50,0.00,0.00,0.00,,ensemble
1257505,2026-06-01 18:29:23.645841+02,2026-06-01 18:30:00+02,14.15,23.20,9.52,15.50,2.24,0.00,28.44,OK,24.32,0.00,0.00,0.00,,ensemble
1257506,2026-06-01 18:30:13.025177+02,2026-06-01 18:33:00+02,13.84,23.20,11.28,15.90,0.00,0.00,22.64,OK,25.18,0.00,0.00,0.00,,ensemble
1257512,2026-06-01 18:49:40.789797+02,2026-06-01 18:51:00+02,11.87,17.89,3.41,11.10,0.00,0.00,12.42,OK,27.55,0.00,0.00,0.00,,ensemble
1257531,2026-06-01 19:46:39.726231+02,2026-06-01 19:48:00+02,11.45,9.46,0.00,7.40,0.00,0.00,4.96,OK,,0.00,0.00,0.00,,ensemble
1257503,2026-06-01 18:23:36.769591+02,2026-06-01 18:24:00+02,13.92,25.49,17.99,18.60,0.00,0.00,23.79,OK,27.42,0.00,0.00,0.00,,ensemble
1360420,2026-06-02 14:48:14.605916+02,2026-06-02 14:48:00+02,10.66,7.60,6.81,8.60,0.00,0.00,8.96,OK,28.74,0.00,0.00,0.00,,ensemble
1257526,2026-06-01 19:30:32.102415+02,2026-06-01 19:33:00+02,13.66,17.12,20.32,16.70,0.33,0.00,26.71,OK,25.18,0.00,0.00,0.00,,ensemble
1360302,2026-06-02 08:55:19.299275+02,2026-06-02 08:54:00+02,7.33,11.15,7.37,8.50,0.00,0.00,11.89,OK,25.96,0.00,0.00,0.00,,ensemble
1360345,2026-06-02 11:00:50.86851+02,2026-06-02 11:03:00+02,18.13,10.26,4.98,11.80,0.00,0.00,19.89,OK,26.44,0.00,0.00,0.00,,ensemble
1360297,2026-06-02 08:40:00.239068+02,2026-06-02 08:39:00+02,6.36,12.30,8.68,8.80,0.00,0.00,8.94,OK,26.07,0.00,0.00,0.00,,ensemble
1257514,2026-06-01 18:56:57.502223+02,2026-06-01 18:57:00+02,11.59,19.33,9.05,13.20,0.00,0.00,14.74,OK,22.64,0.00,0.00,0.00,,ensemble
1257479,2026-06-01 17:11:45.882148+02,2026-06-01 17:12:00+02,21.68,9.37,4.00,12.70,0.00,0.00,16.76,OK,23.89,0.00,0.00,0.00,,ensemble
1257480,2026-06-01 17:11:45.882148+02,2026-06-01 17:15:00+02,21.55,9.72,4.28,12.80,0.00,0.00,21.56,OK,41.02,0.00,0.00,0.00,,ensemble
1257477,2026-06-01 17:05:55.582899+02,2026-06-01 17:06:00+02,21.31,11.89,2.83,12.90,0.00,0.00,20.86,OK,24.35,0.00,0.00,0.00,,ensemble
1360301,2026-06-02 08:50:02.500788+02,2026-06-02 08:51:00+02,6.56,10.90,6.29,7.80,0.00,0.00,12.12,OK,32.70,0.00,0.00,0.00,,ensemble
1257476,2026-06-01 17:05:29.903078+02,2026-06-01 17:03:00+02,21.58,12.88,17.93,17.90,0.00,0.00,29.88,OK,27.07,0.00,0.00,0.00,,ensemble
1360500,2026-06-02 18:46:26.554324+02,2026-06-02 18:48:00+02,8.07,26.62,21.04,17.50,0.00,0.00,12.93,OK,22.87,0.00,0.00,0.00,,ensemble
1426811,2026-06-03 14:31:33.067306+02,2026-06-03 14:30:00+02,9.34,12.18,13.59,11.50,0.00,0.00,8.65,OK,17.57,0.00,0.00,0.00,,ensemble
1360303,2026-06-02 08:59:37.219036+02,2026-06-02 08:57:00+02,8.41,9.07,9.52,8.90,0.00,0.00,12.25,OK,27.61,0.00,0.00,0.00,,ensemble
1426812,2026-06-03 14:31:33.067306+02,2026-06-03 14:33:00+02,9.45,11.82,12.93,11.20,0.00,0.00,11.00,OK,19.39,0.00,0.00,0.00,,ensemble
1257475,2026-06-01 16:58:32.097791+02,2026-06-01 17:00:00+02,21.41,10.06,7.65,13.90,0.00,0.00,32.44,OK,26.56,0.00,0.00,0.00,,ensemble
1426813,2026-06-03 14:31:33.067306+02,2026-06-03 14:36:00+02,9.56,11.61,11.67,10.80,0.00,0.00,14.42,OK,25.32,0.00,0.00,0.00,,ensemble
1257524,2026-06-01 19:24:54.914488+02,2026-06-01 19:27:00+02,12.24,14.98,15.73,14.10,0.00,0.00,11.52,OK,23.90,0.00,0.00,0.00,,ensemble
1257513,2026-06-01 18:52:08.307521+02,2026-06-01 18:54:00+02,11.72,19.14,2.31,11.10,0.00,0.00,11.13,OK,23.99,0.00,0.00,0.00,,ensemble
1257540,2026-06-01 20:14:16.91774+02,2026-06-01 20:15:00+02,11.02,13.65,3.49,9.50,0.04,,,OK,,0.00,0.00,0.00,,ensemble
1426815,2026-06-03 14:43:27.985105+02,2026-06-03 14:42:00+02,10.29,13.12,4.09,9.30,0.00,0.00,4.11,OK,10.71,0.00,0.00,0.00,,ensemble
1426814,2026-06-03 14:39:44.72364+02,2026-06-03 14:39:00+02,9.68,11.94,12.14,11.10,0.00,0.00,7.48,OK,16.52,0.00,0.00,0.00,,ensemble
1360498,2026-06-02 18:42:20.0785+02,2026-06-02 18:42:00+02,8.60,25.04,22.57,17.70,0.00,0.00,12.36,OK,21.96,0.00,0.00,0.00,,ensemble
1257516,2026-06-01 19:02:39.531395+02,2026-06-01 19:03:00+02,11.77,15.83,8.75,12.10,0.00,0.00,13.48,OK,23.43,0.00,0.00,0.00,,ensemble
1257511,2026-06-01 18:46:45.197136+02,2026-06-01 18:48:00+02,12.05,17.46,1.16,10.40,0.00,0.00,9.49,OK,25.12,0.00,0.00,0.00,,ensemble
1360299,2026-06-02 08:46:03.399208+02,2026-06-02 08:45:00+02,6.45,9.52,6.38,7.40,0.00,0.00,6.96,OK,25.35,0.00,0.00,0.00,,ensemble
1360347,2026-06-02 11:09:16.262012+02,2026-06-02 11:09:00+02,17.70,13.27,4.61,12.40,0.00,0.00,14.62,OK,29.20,0.00,0.00,0.00,,ensemble
1360502,2026-06-02 18:51:49.177628+02,2026-06-02 18:54:00+02,8.55,17.75,15.47,13.40,0.00,0.00,7.51,OK,14.21,0.00,0.00,0.00,,ensemble
1360300,2026-06-02 08:50:02.500788+02,2026-06-02 08:48:00+02,6.50,10.59,7.11,7.90,0.00,0.00,7.66,OK,23.42,0.00,0.00,0.00,,ensemble
1426809,2026-06-03 14:24:36.5922+02,2026-06-03 14:24:00+02,9.12,12.08,5.53,8.90,0.00,0.00,4.34,OK,12.26,0.00,0.00,0.00,,ensemble
1426816,2026-06-03 14:46:16.968056+02,2026-06-03 14:45:00+02,10.42,7.89,2.10,7.20,0.00,0.00,0.92,OK,5.05,0.00,0.00,0.00,,ensemble
1257492,2026-06-01 17:50:32.310818+02,2026-06-01 17:51:00+02,16.98,14.43,4.91,12.60,1.26,0.00,17.00,OK,28.04,0.00,0.00,0.00,,ensemble
1360306,2026-06-02 09:08:50.809418+02,2026-06-02 09:06:00+02,8.71,6.33,9.84,8.30,0.00,0.00,14.66,OK,28.90,0.00,0.00,0.00,,ensemble
1360307,2026-06-02 09:08:50.809418+02,2026-06-02 09:09:00+02,8.81,8.95,11.84,9.80,0.00,0.00,15.68,OK,32.26,0.00,0.00,0.00,,ensemble
1257496,2026-06-01 18:02:12.677308+02,2026-06-01 18:03:00+02,15.49,15.15,9.51,13.60,0.00,0.00,16.74,OK,23.64,0.00,0.00,0.00,,ensemble
1360319,2026-06-02 09:43:06.964994+02,2026-06-02 09:45:00+02,13.55,4.95,15.79,11.60,0.00,0.00,17.69,OK,27.48,0.00,0.00,0.00,,ensemble
1426734,2026-06-03 10:41:42.388751+02,2026-06-03 10:39:00+02,13.42,13.72,21.40,15.90,0.00,0.00,13.20,OK,23.32,0.00,0.00,0.00,,ensemble
1360320,2026-06-02 09:48:51.993786+02,2026-06-02 09:48:00+02,13.62,3.96,3.82,7.80,0.00,0.00,6.08,OK,23.71,0.00,0.00,0.00,,ensemble
1426735,2026-06-03 10:43:23.236018+02,2026-06-03 10:42:00+02,13.58,16.10,15.64,15.00,0.00,0.00,10.20,OK,22.78,0.00,0.00,0.00,,ensemble
1257491,2026-06-01 17:47:42.305369+02,2026-06-01 17:48:00+02,17.39,10.92,10.47,13.40,0.00,0.00,15.35,OK,26.61,0.00,0.00,0.00,,ensemble
1426736,2026-06-03 10:43:23.236018+02,2026-06-03 10:45:00+02,13.27,15.22,13.45,13.90,0.00,0.00,13.07,OK,26.79,0.00,0.00,0.00,,ensemble
1257487,2026-06-01 17:34:30.306302+02,2026-06-01 17:36:00+02,19.26,11.46,6.14,13.00,0.00,0.00,16.59,OK,29.52,0.00,0.00,0.00,,ensemble
1360313,2026-06-02 09:29:49.385431+02,2026-06-02 09:27:00+02,11.30,5.97,7.27,8.50,0.00,0.00,12.20,OK,24.43,0.00,0.00,0.00,,ensemble
1257490,2026-06-01 17:44:59.776221+02,2026-06-01 17:45:00+02,17.78,11.82,11.62,14.10,0.00,0.00,17.12,OK,29.92,0.00,0.00,0.00,,ensemble
1257502,2026-06-01 18:19:16.334666+02,2026-06-01 18:21:00+02,14.30,20.42,3.41,12.90,0.00,0.00,9.92,OK,26.08,0.00,0.00,0.00,,ensemble
1257485,2026-06-01 17:28:50.610074+02,2026-06-01 17:30:00+02,19.86,13.42,0.15,12.00,0.00,0.00,24.12,OK,24.32,0.00,0.00,0.00,,ensemble
1426774,2026-06-03 12:40:06.532382+02,2026-06-03 12:39:00+02,9.02,13.82,5.89,9.50,0.00,0.00,7.02,OK,13.83,0.00,0.00,0.00,,ensemble
1426776,2026-06-03 12:44:43.510174+02,2026-06-03 12:45:00+02,9.08,8.84,1.84,6.80,0.00,0.00,1.10,OK,4.41,0.00,0.00,0.00,,ensemble
1257489,2026-06-01 17:42:06.138373+02,2026-06-01 17:42:00+02,18.17,9.55,4.32,11.40,0.00,0.00,11.95,OK,24.87,0.00,0.00,0.00,,ensemble
1360317,2026-06-02 09:42:06.451402+02,2026-06-02 09:39:00+02,13.37,3.96,13.91,10.70,0.00,0.00,13.44,OK,26.98,0.00,0.00,0.00,,ensemble
1360310,2026-06-02 09:19:15.534317+02,2026-06-02 09:18:00+02,10.92,8.80,4.88,8.50,0.00,0.00,9.97,OK,25.37,0.00,0.00,0.00,,ensemble
1426867,2026-06-03 17:19:06.379063+02,2026-06-03 17:18:00+02,18.58,11.70,3.65,12.00,0.00,0.00,6.59,OK,10.37,0.00,0.00,0.00,,ensemble
1360314,2026-06-02 09:32:53.597785+02,2026-06-02 09:30:00+02,11.42,3.96,15.42,10.40,0.00,0.00,14.82,OK,25.02,0.00,0.00,0.00,,ensemble
1257509,2026-06-01 18:41:08.86603+02,2026-06-01 18:42:00+02,13.06,15.17,4.62,11.20,0.00,0.00,10.28,OK,24.87,0.00,0.00,0.00,,ensemble
1257498,2026-06-01 18:07:55.533411+02,2026-06-01 18:09:00+02,14.63,18.55,9.45,14.30,0.00,0.00,14.96,OK,25.89,0.00,0.00,0.00,,ensemble
1257488,2026-06-01 17:39:00.232523+02,2026-06-01 17:39:00+02,18.93,10.04,9.73,13.50,0.00,0.00,18.50,OK,25.50,0.00,0.00,0.00,,ensemble
1257499,2026-06-01 18:07:55.533411+02,2026-06-01 18:12:00+02,14.20,17.75,6.54,13.00,0.00,0.00,16.82,OK,20.00,0.00,0.00,0.00,,ensemble
1360308,2026-06-02 09:13:46.727951+02,2026-06-02 09:12:00+02,8.92,8.46,6.65,8.10,0.00,0.00,9.14,OK,34.89,0.00,0.00,0.00,,ensemble
1257493,2026-06-01 17:51:08.878534+02,2026-06-01 17:54:00+02,16.56,15.24,12.04,14.80,0.00,0.00,19.23,OK,24.02,0.00,0.00,0.00,,ensemble
1360305,2026-06-02 09:06:40.609755+02,2026-06-02 09:03:00+02,8.60,8.50,14.29,10.30,0.00,0.00,13.40,OK,29.18,0.00,0.00,0.00,,ensemble
1257486,2026-06-01 17:32:18.356512+02,2026-06-01 17:33:00+02,19.57,13.22,13.87,16.00,0.00,0.00,27.63,OK,25.18,0.00,0.00,0.00,,ensemble
1257500,2026-06-01 18:13:41.249101+02,2026-06-01 18:15:00+02,15.08,19.13,3.95,13.00,0.00,0.00,10.70,OK,41.02,0.00,0.00,0.00,,ensemble
1257504,2026-06-01 18:24:41.779684+02,2026-06-01 18:27:00+02,13.57,24.49,1.92,13.40,0.00,0.00,10.12,OK,23.90,0.00,0.00,0.00,,ensemble
1257510,2026-06-01 18:44:03.817952+02,2026-06-01 18:45:00+02,13.07,17.07,8.88,13.00,0.00,0.00,12.50,OK,29.92,0.00,0.00,0.00,,ensemble
1257484,2026-06-01 17:26:32.334794+02,2026-06-01 17:27:00+02,17.28,12.00,11.83,14.10,0.00,0.00,16.20,OK,23.90,0.00,0.00,0.00,,ensemble
1257483,2026-06-01 17:23:11.179145+02,2026-06-01 17:24:00+02,20.99,11.96,10.32,15.10,0.00,0.00,23.52,OK,27.42,0.00,0.00,0.00,,ensemble
1360304,2026-06-02 09:02:19.227044+02,2026-06-02 09:00:00+02,8.50,9.86,9.88,9.30,0.00,0.00,11.86,OK,27.37,0.00,0.00,0.00,,ensemble
1360315,2026-06-02 09:34:30.181824+02,2026-06-02 09:33:00+02,13.15,3.96,13.17,10.40,0.00,0.00,13.28,OK,25.40,0.00,0.00,0.00,,ensemble
1257497,2026-06-01 18:03:11.406027+02,2026-06-01 18:06:00+02,15.06,15.84,17.21,15.90,0.00,0.00,22.92,OK,20.95,0.00,0.00,0.00,,ensemble
1360316,2026-06-02 09:34:30.181824+02,2026-06-02 09:36:00+02,13.26,4.95,14.80,11.20,0.00,0.00,19.87,OK,29.66,0.00,0.00,0.00,,ensemble
1257494,2026-06-01 17:56:44.747775+02,2026-06-01 17:57:00+02,16.14,16.44,13.22,15.40,0.00,0.00,18.97,OK,22.64,0.00,0.00,0.00,,ensemble
1360312,2026-06-02 09:25:30.752726+02,2026-06-02 09:24:00+02,11.18,7.35,8.82,9.30,0.00,0.00,12.59,OK,27.36,0.00,0.00,0.00,,ensemble
1426777,2026-06-03 12:48:43.635519+02,2026-06-03 12:48:00+02,9.11,8.95,4.77,7.80,0.00,0.00,2.37,OK,9.46,0.00,0.00,0.00,,ensemble
1257495,2026-06-01 17:57:42.159863+02,2026-06-01 18:00:00+02,17.54,15.14,3.00,12.50,0.00,0.00,17.40,OK,22.01,0.00,0.00,0.00,,ensemble
1257481,2026-06-01 17:17:28.812074+02,2026-06-01 17:18:00+02,21.39,11.77,6.12,13.90,0.00,0.00,18.51,OK,31.29,0.00,0.00,0.00,,ensemble
1257482,2026-06-01 17:17:28.812074+02,2026-06-01 17:21:00+02,21.20,11.96,5.56,13.70,0.00,0.00,21.81,OK,26.08,0.00,0.00,0.00,,ensemble
1360309,2026-06-02 09:16:45.348497+02,2026-06-02 09:15:00+02,10.79,7.36,8.27,9.00,0.00,0.00,10.65,OK,28.57,0.00,0.00,0.00,,ensemble
1426733,2026-06-03 10:35:30.776885+02,2026-06-03 10:36:00+02,13.71,5.13,4.50,8.40,0.00,0.00,5.20,OK,13.66,0.00,0.00,0.00,,ensemble
1257501,2026-06-01 18:17:55.891409+02,2026-06-01 18:18:00+02,14.68,20.69,20.03,18.10,0.78,0.00,20.66,OK,31.29,0.00,0.00,0.00,,ensemble
1360318,2026-06-02 09:43:06.964994+02,2026-06-02 09:42:00+02,13.47,3.96,16.56,11.50,0.00,0.00,12.93,OK,25.64,0.00,0.00,0.00,,ensemble
1426775,2026-06-03 12:42:34.438722+02,2026-06-03 12:42:00+02,9.05,10.93,3.66,8.00,0.00,0.00,3.20,OK,6.74,0.00,0.00,0.00,,ensemble
1257309,2026-06-01 08:39:58.084736+02,2026-06-01 08:42:00+02,10.56,12.46,11.27,11.30,0.00,0.00,16.21,OK,39.72,0.00,0.00,0.00,,ensemble
1360323,2026-06-02 09:57:57.909709+02,2026-06-02 09:57:00+02,16.64,3.96,1.81,8.40,0.49,0.00,8.48,OK,22.67,0.00,0.00,0.00,,ensemble
1360324,2026-06-02 10:01:46.965497+02,2026-06-02 10:00:00+02,16.67,3.96,8.47,10.40,0.57,0.00,13.12,OK,24.19,0.00,0.00,0.00,,ensemble
1360326,2026-06-02 10:06:44.597803+02,2026-06-02 10:06:00+02,16.68,3.96,7.88,10.20,0.00,0.00,12.55,OK,25.57,0.00,0.00,0.00,,ensemble
1257315,2026-06-01 08:59:16.209079+02,2026-06-01 09:00:00+02,12.30,9.64,5.68,9.50,0.00,0.00,20.36,OK,30.28,0.00,0.00,0.00,,ensemble
1360327,2026-06-02 10:06:44.597803+02,2026-06-02 10:09:00+02,16.66,4.95,6.53,10.10,0.00,0.00,13.81,OK,29.22,0.00,0.00,0.00,,ensemble
1257329,2026-06-01 09:42:44.828496+02,2026-06-01 09:42:00+02,16.58,5.80,4.60,9.80,0.00,0.00,11.26,OK,37.58,0.00,0.00,0.00,,ensemble
1360481,2026-06-02 17:51:17.581443+02,2026-06-02 17:51:00+02,12.51,14.84,8.18,11.90,0.00,0.00,7.69,OK,13.14,0.00,0.00,0.00,,ensemble
1360489,2026-06-02 18:14:41.719831+02,2026-06-02 18:15:00+02,9.80,14.80,6.37,10.30,0.00,0.00,1.22,OK,3.88,0.00,0.00,0.00,,ensemble
1257330,2026-06-01 09:44:58.38742+02,2026-06-01 09:45:00+02,16.65,5.80,7.39,10.60,0.00,0.00,13.10,OK,36.72,0.00,0.00,0.00,,ensemble
1426744,2026-06-03 11:09:00.583513+02,2026-06-03 11:09:00+02,11.73,16.08,2.10,10.10,0.00,0.00,4.20,OK,9.32,0.00,0.00,0.00,,ensemble
1360480,2026-06-02 17:46:12.948788+02,2026-06-02 17:48:00+02,12.89,18.37,18.38,16.20,0.00,0.00,11.34,OK,21.63,0.00,0.00,0.00,,ensemble
1426745,2026-06-03 11:13:27.505922+02,2026-06-03 11:12:00+02,11.46,11.01,8.07,10.30,0.00,0.00,4.27,OK,12.45,0.00,0.00,0.00,,ensemble
1257312,2026-06-01 08:50:24.341678+02,2026-06-01 08:51:00+02,7.70,12.84,8.23,9.40,0.00,0.00,14.48,OK,29.74,0.00,0.00,0.00,,ensemble
1360486,2026-06-02 18:05:49.966245+02,2026-06-02 18:06:00+02,11.05,24.46,17.23,16.90,0.00,0.00,12.77,OK,15.98,0.00,0.00,0.00,,ensemble
1426747,2026-06-03 11:19:10.15001+02,2026-06-03 11:18:00+02,10.97,10.66,8.44,10.10,0.00,0.00,3.14,OK,13.93,0.00,0.00,0.00,,ensemble
1360490,2026-06-02 18:18:08.740793+02,2026-06-02 18:18:00+02,9.96,18.73,16.69,14.60,1.07,0.00,6.43,OK,14.85,0.00,0.00,0.00,,ensemble
1257310,2026-06-01 08:45:40.521483+02,2026-06-01 08:45:00+02,10.72,13.55,9.04,11.10,0.00,0.00,15.50,OK,39.69,0.00,0.00,0.00,,ensemble
1426746,2026-06-03 11:16:06.287791+02,2026-06-03 11:15:00+02,11.21,10.66,3.88,8.80,0.00,0.00,1.72,OK,6.27,0.00,0.00,0.00,,ensemble
1257308,2026-06-01 08:39:41.066905+02,2026-06-01 08:39:00+02,10.41,13.50,9.26,11.00,0.00,0.00,15.41,OK,31.26,0.00,0.00,0.00,,ensemble
1360475,2026-06-02 17:33:15.00596+02,2026-06-02 17:33:00+02,14.11,11.37,11.97,12.60,0.00,0.00,9.99,OK,21.77,0.00,0.00,0.00,,ensemble
1360487,2026-06-02 18:08:21.564035+02,2026-06-02 18:09:00+02,10.63,27.88,14.23,16.90,0.00,0.00,10.50,OK,17.72,0.00,0.00,0.00,,ensemble
1257313,2026-06-01 08:52:40.111415+02,2026-06-01 08:54:00+02,11.94,11.89,12.82,12.20,0.00,0.00,18.50,OK,29.26,0.00,0.00,0.00,,ensemble
1360485,2026-06-02 18:02:32.429891+02,2026-06-02 18:03:00+02,11.47,20.88,19.65,16.70,0.00,0.00,10.52,OK,16.76,0.00,0.00,0.00,,ensemble
1257311,2026-06-01 08:46:25.299945+02,2026-06-01 08:48:00+02,10.87,12.54,8.13,10.50,0.00,0.00,14.22,OK,32.45,0.00,0.00,0.00,,ensemble
1360474,2026-06-02 17:29:32.368054+02,2026-06-02 17:30:00+02,14.41,11.49,4.47,10.60,0.00,0.00,7.93,OK,12.43,0.00,0.00,0.00,,ensemble
1360322,2026-06-02 09:53:38.651351+02,2026-06-02 09:54:00+02,17.12,4.95,11.37,11.70,0.00,0.00,20.50,OK,23.67,0.00,0.00,0.00,,ensemble
1360325,2026-06-02 10:03:18.022198+02,2026-06-02 10:03:00+02,16.68,3.96,20.83,14.10,0.00,0.00,18.85,OK,25.97,0.00,0.00,0.00,,ensemble
1426799,2026-06-03 13:52:27.089002+02,2026-06-03 13:54:00+02,8.10,6.08,6.39,7.00,0.00,0.00,1.51,OK,5.82,0.00,0.00,0.00,,ensemble
1257314,2026-06-01 08:56:36.78643+02,2026-06-01 08:57:00+02,12.12,9.87,5.68,9.50,0.00,0.00,18.85,OK,29.40,0.00,0.00,0.00,,ensemble
1426786,2026-06-03 13:16:18.379558+02,2026-06-03 13:15:00+02,8.86,10.40,10.58,9.80,0.00,0.00,4.72,OK,14.33,0.00,0.00,0.00,,ensemble
1360440,2026-06-02 15:47:30.85008+02,2026-06-02 15:48:00+02,12.24,7.81,3.55,8.30,0.00,0.00,9.17,OK,28.24,0.00,0.00,0.00,,ensemble
1426800,2026-06-03 13:52:27.089002+02,2026-06-03 13:57:00+02,8.15,6.66,6.50,7.20,0.00,0.00,2.14,OK,6.27,0.00,0.00,0.00,,ensemble
1360429,2026-06-02 15:13:29.81046+02,2026-06-02 15:15:00+02,13.39,12.77,3.28,10.20,0.00,0.00,12.39,OK,37.31,0.00,0.00,0.00,,ensemble
1426870,2026-06-03 17:26:49.091594+02,2026-06-03 17:27:00+02,18.78,14.79,4.37,13.30,0.00,0.00,7.05,OK,14.37,0.00,0.00,0.00,,ensemble
1360484,2026-06-02 17:59:33.206089+02,2026-06-02 18:00:00+02,11.34,18.78,5.07,11.70,0.00,0.00,5.78,OK,8.80,0.00,0.00,0.00,,ensemble
1426785,2026-06-03 13:12:26.829858+02,2026-06-03 13:12:00+02,10.99,9.92,2.45,8.10,0.00,0.00,2.63,OK,8.18,0.00,0.00,0.00,,ensemble
1360488,2026-06-02 18:11:17.097845+02,2026-06-02 18:12:00+02,10.21,21.91,6.72,12.70,0.00,0.00,4.63,OK,7.96,0.00,0.00,0.00,,ensemble
1360483,2026-06-02 17:57:38.039809+02,2026-06-02 17:57:00+02,11.73,15.97,14.41,13.80,0.00,0.00,7.92,OK,12.85,0.00,0.00,0.00,,ensemble
1360328,2026-06-02 10:13:21.910567+02,2026-06-02 10:12:00+02,19.60,3.96,2.79,9.90,0.00,0.00,9.09,OK,32.16,0.00,0.00,0.00,,ensemble
1426780,2026-06-03 12:58:20.526612+02,2026-06-03 12:57:00+02,8.85,14.19,13.75,11.90,0.00,0.00,8.11,OK,18.29,0.00,0.00,0.00,,ensemble
1360482,2026-06-02 17:53:51.656479+02,2026-06-02 17:54:00+02,12.12,14.67,11.56,12.70,0.00,0.00,7.18,OK,12.67,0.00,0.00,0.00,,ensemble
1360329,2026-06-02 10:14:50.901896+02,2026-06-02 10:15:00+02,19.22,3.96,9.24,11.60,0.00,0.00,12.58,OK,30.57,0.00,0.00,0.00,,ensemble
1426868,2026-06-03 17:19:06.379063+02,2026-06-03 17:21:00+02,18.18,11.68,3.09,11.70,0.00,0.00,7.90,OK,15.03,0.00,0.00,0.00,,ensemble
1426748,2026-06-03 11:23:17.389781+02,2026-06-03 11:21:00+02,10.45,7.23,5.14,7.90,0.00,0.00,1.89,OK,11.51,0.00,0.00,0.00,,ensemble
1360413,2026-06-02 14:26:12.133761+02,2026-06-02 14:27:00+02,10.77,3.80,2.20,6.10,0.00,0.00,5.19,OK,16.52,0.00,0.00,0.00,,ensemble
1360446,2026-06-02 16:07:06.461789+02,2026-06-02 16:06:00+02,15.12,9.69,10.03,12.00,0.00,0.00,18.78,OK,25.92,0.00,0.00,0.00,,ensemble
1360448,2026-06-02 16:07:25.290305+02,2026-06-02 16:12:00+02,15.51,9.69,9.80,12.00,0.00,0.00,20.18,OK,31.10,0.00,0.00,0.00,,ensemble
1360412,2026-06-02 14:24:01.320785+02,2026-06-02 14:24:00+02,10.14,4.06,0.76,5.50,0.00,0.00,3.35,OK,13.91,0.00,0.00,0.00,,ensemble
1426727,2026-06-03 10:18:43.441986+02,2026-06-03 10:18:00+02,13.30,3.76,2.31,7.10,0.00,0.00,0.21,OK,5.31,0.00,0.00,0.00,,ensemble
1360455,2026-06-02 16:32:42.707324+02,2026-06-02 16:33:00+02,16.50,6.94,3.29,9.70,0.00,0.00,7.49,OK,20.14,0.00,0.00,0.00,,ensemble
1360432,2026-06-02 15:24:15.550171+02,2026-06-02 15:24:00+02,13.47,5.99,3.08,8.10,0.00,0.00,10.05,OK,29.39,0.00,0.00,0.00,,ensemble
1360444,2026-06-02 16:00:18.736852+02,2026-06-02 16:00:00+02,14.73,8.29,7.18,10.50,0.00,0.00,14.96,OK,25.56,0.00,0.00,0.00,,ensemble
1360445,2026-06-02 16:00:18.736852+02,2026-06-02 16:03:00+02,14.93,8.52,6.16,10.40,0.00,0.00,17.92,OK,28.06,0.00,0.00,0.00,,ensemble
1360443,2026-06-02 15:58:11.58058+02,2026-06-02 15:57:00+02,14.52,8.41,9.79,11.30,0.00,0.00,15.09,OK,25.92,0.00,0.00,0.00,,ensemble
1426716,2026-06-03 09:45:47.925943+02,2026-06-03 09:45:00+02,10.68,3.76,2.12,6.00,0.00,0.00,0.00,OK,1.90,0.00,0.00,0.00,,ensemble
1426726,2026-06-03 10:14:53.591686+02,2026-06-03 10:15:00+02,13.49,3.76,6.06,8.30,0.00,0.00,1.67,OK,9.31,0.00,0.00,0.00,,ensemble
1360449,2026-06-02 16:15:33.809297+02,2026-06-02 16:15:00+02,15.69,7.67,4.26,9.90,0.00,0.00,10.20,OK,39.43,0.00,0.00,0.00,,ensemble
1360451,2026-06-02 16:21:17.857455+02,2026-06-02 16:21:00+02,15.87,9.48,5.65,10.90,0.00,0.00,5.23,OK,22.05,0.00,0.00,0.00,,ensemble
1360439,2026-06-02 15:43:57.509754+02,2026-06-02 15:45:00+02,14.21,5.50,8.38,9.80,0.00,0.00,12.56,OK,31.26,0.00,0.00,0.00,,ensemble
1360453,2026-06-02 16:26:55.774152+02,2026-06-02 16:27:00+02,16.21,10.65,11.93,13.30,0.00,0.00,11.44,OK,27.42,0.00,0.00,0.00,,ensemble
1360454,2026-06-02 16:26:55.774152+02,2026-06-02 16:30:00+02,16.36,10.78,12.45,13.50,0.00,0.00,20.58,OK,28.37,0.00,0.00,0.00,,ensemble
1360436,2026-06-02 15:35:46.702527+02,2026-06-02 15:36:00+02,13.62,4.71,3.10,7.80,0.00,0.00,11.71,OK,30.74,0.00,0.00,0.00,,ensemble
1360437,2026-06-02 15:35:46.702527+02,2026-06-02 15:39:00+02,13.81,5.53,4.22,8.40,0.00,0.00,14.88,OK,28.59,0.00,0.00,0.00,,ensemble
1360456,2026-06-02 16:36:14.669725+02,2026-06-02 16:36:00+02,15.88,8.06,7.93,11.20,0.00,0.00,9.48,OK,24.63,0.00,0.00,0.00,,ensemble
1360434,2026-06-02 15:29:02.855108+02,2026-06-02 15:30:00+02,14.10,7.19,10.26,10.90,0.00,0.00,22.08,OK,27.44,0.00,0.00,0.00,,ensemble
1360433,2026-06-02 15:24:15.550171+02,2026-06-02 15:27:00+02,13.65,6.12,3.78,8.40,0.00,0.00,14.37,OK,26.48,0.00,0.00,0.00,,ensemble
1426749,2026-06-03 11:23:17.389781+02,2026-06-03 11:24:00+02,10.22,7.71,6.12,8.20,0.00,0.00,3.19,OK,10.93,0.00,0.00,0.00,,ensemble
1426715,2026-06-03 09:42:15.131285+02,2026-06-03 09:42:00+02,10.63,3.76,17.78,10.70,0.00,0.00,5.46,OK,14.21,0.00,0.00,0.00,,ensemble
1360441,2026-06-02 15:50:28.867269+02,2026-06-02 15:51:00+02,14.12,7.78,3.97,9.20,0.00,0.00,11.77,OK,29.51,0.00,0.00,0.00,,ensemble
1426717,2026-06-03 09:50:30.619892+02,2026-06-03 09:48:00+02,12.43,3.76,5.09,7.60,0.00,0.00,1.74,OK,9.19,0.00,0.00,0.00,,ensemble
1360452,2026-06-02 16:23:06.852781+02,2026-06-02 16:24:00+02,16.04,7.73,5.88,10.50,0.00,0.00,6.85,OK,21.19,0.00,0.00,0.00,,ensemble
1360442,2026-06-02 15:54:13.431694+02,2026-06-02 15:54:00+02,14.32,7.29,6.62,9.90,0.00,0.00,12.71,OK,27.18,0.00,0.00,0.00,,ensemble
1426714,2026-06-03 09:40:10.618243+02,2026-06-03 09:39:00+02,10.57,3.76,4.82,6.80,0.00,0.00,1.62,OK,6.43,0.00,0.00,0.00,,ensemble
1426713,2026-06-03 09:36:56.462554+02,2026-06-03 09:36:00+02,10.49,3.76,10.76,8.60,0.00,0.00,4.62,OK,14.65,0.00,0.00,0.00,,ensemble
1360457,2026-06-02 16:38:46.836741+02,2026-06-02 16:39:00+02,15.98,8.37,5.60,10.60,0.00,0.00,7.40,OK,20.03,0.00,0.00,0.00,,ensemble
1360438,2026-06-02 15:41:42.503449+02,2026-06-02 15:42:00+02,14.01,4.56,2.60,7.70,0.00,0.00,7.93,OK,25.12,0.00,0.00,0.00,,ensemble
1360450,2026-06-02 16:16:30.842746+02,2026-06-02 16:18:00+02,15.88,9.97,11.47,12.80,0.00,0.00,17.96,OK,32.36,0.00,0.00,0.00,,ensemble
1360458,2026-06-02 16:42:12.242499+02,2026-06-02 16:42:00+02,16.07,7.36,4.45,10.00,0.00,0.00,5.93,OK,18.29,0.00,0.00,0.00,,ensemble
1426750,2026-06-03 11:27:01.746555+02,2026-06-03 11:27:00+02,10.02,8.65,7.84,9.00,0.00,0.00,3.76,OK,10.43,0.00,0.00,0.00,,ensemble
1426751,2026-06-03 11:30:19.33884+02,2026-06-03 11:30:00+02,9.82,9.85,10.54,10.00,0.00,0.00,5.55,OK,15.94,0.00,0.00,0.00,,ensemble
1360435,2026-06-02 15:31:36.957607+02,2026-06-02 15:33:00+02,13.43,6.75,2.53,8.20,0.00,0.00,10.14,OK,27.04,0.00,0.00,0.00,,ensemble
1360447,2026-06-02 16:07:25.290305+02,2026-06-02 16:09:00+02,15.32,9.69,8.97,11.70,0.00,0.00,15.74,OK,32.22,0.00,0.00,0.00,,ensemble
1426728,2026-06-03 10:23:32.65334+02,2026-06-03 10:21:00+02,13.09,3.76,11.59,9.80,0.00,0.00,4.33,OK,17.30,0.00,0.00,0.00,,ensemble
1360472,2026-06-02 17:23:18.547909+02,2026-06-02 17:24:00+02,14.07,15.28,6.47,12.20,0.00,0.00,7.70,OK,16.24,0.00,0.00,0.00,,ensemble
1426697,2026-06-03 08:49:52.814513+02,2026-06-03 08:48:00+02,2.80,8.54,5.59,5.40,0.00,0.00,0.00,OK,1.83,0.00,0.00,0.00,,ensemble
1360466,2026-06-02 17:05:50.603143+02,2026-06-02 17:06:00+02,15.17,7.81,4.75,9.80,0.00,0.00,5.97,OK,10.39,0.00,0.00,0.00,,ensemble
1426699,2026-06-03 08:55:32.20113+02,2026-06-03 08:54:00+02,5.66,9.28,5.99,6.80,0.00,0.00,1.38,OK,6.00,0.00,0.00,0.00,,ensemble
1360465,2026-06-02 17:01:43.542962+02,2026-06-02 17:03:00+02,15.61,9.06,3.73,10.10,0.00,0.00,5.56,OK,11.54,0.00,0.00,0.00,,ensemble
1360496,2026-06-02 18:34:01.89567+02,2026-06-02 18:36:00+02,9.22,22.72,4.11,11.70,1.16,0.00,6.93,OK,15.24,0.00,0.00,0.00,,ensemble
1360473,2026-06-02 17:27:21.529889+02,2026-06-02 17:27:00+02,14.69,13.71,5.82,11.70,0.00,0.00,7.33,OK,14.59,0.00,0.00,0.00,,ensemble
1360464,2026-06-02 16:59:21.283182+02,2026-06-02 17:00:00+02,15.68,9.00,7.58,11.20,0.00,0.00,8.58,OK,14.98,0.00,0.00,0.00,,ensemble
1360366,2026-06-02 12:08:07.730353+02,2026-06-02 12:06:00+02,13.44,9.69,10.26,11.40,0.00,0.00,15.65,OK,24.26,0.00,0.00,0.00,,ensemble
1426700,2026-06-03 08:55:32.20113+02,2026-06-03 08:57:00+02,5.75,10.39,5.68,7.10,0.00,0.00,2.07,OK,6.74,0.00,0.00,0.00,,ensemble
1360469,2026-06-02 17:15:17.935465+02,2026-06-02 17:15:00+02,14.73,12.83,11.83,13.30,0.00,0.00,7.87,OK,28.79,0.00,0.00,0.00,,ensemble
1360468,2026-06-02 17:11:19.363607+02,2026-06-02 17:12:00+02,14.90,14.62,5.56,12.00,0.00,0.00,6.52,OK,16.25,0.00,0.00,0.00,,ensemble
1360497,2026-06-02 18:38:51.235523+02,2026-06-02 18:39:00+02,8.90,23.89,16.26,15.60,0.00,0.00,10.95,OK,16.91,0.00,0.00,0.00,,ensemble
1360463,2026-06-02 16:55:55.26106+02,2026-06-02 16:57:00+02,15.73,10.41,3.70,10.50,1.66,0.00,6.35,OK,13.14,0.00,0.00,0.00,,ensemble
1426731,2026-06-03 10:31:22.817184+02,2026-06-03 10:30:00+02,14.25,3.76,1.90,7.40,0.00,0.00,1.59,OK,5.72,0.00,0.00,0.00,,ensemble
1426855,2026-06-03 16:42:33.750607+02,2026-06-03 16:42:00+02,18.82,10.81,11.03,14.10,0.00,0.00,11.14,OK,26.49,0.00,0.00,0.00,,ensemble
1360494,2026-06-02 18:29:15.143755+02,2026-06-02 18:30:00+02,8.35,20.25,14.57,13.80,1.12,0.00,10.39,OK,12.11,0.00,0.00,0.00,,ensemble
1360471,2026-06-02 17:21:32.225928+02,2026-06-02 17:21:00+02,14.31,17.00,19.36,16.60,0.00,0.00,11.75,OK,27.14,0.00,0.00,0.00,,ensemble
1360499,2026-06-02 18:44:52.925727+02,2026-06-02 18:45:00+02,8.32,26.62,15.11,15.80,0.00,0.00,9.96,OK,18.33,0.00,0.00,0.00,,ensemble
1360467,2026-06-02 17:08:32.829662+02,2026-06-02 17:09:00+02,15.05,8.13,4.71,9.90,0.56,0.00,4.37,OK,11.83,0.00,0.00,0.00,,ensemble
1360426,2026-06-02 15:05:01.56527+02,2026-06-02 15:06:00+02,11.57,11.12,2.40,8.70,0.00,0.00,10.22,OK,23.16,0.00,0.00,0.00,,ensemble
1360462,2026-06-02 16:53:48.645608+02,2026-06-02 16:54:00+02,15.75,9.45,9.07,11.90,0.00,0.00,8.91,OK,19.85,0.00,0.00,0.00,,ensemble
1426696,2026-06-03 08:45:54.609797+02,2026-06-03 08:45:00+02,40.06,12.78,12.78,23.70,0.00,0.00,22.72,OK,28.23,0.00,0.00,0.00,,ensemble
1360461,2026-06-02 16:50:07.051077+02,2026-06-02 16:51:00+02,16.22,8.83,4.73,10.60,0.00,0.00,7.99,OK,20.75,0.00,0.00,0.00,,ensemble
1426698,2026-06-03 08:51:45.192394+02,2026-06-03 08:51:00+02,5.58,8.31,6.62,6.70,0.00,0.00,1.64,OK,10.76,0.00,0.00,0.00,,ensemble
1360460,2026-06-02 16:47:58.22558+02,2026-06-02 16:48:00+02,16.19,9.08,5.35,10.80,0.00,0.00,6.46,OK,19.17,0.00,0.00,0.00,,ensemble
1426701,2026-06-03 09:01:11.008743+02,2026-06-03 09:00:00+02,5.85,10.30,6.61,7.40,0.00,0.00,1.40,OK,5.49,0.00,0.00,0.00,,ensemble
1426730,2026-06-03 10:27:28.200562+02,2026-06-03 10:27:00+02,14.51,3.76,4.58,8.30,0.00,0.00,2.63,OK,10.01,0.00,0.00,0.00,,ensemble
1426729,2026-06-03 10:25:14.333746+02,2026-06-03 10:24:00+02,16.75,3.76,8.33,10.30,0.00,0.00,5.46,OK,16.82,0.00,0.00,0.00,,ensemble
1426856,2026-06-03 16:42:33.750607+02,2026-06-03 16:45:00+02,18.91,10.55,11.69,14.20,0.00,0.00,15.28,OK,30.13,0.00,0.00,0.00,,ensemble
1360495,2026-06-02 18:31:17.806234+02,2026-06-02 18:33:00+02,8.00,25.91,26.14,18.80,0.00,0.00,16.28,OK,27.16,0.00,0.00,0.00,,ensemble
1360493,2026-06-02 18:23:52.465717+02,2026-06-02 18:27:00+02,8.73,27.97,19.59,17.80,0.00,0.00,14.93,OK,24.79,0.00,0.00,0.00,,ensemble
1360424,2026-06-02 15:00:04.344561+02,2026-06-02 15:00:00+02,11.28,10.27,10.66,10.80,0.00,0.00,15.29,OK,27.22,0.00,0.00,0.00,,ensemble
1360470,2026-06-02 17:18:16.447211+02,2026-06-02 17:18:00+02,14.53,11.62,12.00,12.90,0.00,0.00,7.26,OK,23.24,0.00,0.00,0.00,,ensemble
1426702,2026-06-03 09:03:39.609924+02,2026-06-03 09:03:00+02,5.96,8.91,5.45,6.70,0.00,0.00,1.28,OK,7.16,0.00,0.00,0.00,,ensemble
1426703,2026-06-03 09:03:39.609924+02,2026-06-03 09:06:00+02,6.07,11.14,5.85,7.50,0.00,0.00,3.32,OK,8.97,0.00,0.00,0.00,,ensemble
1360425,2026-06-02 15:00:04.344561+02,2026-06-02 15:03:00+02,11.42,10.24,10.35,10.70,0.00,0.00,19.32,OK,29.09,0.00,0.00,0.00,,ensemble
1360418,2026-06-02 14:41:57.964228+02,2026-06-02 14:42:00+02,9.47,5.50,3.17,6.40,0.00,0.00,4.80,OK,16.78,0.00,0.00,0.00,,ensemble
1360417,2026-06-02 14:37:08.836268+02,2026-06-02 14:39:00+02,10.37,6.59,1.63,6.60,0.00,0.00,6.54,OK,18.85,0.00,0.00,0.00,,ensemble
1426918,2026-06-03 19:50:46.339238+02,2026-06-03 19:51:00+02,6.82,15.48,8.63,10.00,0.00,0.00,3.50,OK,,0.00,0.00,0.00,,ensemble
1426914,2026-06-03 19:38:33.327752+02,2026-06-03 19:39:00+02,7.02,10.35,8.86,8.60,0.00,0.00,0.35,OK,1.21,0.00,0.00,0.00,,ensemble
1426732,2026-06-03 10:33:31.559816+02,2026-06-03 10:33:00+02,13.99,3.76,4.02,7.90,0.00,0.00,3.25,OK,9.51,0.00,0.00,0.00,,ensemble
1360357,2026-06-02 11:41:14.827071+02,2026-06-02 11:39:00+02,15.61,13.58,8.53,12.90,0.00,0.00,18.28,OK,26.66,0.00,0.00,0.00,,ensemble
1360359,2026-06-02 11:46:05.331356+02,2026-06-02 11:45:00+02,15.35,11.11,4.96,11.00,0.00,0.00,12.20,OK,27.40,0.00,0.00,0.00,,ensemble
1360361,2026-06-02 11:51:51.409144+02,2026-06-02 11:51:00+02,10.01,13.67,7.07,10.20,0.00,0.00,10.88,OK,29.36,0.00,0.00,0.00,,ensemble
1257532,2026-06-01 19:46:39.726231+02,2026-06-01 19:51:00+02,11.49,9.53,0.00,7.50,0.00,0.00,8.57,OK,,0.00,0.00,0.00,,ensemble
1360401,2026-06-02 13:50:40.174211+02,2026-06-02 13:51:00+02,9.24,7.74,3.27,7.00,0.00,0.00,6.86,OK,23.22,0.00,0.00,0.00,,ensemble
1257528,2026-06-01 19:36:06.813876+02,2026-06-01 19:39:00+02,12.51,19.78,7.20,13.10,0.00,0.00,15.14,OK,25.50,0.00,0.00,0.00,,ensemble
1257537,2026-06-01 20:03:12.316601+02,2026-06-01 20:06:00+02,11.03,12.62,14.49,12.50,0.00,0.00,,OK,,0.00,0.00,0.00,,ensemble
1360402,2026-06-02 13:50:40.174211+02,2026-06-02 13:54:00+02,9.32,8.06,3.33,7.10,0.00,0.00,8.91,OK,23.72,0.00,0.00,0.00,,ensemble
1360372,2026-06-02 12:25:46.493562+02,2026-06-02 12:24:00+02,11.88,16.33,5.90,11.40,0.00,0.00,13.82,OK,30.77,0.00,0.00,0.00,,ensemble
1257535,2026-06-01 19:57:33.879927+02,2026-06-01 20:00:00+02,11.61,12.12,10.17,11.30,0.00,0.00,,OK,,0.00,0.00,0.00,,ensemble
1360373,2026-06-02 12:25:46.493562+02,2026-06-02 12:27:00+02,11.86,15.24,5.90,11.10,0.00,0.00,20.15,OK,27.92,0.00,0.00,0.00,,ensemble
1426704,2026-06-03 09:10:54.236565+02,2026-06-03 09:09:00+02,5.02,10.02,6.79,7.00,0.00,0.00,1.54,OK,7.40,0.00,0.00,0.00,,ensemble
1257541,2026-06-01 20:16:48.597319+02,2026-06-01 20:18:00+02,15.63,11.42,2.51,10.40,0.00,,,OK,,0.00,0.00,0.00,,ensemble
1360400,2026-06-02 13:45:04.13858+02,2026-06-02 13:48:00+02,9.15,7.01,4.87,7.20,0.00,0.00,8.42,OK,24.56,0.00,0.00,0.00,,ensemble
1360408,2026-06-02 14:10:37.728358+02,2026-06-02 14:12:00+02,8.21,8.93,2.18,6.60,0.00,0.00,4.36,OK,14.64,0.00,0.00,0.00,,ensemble
1257533,2026-06-01 19:52:10.358984+02,2026-06-01 19:54:00+02,11.54,12.18,10.48,11.40,0.00,0.00,12.03,OK,,0.00,0.00,0.00,,ensemble
1426708,2026-06-03 09:22:56.326548+02,2026-06-03 09:21:00+02,8.21,7.91,11.32,9.00,0.00,0.00,4.10,OK,17.06,0.00,0.00,0.00,,ensemble
1426709,2026-06-03 09:22:56.326548+02,2026-06-03 09:24:00+02,8.33,9.65,11.30,9.60,0.00,0.00,6.67,OK,17.04,0.00,0.00,0.00,,ensemble
1257529,2026-06-01 19:41:13.031041+02,2026-06-01 19:42:00+02,12.58,11.60,6.52,10.50,0.00,0.00,8.54,OK,21.52,0.00,0.00,0.00,,ensemble
1257530,2026-06-01 19:41:13.031041+02,2026-06-01 19:45:00+02,12.64,11.45,2.67,9.30,0.00,0.00,10.92,OK,,0.00,0.00,0.00,,ensemble
1360369,2026-06-02 12:16:42.946788+02,2026-06-02 12:15:00+02,12.00,12.73,13.83,12.80,0.00,0.00,13.86,OK,38.20,0.00,0.00,0.00,,ensemble
1360370,2026-06-02 12:16:42.946788+02,2026-06-02 12:18:00+02,11.95,12.44,13.31,12.50,0.00,0.00,19.59,OK,37.03,0.00,0.00,0.00,,ensemble
1360368,2026-06-02 12:13:35.287501+02,2026-06-02 12:12:00+02,12.06,14.25,10.25,12.20,0.00,0.00,14.53,OK,30.91,0.00,0.00,0.00,,ensemble
1257527,2026-06-01 19:35:45.067524+02,2026-06-01 19:36:00+02,12.45,19.78,7.12,13.10,0.00,0.00,15.35,OK,29.52,0.00,0.00,0.00,,ensemble
1257542,2026-06-01 20:19:44.815818+02,2026-06-01 20:21:00+02,10.58,6.85,0.74,6.50,0.00,,,OK,,0.00,0.00,0.00,,ensemble
1426710,2026-06-03 09:29:07.695374+02,2026-06-03 09:27:00+02,8.44,6.32,6.80,7.30,0.00,0.00,1.43,OK,6.93,0.00,0.00,0.00,,ensemble
1257543,2026-06-01 20:22:18.059064+02,2026-06-01 20:24:00+02,10.54,6.85,0.82,6.50,0.00,,,OK,,0.00,0.00,0.00,,ensemble
1426705,2026-06-03 09:14:04.874558+02,2026-06-03 09:12:00+02,7.82,9.98,6.62,8.10,0.00,0.00,2.58,OK,10.34,0.00,0.00,0.00,,ensemble
1360360,2026-06-02 11:48:34.484559+02,2026-06-02 11:48:00+02,15.24,12.88,5.47,11.60,0.00,0.00,13.09,OK,26.01,0.00,0.00,0.00,,ensemble
1257534,2026-06-01 19:52:10.358984+02,2026-06-01 19:57:00+02,11.57,12.24,7.91,10.70,0.00,0.00,14.89,OK,,0.00,0.00,0.00,,ensemble
1360358,2026-06-02 11:43:04.830862+02,2026-06-02 11:42:00+02,15.47,10.92,10.17,12.50,0.00,0.00,16.05,OK,25.40,0.00,0.00,0.00,,ensemble
1257544,2026-06-01 20:24:59.38233+02,2026-06-01 20:27:00+02,10.50,3.55,0.41,5.40,0.00,,,OK,,0.00,0.00,0.00,,ensemble
1257538,2026-06-01 20:08:41.533968+02,2026-06-01 20:09:00+02,11.03,13.34,9.86,11.40,0.00,0.00,,OK,,0.00,0.00,0.00,,ensemble
1257539,2026-06-01 20:08:41.533968+02,2026-06-01 20:12:00+02,11.03,13.13,6.96,10.40,0.00,0.00,,OK,,0.00,0.00,0.00,,ensemble
1360374,2026-06-02 12:31:19.023051+02,2026-06-02 12:30:00+02,11.61,8.72,5.49,8.90,0.00,0.00,14.08,OK,28.56,0.00,0.00,0.00,,ensemble
1426706,2026-06-03 09:14:04.874558+02,2026-06-03 09:15:00+02,7.95,9.45,6.44,7.90,0.00,0.00,3.53,OK,11.19,0.00,0.00,0.00,,ensemble
1257536,2026-06-01 20:02:53.32044+02,2026-06-01 20:03:00+02,11.01,12.62,13.30,12.20,0.00,0.00,,OK,,0.00,0.00,0.00,,ensemble
1360371,2026-06-02 12:21:22.410967+02,2026-06-02 12:21:00+02,11.92,15.61,5.78,11.20,0.00,0.00,11.24,OK,38.45,0.00,0.00,0.00,,ensemble
1360409,2026-06-02 14:13:54.808023+02,2026-06-02 14:15:00+02,9.79,11.73,3.67,8.50,0.00,0.00,7.45,OK,26.89,0.00,0.00,0.00,,ensemble
1360410,2026-06-02 14:13:54.808023+02,2026-06-02 14:18:00+02,9.90,11.68,2.73,8.30,0.00,0.00,10.37,OK,26.12,0.00,0.00,0.00,,ensemble
1426711,2026-06-03 09:32:46.334154+02,2026-06-03 09:30:00+02,10.29,3.76,13.39,9.30,0.76,0.00,4.80,OK,14.37,0.00,0.00,0.00,,ensemble
1360367,2026-06-02 12:11:04.847615+02,2026-06-02 12:09:00+02,8.35,14.24,18.27,13.10,0.00,0.00,15.35,OK,28.39,0.00,0.00,0.00,,ensemble
1426712,2026-06-03 09:32:46.334154+02,2026-06-03 09:33:00+02,10.40,4.62,14.69,10.00,0.00,0.00,8.05,OK,16.18,0.00,0.00,0.00,,ensemble
1360407,2026-06-02 14:08:12.550727+02,2026-06-02 14:09:00+02,9.48,6.75,6.89,7.90,0.00,0.00,7.09,OK,24.67,0.00,0.00,0.00,,ensemble
1360362,2026-06-02 11:54:36.416788+02,2026-06-02 11:54:00+02,13.78,14.19,2.85,10.60,0.00,0.00,11.45,OK,24.55,0.00,0.00,0.00,,ensemble
1426707,2026-06-03 09:20:23.259132+02,2026-06-03 09:18:00+02,8.08,8.67,8.46,8.40,0.00,0.00,2.51,OK,12.12,0.00,0.00,0.00,,ensemble
1360501,2026-06-02 18:51:31.419304+02,2026-06-02 18:51:00+02,8.76,17.75,15.45,13.50,0.00,0.00,9.74,OK,15.18,0.00,0.00,0.00,,ensemble
1426718,2026-06-03 09:52:08.771992+02,2026-06-03 09:51:00+02,12.44,3.76,2.63,6.90,0.00,0.00,0.78,OK,4.98,0.00,0.00,0.00,,ensemble
1360520,2026-06-02 19:48:09.091795+02,2026-06-02 19:48:00+02,10.23,17.76,7.18,11.60,0.00,0.00,5.14,OK,,0.00,0.00,0.00,,ensemble
1360531,2026-06-02 20:18:22.34425+02,2026-06-02 20:21:00+02,12.22,16.20,9.24,12.50,0.00,,,OK,,0.00,0.00,0.00,,ensemble
1360532,2026-06-02 20:18:22.34425+02,2026-06-02 20:24:00+02,12.14,15.75,5.80,11.30,0.00,,,OK,,0.00,0.00,0.00,,ensemble
1360518,2026-06-02 19:41:51.321314+02,2026-06-02 19:42:00+02,10.21,12.20,10.48,10.90,0.00,0.00,4.30,OK,7.07,0.00,0.00,0.00,,ensemble
1426720,2026-06-03 09:57:38.526639+02,2026-06-03 09:57:00+02,12.40,3.76,9.55,9.00,0.00,0.00,3.84,OK,12.56,0.00,0.00,0.00,,ensemble
1360517,2026-06-02 19:38:32.160043+02,2026-06-02 19:39:00+02,9.79,11.92,10.26,10.60,0.00,0.00,4.58,OK,7.04,0.00,0.00,0.00,,ensemble
1360519,2026-06-02 19:45:08.362277+02,2026-06-02 19:45:00+02,10.22,18.09,12.91,13.40,0.00,0.00,6.95,OK,,0.00,0.00,0.00,,ensemble
1360516,2026-06-02 19:36:16.915252+02,2026-06-02 19:36:00+02,9.76,13.84,4.51,9.40,0.23,0.00,3.81,OK,8.71,0.00,0.00,0.00,,ensemble
1426721,2026-06-03 10:00:17.173842+02,2026-06-03 10:00:00+02,12.34,3.76,2.96,7.00,0.00,0.00,0.28,OK,2.07,0.00,0.00,0.00,,ensemble
1426862,2026-06-03 17:03:30.652647+02,2026-06-03 17:03:00+02,19.66,10.24,9.37,13.70,0.00,0.00,9.60,OK,22.63,0.00,0.00,0.00,,ensemble
1360515,2026-06-02 19:31:53.23705+02,2026-06-02 19:33:00+02,9.73,22.01,5.52,12.10,0.00,0.00,7.84,OK,13.98,0.00,0.00,0.00,,ensemble
1426861,2026-06-03 17:00:21.41068+02,2026-06-03 17:00:00+02,19.70,10.27,10.83,14.20,0.00,0.00,12.00,OK,25.02,0.00,0.00,0.00,,ensemble
1360522,2026-06-02 19:53:42.839937+02,2026-06-02 19:54:00+02,10.22,15.69,17.46,14.00,0.00,0.00,8.16,OK,,0.00,0.00,0.00,,ensemble
1360514,2026-06-02 19:29:26.298528+02,2026-06-02 19:30:00+02,9.70,20.60,13.82,14.20,0.20,0.00,11.60,OK,15.33,0.00,0.00,0.00,,ensemble
1360491,2026-06-02 18:19:45.659438+02,2026-06-02 18:21:00+02,9.53,19.58,5.52,11.30,0.00,0.00,2.82,OK,7.73,0.00,0.00,0.00,,ensemble
1360492,2026-06-02 18:23:52.465717+02,2026-06-02 18:24:00+02,9.12,27.93,21.54,18.50,0.00,0.00,12.26,OK,25.13,0.00,0.00,0.00,,ensemble
1360533,2026-06-02 20:25:02.789889+02,2026-06-02 20:27:00+02,12.05,11.73,2.04,8.90,0.00,,,OK,,0.00,0.00,0.00,,ensemble
1360528,2026-06-02 20:11:44.412406+02,2026-06-02 20:12:00+02,10.82,17.31,8.99,12.20,0.00,0.00,,OK,,0.00,0.00,0.00,,ensemble
1360524,2026-06-02 19:59:43.847272+02,2026-06-02 20:00:00+02,10.98,12.53,13.25,12.10,0.00,0.00,,OK,,0.00,0.00,0.00,,ensemble
1426860,2026-06-03 16:55:03.241153+02,2026-06-03 16:57:00+02,19.72,12.65,13.85,15.80,0.00,0.00,16.75,OK,25.00,0.00,0.00,0.00,,ensemble
1360526,2026-06-02 20:05:37.865307+02,2026-06-02 20:06:00+02,10.91,14.32,13.72,12.80,0.00,0.00,,OK,,0.00,0.00,0.00,,ensemble
1360525,2026-06-02 19:59:43.847272+02,2026-06-02 20:03:00+02,10.95,12.48,13.05,12.00,0.00,0.00,,OK,,0.00,0.00,0.00,,ensemble
1426724,2026-06-03 10:10:39.452389+02,2026-06-03 10:09:00+02,13.81,3.76,5.70,8.40,0.00,0.00,2.50,OK,10.18,0.00,0.00,0.00,,ensemble
1360529,2026-06-02 20:13:04.850901+02,2026-06-02 20:15:00+02,19.55,15.91,1.35,13.00,0.00,,,OK,,0.00,0.00,0.00,,ensemble
1360513,2026-06-02 19:25:43.91745+02,2026-06-02 19:27:00+02,9.69,20.35,7.16,12.10,0.00,0.00,4.65,OK,11.66,0.00,0.00,0.00,,ensemble
1426723,2026-06-03 10:06:35.388184+02,2026-06-03 10:06:00+02,14.37,3.76,4.64,8.30,0.00,0.00,2.96,OK,10.23,0.00,0.00,0.00,,ensemble
1426722,2026-06-03 10:03:33.320169+02,2026-06-03 10:03:00+02,12.26,3.76,2.49,6.80,0.00,0.00,0.18,OK,1.91,0.00,0.00,0.00,,ensemble
1426719,2026-06-03 09:55:13.416933+02,2026-06-03 09:54:00+02,12.43,3.76,6.47,8.00,0.00,0.00,2.74,OK,9.82,0.00,0.00,0.00,,ensemble
1360512,2026-06-02 19:24:15.724899+02,2026-06-02 19:24:00+02,21.72,20.79,16.68,19.90,0.00,0.00,14.82,OK,26.73,0.00,0.00,0.00,,ensemble
1360530,2026-06-02 20:17:11.915948+02,2026-06-02 20:18:00+02,12.30,16.20,4.53,11.10,0.00,,,OK,,0.00,0.00,0.00,,ensemble
1360511,2026-06-02 19:20:19.050913+02,2026-06-02 19:21:00+02,8.70,19.41,15.22,13.90,0.00,0.00,5.79,OK,14.65,0.00,0.00,0.00,,ensemble
1360523,2026-06-02 19:57:04.554775+02,2026-06-02 19:57:00+02,19.71,15.01,8.73,15.00,0.00,0.00,9.49,OK,,0.00,0.00,0.00,,ensemble
1360509,2026-06-02 19:13:30.702841+02,2026-06-02 19:15:00+02,8.75,25.76,6.54,13.20,0.00,0.00,5.16,OK,16.58,0.00,0.00,0.00,,ensemble
1360527,2026-06-02 20:08:37.718612+02,2026-06-02 20:09:00+02,10.87,13.20,11.70,11.80,0.00,0.00,,OK,,0.00,0.00,0.00,,ensemble
1360510,2026-06-02 19:18:18.801658+02,2026-06-02 19:18:00+02,8.71,20.30,17.00,14.70,0.00,0.00,6.43,OK,16.90,0.00,0.00,0.00,,ensemble
1426864,2026-06-03 17:18:25.335123+02,2026-06-03 17:09:00+02,18.82,10.38,8.88,13.30,0.00,0.00,9.26,OK,19.10,0.00,0.00,0.00,,ensemble
1360503,2026-06-02 18:56:52.708596+02,2026-06-02 18:57:00+02,8.37,19.39,15.84,13.90,0.00,0.00,8.36,OK,14.01,0.00,0.00,0.00,,ensemble
1426865,2026-06-03 17:18:25.335123+02,2026-06-03 17:12:00+02,18.69,10.57,7.66,12.90,0.00,0.00,10.11,OK,24.71,0.00,0.00,0.00,,ensemble
1360521,2026-06-02 19:51:10.630921+02,2026-06-02 19:51:00+02,10.23,15.02,12.10,12.20,0.00,0.00,7.37,OK,,0.00,0.00,0.00,,ensemble
1426866,2026-06-03 17:19:06.379063+02,2026-06-03 17:15:00+02,18.95,11.93,5.64,12.90,0.00,0.00,6.32,OK,10.85,0.00,0.00,0.00,,ensemble
1426725,2026-06-03 10:12:46.321412+02,2026-06-03 10:12:00+02,13.66,3.76,2.32,7.30,0.00,0.00,0.73,OK,4.23,0.00,0.00,0.00,,ensemble
1426863,2026-06-03 17:17:15.704674+02,2026-06-03 17:06:00+02,19.02,12.78,14.14,15.70,0.00,0.00,15.93,OK,26.57,0.00,0.00,0.00,,ensemble
1426909,2026-06-03 19:22:53.49598+02,2026-06-03 19:24:00+02,6.30,14.77,4.73,8.40,0.00,0.00,0.00,OK,0.00,0.00,0.00,0.00,,ensemble
1426905,2026-06-03 19:10:57.391547+02,2026-06-03 19:12:00+02,6.52,15.17,2.15,7.80,0.00,0.00,0.71,OK,0.00,0.00,0.00,0.00,,ensemble
1426899,2026-06-03 18:53:49.64398+02,2026-06-03 18:54:00+02,7.22,17.06,8.83,10.70,0.00,0.00,3.67,OK,7.61,0.00,0.00,0.00,,ensemble
1426908,2026-06-03 19:21:07.904101+02,2026-06-03 19:21:00+02,6.35,17.34,7.85,10.10,0.00,0.00,0.75,OK,0.01,0.00,0.00,0.00,,ensemble
1426900,2026-06-03 18:53:49.64398+02,2026-06-03 18:57:00+02,7.06,15.62,5.87,9.30,0.00,0.00,4.72,OK,6.07,0.00,0.00,0.00,,ensemble
1426915,2026-06-03 19:40:18.767826+02,2026-06-03 19:42:00+02,4.62,10.08,4.82,6.30,0.00,0.00,0.00,OK,0.00,0.00,0.00,0.00,,ensemble
1426912,2026-06-03 19:33:06.936934+02,2026-06-03 19:33:00+02,7.10,9.46,2.30,6.40,0.00,0.00,0.00,OK,0.45,0.00,0.00,0.00,,ensemble
1426872,2026-06-03 17:32:47.279476+02,2026-06-03 17:33:00+02,18.18,10.94,6.53,12.50,0.00,0.00,4.05,OK,19.53,0.00,0.00,0.00,,ensemble
1426907,2026-06-03 19:16:34.147623+02,2026-06-03 19:18:00+02,6.39,15.85,2.19,8.00,0.00,0.00,0.00,OK,0.00,0.00,0.00,0.00,,ensemble
1426913,2026-06-03 19:33:51.702851+02,2026-06-03 19:36:00+02,7.06,8.23,0.92,5.60,0.00,0.00,0.00,OK,0.00,0.00,0.00,0.00,,ensemble
1426910,2026-06-03 19:25:54.094808+02,2026-06-03 19:27:00+02,7.18,14.78,2.35,8.00,0.00,0.00,0.13,OK,0.07,0.00,0.00,0.00,,ensemble
1426916,2026-06-03 19:44:57.710695+02,2026-06-03 19:45:00+02,7.01,13.03,9.92,9.70,0.00,0.00,2.60,OK,,0.00,0.00,0.00,,ensemble
1426917,2026-06-03 19:44:57.710695+02,2026-06-03 19:48:00+02,6.92,13.08,6.74,8.70,0.00,0.00,4.18,OK,,0.00,0.00,0.00,,ensemble
1426903,2026-06-03 19:05:33.273122+02,2026-06-03 19:06:00+02,6.69,11.08,6.77,8.00,0.00,0.00,2.89,OK,0.00,0.00,0.00,0.00,,ensemble
1426920,2026-06-03 19:56:23.929342+02,2026-06-03 19:57:00+02,7.19,9.45,5.42,7.30,0.00,0.00,0.31,OK,,0.00,0.00,0.00,,ensemble
1426911,2026-06-03 19:28:04.147342+02,2026-06-03 19:30:00+02,7.14,14.92,10.72,10.50,0.00,0.00,1.86,OK,2.37,0.00,0.00,0.00,,ensemble
1426906,2026-06-03 19:14:57.087899+02,2026-06-03 19:15:00+02,6.45,15.43,13.00,11.10,0.00,0.00,3.18,OK,1.39,0.00,0.00,0.00,,ensemble
1426904,2026-06-03 19:09:06.374055+02,2026-06-03 19:09:00+02,6.59,14.90,14.26,11.40,0.00,0.00,6.18,OK,4.61,0.00,0.00,0.00,,ensemble
1426901,2026-06-03 18:59:36.906863+02,2026-06-03 19:00:00+02,6.91,14.73,5.79,8.90,0.00,0.00,4.04,OK,2.81,0.00,0.00,0.00,,ensemble
1426902,2026-06-03 18:59:36.906863+02,2026-06-03 19:03:00+02,6.79,14.60,3.50,8.10,0.00,0.00,4.08,OK,1.68,0.00,0.00,0.00,,ensemble
1426770,2026-06-03 12:27:37.922426+02,2026-06-03 12:27:00+02,8.48,11.78,2.36,7.60,0.00,0.00,1.35,OK,5.92,0.00,0.00,0.00,,ensemble
1426771,2026-06-03 12:31:39.602921+02,2026-06-03 12:30:00+02,8.51,12.20,12.86,10.90,0.00,0.00,7.66,OK,18.49,0.00,0.00,0.00,,ensemble
1426772,2026-06-03 12:35:10.931063+02,2026-06-03 12:33:00+02,8.54,12.39,14.15,11.40,0.00,0.00,11.14,OK,19.65,0.00,0.00,0.00,,ensemble
1426773,2026-06-03 12:37:09.239635+02,2026-06-03 12:36:00+02,8.99,13.13,7.36,9.70,0.00,0.00,9.46,OK,18.15,0.00,0.00,0.00,,ensemble
1426768,2026-06-03 12:19:43.854314+02,2026-06-03 12:21:00+02,8.43,11.76,11.37,10.30,0.00,0.00,6.36,OK,25.33,0.21,0.00,0.00,,ensemble
1426769,2026-06-03 12:23:20.639785+02,2026-06-03 12:24:00+02,8.46,15.08,5.77,9.60,0.00,0.00,4.31,OK,15.56,0.00,0.00,0.00,,ensemble
1426764,2026-06-03 12:09:01.90509+02,2026-06-03 12:09:00+02,8.84,18.19,5.26,10.60,0.00,0.00,5.51,OK,14.01,0.00,0.00,0.00,,ensemble
1426762,2026-06-03 12:02:15.778077+02,2026-06-03 12:03:00+02,8.86,12.13,11.55,10.60,0.00,0.00,5.46,OK,13.27,0.00,0.00,0.00,,ensemble
1426756,2026-06-03 11:45:38.598119+02,2026-06-03 11:45:00+02,9.11,12.60,10.04,10.40,0.00,0.00,5.48,OK,15.57,0.00,0.00,0.00,,ensemble
1426757,2026-06-03 11:45:38.598119+02,2026-06-03 11:48:00+02,9.02,12.80,10.30,10.50,0.00,0.00,7.34,OK,16.73,0.00,0.00,0.00,,ensemble
1426766,2026-06-03 12:15:53.504931+02,2026-06-03 12:15:00+02,6.09,8.48,3.35,6.00,0.00,0.00,0.00,OK,0.50,0.00,0.00,0.00,,ensemble
1426755,2026-06-03 11:43:52.466196+02,2026-06-03 11:42:00+02,9.22,13.05,12.34,11.30,0.00,0.00,7.00,OK,16.91,0.00,0.00,0.00,,ensemble
1426874,2026-06-03 17:38:21.910172+02,2026-06-03 17:39:00+02,16.84,8.79,4.82,10.80,0.00,0.00,3.03,OK,11.17,0.00,0.00,0.00,,ensemble
1426754,2026-06-03 11:39:54.541549+02,2026-06-03 11:39:00+02,8.57,13.15,8.24,9.80,0.00,0.00,6.10,OK,11.27,0.00,0.00,0.00,,ensemble
1426753,2026-06-03 11:35:33.768733+02,2026-06-03 11:36:00+02,9.49,22.85,15.31,15.20,0.08,0.00,15.81,OK,28.31,0.00,0.00,0.00,,ensemble
1426752,2026-06-03 11:33:29.302076+02,2026-06-03 11:33:00+02,9.65,20.50,2.37,10.70,0.00,0.00,8.58,OK,12.28,0.00,0.00,0.00,,ensemble
1426763,2026-06-03 12:06:19.494305+02,2026-06-03 12:06:00+02,8.84,11.72,5.15,8.60,0.00,0.00,4.16,OK,8.96,0.00,0.00,0.00,,ensemble
1426896,2026-06-03 18:42:12.234791+02,2026-06-03 18:45:00+02,6.91,17.27,18.50,13.50,0.00,0.00,7.74,OK,18.70,0.00,0.00,0.00,,ensemble
1426765,2026-06-03 12:10:33.140006+02,2026-06-03 12:12:00+02,8.84,18.19,11.00,12.30,0.00,0.00,6.98,OK,18.62,0.00,0.00,0.00,,ensemble
1426742,2026-06-03 11:03:38.340474+02,2026-06-03 11:03:00+02,12.30,19.06,8.30,13.10,0.00,0.00,8.50,OK,18.76,0.00,0.00,0.00,,ensemble
1426897,2026-06-03 18:47:57.331714+02,2026-06-03 18:48:00+02,6.69,21.28,12.77,12.90,0.00,0.00,9.84,OK,15.22,0.00,0.00,0.00,,ensemble
1426743,2026-06-03 11:05:03.305827+02,2026-06-03 11:06:00+02,12.01,16.83,3.24,10.80,0.00,0.00,5.94,OK,10.55,0.00,0.00,0.00,,ensemble
1426741,2026-06-03 11:01:18.11508+02,2026-06-03 11:00:00+02,12.31,13.10,6.88,10.90,0.00,0.00,5.69,OK,12.28,0.00,0.00,0.00,,ensemble
1426760,2026-06-03 11:58:20.103102+02,2026-06-03 11:57:00+02,8.92,12.03,4.65,8.60,0.00,0.00,2.95,OK,9.02,0.00,0.00,0.00,,ensemble
1426898,2026-06-03 18:49:53.986868+02,2026-06-03 18:51:00+02,6.49,17.06,12.60,11.50,0.00,0.00,5.41,OK,12.54,0.00,0.00,0.00,,ensemble
1426740,2026-06-03 10:57:38.196295+02,2026-06-03 10:57:00+02,12.04,12.75,4.30,9.90,0.00,0.00,4.23,OK,11.04,0.00,0.00,0.00,,ensemble
1426739,2026-06-03 10:56:21.995137+02,2026-06-03 10:54:00+02,12.35,12.91,8.39,11.30,0.00,0.00,6.08,OK,15.33,0.00,0.00,0.00,,ensemble
1426761,2026-06-03 12:02:07.264005+02,2026-06-03 12:00:00+02,8.88,12.13,11.60,10.70,0.00,0.00,5.77,OK,12.85,0.00,0.00,0.00,,ensemble
1426737,2026-06-03 10:49:31.902294+02,2026-06-03 10:48:00+02,12.96,13.32,8.41,11.70,0.00,0.00,6.00,OK,15.56,0.00,0.00,0.00,,ensemble
1426873,2026-06-03 17:35:19.248542+02,2026-06-03 17:36:00+02,16.50,11.10,3.81,11.10,0.00,0.00,3.48,OK,9.41,0.00,0.00,0.00,,ensemble
1426759,2026-06-03 11:55:18.36982+02,2026-06-03 11:54:00+02,8.88,12.58,5.80,9.10,0.00,0.00,2.83,OK,6.85,0.00,0.00,0.00,,ensemble
1426791,2026-06-03 13:30:57.112233+02,2026-06-03 13:30:00+02,8.79,7.65,5.39,7.40,0.00,0.00,2.12,OK,7.52,0.00,0.00,0.00,,ensemble
1426695,2026-06-03 08:43:24.150794+02,2026-06-03 08:42:00+02,39.85,13.27,13.27,23.90,0.00,0.00,22.82,OK,27.05,0.00,0.00,0.00,,ensemble
1426693,2026-06-03 08:36:53.172988+02,2026-06-03 08:36:00+02,39.45,14.27,14.27,24.30,0.00,0.00,29.41,OK,31.15,0.00,0.00,0.00,,ensemble
1426694,2026-06-03 08:36:53.172988+02,2026-06-03 08:39:00+02,39.64,13.77,13.77,24.10,0.00,0.00,28.71,OK,26.46,0.00,0.00,0.00,,ensemble
1426792,2026-06-03 13:32:48.134323+02,2026-06-03 13:33:00+02,8.80,8.28,8.75,8.60,0.00,0.00,4.42,OK,10.73,0.00,0.00,0.00,,ensemble
1426796,2026-06-03 13:45:12.25495+02,2026-06-03 13:45:00+02,8.90,4.25,1.95,5.40,0.00,0.00,0.00,OK,0.95,0.00,0.00,0.00,,ensemble
1426797,2026-06-03 13:48:21.042486+02,2026-06-03 13:48:00+02,11.69,5.26,2.05,6.90,0.00,0.00,0.84,OK,3.35,0.00,0.00,0.00,,ensemble
1426783,2026-06-03 13:07:00.839109+02,2026-06-03 13:06:00+02,8.88,10.22,14.05,10.80,0.00,0.00,8.03,OK,16.69,0.00,0.00,0.00,,ensemble
1426798,2026-06-03 13:52:27.089002+02,2026-06-03 13:51:00+02,8.05,5.57,4.44,6.20,0.00,0.00,1.23,OK,5.60,0.00,0.00,0.00,,ensemble
1426781,2026-06-03 13:00:21.002022+02,2026-06-03 13:00:00+02,8.86,12.39,3.33,8.30,0.00,0.00,3.10,OK,7.45,0.00,0.00,0.00,,ensemble
1426782,2026-06-03 13:03:51.834603+02,2026-06-03 13:03:00+02,8.87,9.67,6.45,8.40,0.00,0.00,3.77,OK,10.63,0.00,0.00,0.00,,ensemble
1426793,2026-06-03 13:36:54.369893+02,2026-06-03 13:36:00+02,8.82,5.15,0.94,5.40,0.00,0.00,0.32,OK,1.46,0.00,0.00,0.00,,ensemble
1426784,2026-06-03 13:09:52.565285+02,2026-06-03 13:09:00+02,8.88,8.72,4.16,7.40,0.00,0.00,2.21,OK,7.99,0.00,0.00,0.00,,ensemble
1426692,2026-06-03 08:33:41.08114+02,2026-06-03 08:33:00+02,39.27,14.76,14.76,24.60,0.00,0.00,28.89,OK,27.77,0.00,0.00,0.00,,ensemble
1426794,2026-06-03 13:37:59.778774+02,2026-06-03 13:39:00+02,8.84,5.71,2.47,6.00,0.00,0.00,0.71,OK,2.02,0.00,0.00,0.00,,ensemble
1426795,2026-06-03 13:37:59.778774+02,2026-06-03 13:42:00+02,8.87,6.12,2.35,6.10,0.00,0.00,0.68,OK,2.29,0.00,0.00,0.00,,ensemble
1426832,2026-06-03 15:33:09.020625+02,2026-06-03 15:33:00+02,11.88,7.39,5.60,8.60,0.00,0.00,3.80,OK,11.64,0.00,0.00,0.00,,ensemble
1426831,2026-06-03 15:31:05.795901+02,2026-06-03 15:30:00+02,11.72,8.82,10.49,10.50,0.00,0.00,6.12,OK,18.37,0.00,0.00,0.00,,ensemble
1426841,2026-06-03 15:59:15.469542+02,2026-06-03 16:00:00+02,13.98,17.15,3.74,11.90,0.00,0.00,7.85,OK,16.38,0.00,0.00,0.00,,ensemble
1426852,2026-06-03 16:33:16.59978+02,2026-06-03 16:33:00+02,17.44,14.90,5.43,13.10,0.00,0.00,11.05,OK,24.44,0.00,0.00,0.00,,ensemble
1426853,2026-06-03 16:35:23.327013+02,2026-06-03 16:36:00+02,22.31,14.44,6.85,15.30,0.00,0.00,15.11,OK,33.71,0.00,0.00,0.00,,ensemble
1426847,2026-06-03 16:17:50.845188+02,2026-06-03 16:18:00+02,16.57,12.50,2.63,11.20,0.00,0.00,5.17,OK,20.78,0.00,0.00,0.00,,ensemble
1426836,2026-06-03 15:45:01.45656+02,2026-06-03 15:45:00+02,12.63,9.26,10.46,11.00,0.01,0.00,6.24,OK,21.93,0.00,0.00,0.00,,ensemble
1426834,2026-06-03 15:40:43.034936+02,2026-06-03 15:39:00+02,12.29,9.54,18.18,13.20,0.00,0.00,10.53,OK,22.56,0.00,0.00,0.00,,ensemble
1426833,2026-06-03 15:33:09.020625+02,2026-06-03 15:36:00+02,12.04,7.85,4.45,8.50,0.00,0.00,6.27,OK,16.09,0.00,0.00,0.00,,ensemble
1426838,2026-06-03 15:52:30.657791+02,2026-06-03 15:51:00+02,13.00,12.50,12.19,12.60,0.00,0.00,9.81,OK,24.50,0.00,0.00,0.00,,ensemble
1426848,2026-06-03 16:20:59.563784+02,2026-06-03 16:21:00+02,16.76,9.07,2.63,10.20,0.00,0.00,4.45,OK,19.51,0.00,0.00,0.00,,ensemble
1426835,2026-06-03 15:43:17.134182+02,2026-06-03 15:42:00+02,12.46,8.69,8.33,10.10,0.00,0.00,5.56,OK,15.01,0.00,0.00,0.00,,ensemble
1426839,2026-06-03 15:53:19.122013+02,2026-06-03 15:54:00+02,13.19,12.51,7.52,11.30,0.00,0.00,6.21,OK,17.12,0.00,0.00,0.00,,ensemble
1426837,2026-06-03 15:45:01.45656+02,2026-06-03 15:48:00+02,12.82,9.53,10.64,11.20,0.00,0.00,8.55,OK,22.06,0.00,0.00,0.00,,ensemble
1426849,2026-06-03 16:23:45.404542+02,2026-06-03 16:24:00+02,16.95,14.17,15.31,15.60,0.00,0.00,13.03,OK,28.32,0.00,0.00,0.00,,ensemble
1426850,2026-06-03 16:23:45.404542+02,2026-06-03 16:27:00+02,17.12,13.93,14.80,15.50,0.00,0.00,17.26,OK,27.17,0.00,0.00,0.00,,ensemble
1426851,2026-06-03 16:28:41.891249+02,2026-06-03 16:30:00+02,17.29,15.35,17.24,16.70,0.00,0.00,13.27,OK,27.78,0.00,0.00,0.00,,ensemble
1426840,2026-06-03 15:57:52.150188+02,2026-06-03 15:57:00+02,13.79,13.57,12.04,13.20,0.00,0.00,9.02,OK,23.58,0.00,0.00,0.00,,ensemble
1426880,2026-06-03 17:55:39.48485+02,2026-06-03 17:57:00+02,13.91,10.36,10.30,11.80,0.00,0.00,5.62,OK,10.49,0.00,0.00,0.00,,ensemble
1426881,2026-06-03 17:55:39.48485+02,2026-06-03 18:00:00+02,13.46,10.50,8.91,11.20,0.00,0.00,11.32,OK,11.10,0.00,0.00,0.00,,ensemble
1426892,2026-06-03 18:30:34.681553+02,2026-06-03 18:33:00+02,8.74,14.59,19.17,13.60,0.00,0.00,4.67,OK,15.45,0.00,0.00,0.00,,ensemble
1426878,2026-06-03 17:50:53.340371+02,2026-06-03 17:51:00+02,13.08,11.45,7.81,11.00,0.00,0.00,5.25,OK,15.29,0.00,0.00,0.00,,ensemble
1426884,2026-06-03 18:07:32.151142+02,2026-06-03 18:09:00+02,11.74,10.91,3.02,8.90,0.00,0.00,2.89,OK,0.61,0.00,0.00,0.00,,ensemble
1426885,2026-06-03 18:07:32.151142+02,2026-06-03 18:12:00+02,11.29,10.67,2.00,8.30,0.00,0.00,2.27,OK,0.76,0.00,0.00,0.00,,ensemble
1426889,2026-06-03 18:24:03.579539+02,2026-06-03 18:24:00+02,9.79,13.91,10.46,11.20,0.00,0.00,2.14,OK,2.15,0.00,0.00,0.00,,ensemble
1426879,2026-06-03 17:50:53.340371+02,2026-06-03 17:54:00+02,12.69,11.36,6.38,10.40,0.00,0.00,6.42,OK,13.52,0.00,0.00,0.00,,ensemble
1426883,2026-06-03 18:04:37.294195+02,2026-06-03 18:06:00+02,12.56,14.02,4.36,10.50,0.00,0.00,6.76,OK,4.45,0.00,0.00,0.00,,ensemble
1426877,2026-06-03 17:46:36.343332+02,2026-06-03 17:48:00+02,15.63,14.34,3.25,11.50,0.00,0.00,9.23,OK,19.95,0.00,0.00,0.00,,ensemble
1426876,2026-06-03 17:43:55.549167+02,2026-06-03 17:45:00+02,16.05,9.64,8.64,11.90,0.00,0.00,6.35,OK,20.67,0.00,0.00,0.00,,ensemble
1426886,2026-06-03 18:13:20.159411+02,2026-06-03 18:15:00+02,10.85,16.15,2.12,9.80,0.00,0.00,2.20,OK,1.75,0.00,0.00,0.00,,ensemble
1426887,2026-06-03 18:13:20.159411+02,2026-06-03 18:18:00+02,10.43,16.21,1.53,9.50,0.00,0.00,1.77,OK,1.07,0.00,0.00,0.00,,ensemble
1426893,2026-06-03 18:36:06.8438+02,2026-06-03 18:36:00+02,8.44,18.92,14.89,13.50,0.00,0.00,6.22,OK,9.87,0.00,0.00,0.00,,ensemble
1426890,2026-06-03 18:24:52.75588+02,2026-06-03 18:27:00+02,9.42,13.11,1.71,8.20,0.00,0.00,0.27,OK,0.07,0.00,0.00,0.00,,ensemble
1426894,2026-06-03 18:37:56.945972+02,2026-06-03 18:39:00+02,7.60,17.51,5.10,9.80,0.00,0.00,1.17,OK,3.03,0.00,0.00,0.00,,ensemble
1426895,2026-06-03 18:41:53.192771+02,2026-06-03 18:42:00+02,7.16,15.49,12.93,11.40,0.00,0.00,4.51,OK,6.00,0.00,0.00,0.00,,ensemble
1426891,2026-06-03 18:29:38.977972+02,2026-06-03 18:30:00+02,9.07,13.12,7.60,9.80,2.08,0.00,1.28,OK,1.02,0.00,0.00,0.00,,ensemble
1426882,2026-06-03 18:02:27.667035+02,2026-06-03 18:03:00+02,13.01,17.48,5.15,12.00,0.00,0.00,9.60,OK,9.46,0.00,0.00,0.00,,ensemble
1426875,2026-06-03 17:38:21.910172+02,2026-06-03 17:42:00+02,16.45,8.98,4.18,10.50,0.00,0.00,5.21,OK,13.46,0.00,0.00,0.00,,ensemble
1426888,2026-06-03 18:20:28.537479+02,2026-06-03 18:21:00+02,10.02,13.67,3.24,9.10,0.00,0.00,0.11,OK,0.14,0.00,0.00,0.00,,ensemble
1426927,2026-06-03 20:17:10.989744+02,2026-06-03 20:18:00+02,7.57,10.26,5.48,7.80,0.00,,,OK,,0.00,0.00,0.00,,ensemble
1426928,2026-06-03 20:18:20.289402+02,2026-06-03 20:21:00+02,7.38,10.84,6.93,8.30,0.00,,,OK,,0.00,0.00,0.00,,ensemble
1426924,2026-06-03 20:07:53.302846+02,2026-06-03 20:09:00+02,6.61,15.88,2.89,8.30,0.00,0.00,,OK,,0.00,0.00,0.00,,ensemble
1426921,2026-06-03 19:59:40.09353+02,2026-06-03 20:00:00+02,7.06,10.63,9.38,8.80,0.00,0.00,,OK,,0.00,0.00,0.00,,ensemble
1426929,2026-06-03 20:23:44.388802+02,2026-06-03 20:24:00+02,7.18,8.83,0.76,5.80,0.00,,,OK,,0.00,0.00,0.00,,ensemble
1426930,2026-06-03 20:26:59.110311+02,2026-06-03 20:27:00+02,6.99,8.83,0.71,5.70,0.00,,,OK,,0.00,0.00,0.00,,ensemble
1426922,2026-06-03 20:02:00.394832+02,2026-06-03 20:03:00+02,6.92,13.18,5.54,8.40,0.00,0.00,,OK,,0.00,0.00,0.00,,ensemble
1426925,2026-06-03 20:11:37.821816+02,2026-06-03 20:12:00+02,7.94,13.34,7.65,9.50,0.00,0.00,,OK,,0.00,0.00,0.00,,ensemble
1426923,2026-06-03 20:05:00.034025+02,2026-06-03 20:06:00+02,6.77,14.75,5.00,8.60,0.00,0.00,,OK,,0.00,0.00,0.00,,ensemble
1426926,2026-06-03 20:12:50.552456+02,2026-06-03 20:15:00+02,7.76,14.63,14.14,11.70,0.00,,,OK,,0.00,0.00,0.00,,ensemble
1490896,2026-06-04 12:54:11.082855+02,2026-06-04 12:57:00+02,7.03,11.55,10.76,9.50,0.00,0.00,5.66,OK,12.57,0.00,0.00,0.00,,ensemble
1490897,2026-06-04 13:00:10.61992+02,2026-06-04 13:00:00+02,7.03,9.51,3.32,6.70,0.00,0.00,0.51,OK,2.75,0.00,0.00,0.00,,ensemble
1490898,2026-06-04 13:03:14.227454+02,2026-06-04 13:03:00+02,9.30,7.92,6.85,8.20,0.00,0.00,3.52,OK,6.93,0.00,0.00,0.00,,ensemble
1490904,2026-06-04 13:19:08.609665+02,2026-06-04 13:21:00+02,10.44,9.93,2.29,7.80,0.00,0.00,0.16,OK,0.73,0.00,0.00,0.00,,ensemble
1490907,2026-06-04 13:30:23.745311+02,2026-06-04 13:30:00+02,6.90,5.92,4.60,5.90,0.00,0.00,0.00,OK,1.87,0.00,0.00,0.00,,ensemble
1490943,2026-06-04 15:18:55.871422+02,2026-06-04 15:18:00+02,12.25,16.46,5.30,11.40,0.00,0.00,2.87,OK,6.73,0.00,0.00,0.00,,ensemble
1490944,2026-06-04 15:20:26.169337+02,2026-06-04 15:21:00+02,12.36,12.55,5.51,10.40,0.00,0.00,1.64,OK,5.03,0.00,0.00,0.00,,ensemble
1490945,2026-06-04 15:20:26.169337+02,2026-06-04 15:24:00+02,12.47,11.82,4.31,9.80,0.00,0.00,1.96,OK,6.31,0.00,0.00,0.00,,ensemble
1490946,2026-06-04 15:20:26.169337+02,2026-06-04 15:27:00+02,12.58,11.62,4.43,9.80,0.00,0.00,3.67,OK,9.43,0.00,0.00,0.00,,ensemble
1490949,2026-06-04 15:32:47.630123+02,2026-06-04 15:36:00+02,13.29,11.80,1.74,9.40,0.00,0.00,1.74,OK,8.19,0.00,0.00,0.00,,ensemble
1490951,2026-06-04 15:42:11.139601+02,2026-06-04 15:42:00+02,13.54,6.11,3.36,8.30,0.00,0.00,1.31,OK,8.66,0.00,0.00,0.00,,ensemble
1490952,2026-06-04 15:42:11.139601+02,2026-06-04 15:45:00+02,13.67,6.54,3.88,8.60,0.00,0.00,2.65,OK,16.26,0.00,0.00,0.00,,ensemble
1490953,2026-06-04 15:42:11.139601+02,2026-06-04 15:48:00+02,13.81,7.35,3.60,8.80,0.00,0.00,5.30,OK,15.83,0.00,0.00,0.00,,ensemble
1490899,2026-06-04 13:06:01.54855+02,2026-06-04 13:06:00+02,6.98,8.00,12.81,9.00,0.00,0.00,5.93,OK,7.74,0.00,0.00,0.00,,ensemble
1490900,2026-06-04 13:06:01.54855+02,2026-06-04 13:09:00+02,6.97,8.53,13.21,9.30,0.00,0.00,6.38,OK,8.31,0.00,0.00,0.00,,ensemble
1490903,2026-06-04 13:17:59.453067+02,2026-06-04 13:18:00+02,6.97,9.85,7.36,7.90,0.00,0.00,0.12,OK,0.00,0.00,0.00,0.00,,ensemble
1490906,2026-06-04 13:24:06.650123+02,2026-06-04 13:27:00+02,6.88,7.35,1.57,5.40,0.00,0.00,0.00,OK,0.45,0.00,0.00,0.00,,ensemble
1490908,2026-06-04 13:32:08.225904+02,2026-06-04 13:33:00+02,6.93,7.30,1.91,5.50,0.00,0.00,0.00,OK,1.97,0.00,0.00,0.00,,ensemble
1490955,2026-06-04 15:53:54.767802+02,2026-06-04 15:54:00+02,13.30,6.20,1.83,7.70,0.00,0.00,1.44,OK,7.32,0.00,0.00,0.00,,ensemble
1570909,2026-06-05 08:30:25.495377+02,2026-06-05 08:30:00+02,23.81,12.61,9.28,16.10,0.00,0.00,12.29,OK,25.71,0.00,0.00,0.00,,ensemble
1570910,2026-06-05 08:32:25.127622+02,2026-06-05 08:33:00+02,23.90,11.50,9.17,15.80,0.00,0.00,11.80,OK,26.14,0.00,0.00,0.00,,ensemble
1570912,2026-06-05 08:39:14.662353+02,2026-06-05 08:39:00+02,24.13,10.23,8.38,15.20,0.00,0.00,11.61,OK,28.07,0.00,0.00,0.00,,ensemble
1570913,2026-06-05 08:42:20.400365+02,2026-06-05 08:42:00+02,4.11,11.44,7.77,7.40,0.00,0.00,0.49,OK,4.23,0.00,0.00,0.00,,ensemble
1490941,2026-06-04 15:13:24.628926+02,2026-06-04 15:12:00+02,13.90,10.46,5.62,10.40,0.00,0.00,3.77,OK,9.57,0.00,0.00,0.00,,ensemble
1490950,2026-06-04 15:40:03.190751+02,2026-06-04 15:39:00+02,13.41,8.23,2.35,8.50,0.00,0.00,0.53,OK,7.65,0.00,0.00,0.00,,ensemble
1490910,2026-06-04 13:36:42.974438+02,2026-06-04 13:39:00+02,6.98,11.11,13.49,10.20,0.00,0.00,5.29,OK,15.32,0.00,0.00,0.00,,ensemble
1570938,2026-06-05 09:57:23.82717+02,2026-06-05 09:57:00+02,13.49,4.75,14.36,11.10,0.00,0.00,6.94,OK,16.90,0.00,0.00,0.00,,ensemble
1490954,2026-06-04 15:52:12.382948+02,2026-06-04 15:51:00+02,13.94,5.83,7.71,9.60,0.00,0.00,3.94,OK,17.60,0.00,0.00,0.00,,ensemble
1490968,2026-06-04 16:32:22.110494+02,2026-06-04 16:33:00+02,15.09,6.25,3.01,8.80,0.00,0.00,1.19,OK,13.02,0.00,0.00,0.00,,ensemble
1571036,2026-06-05 14:51:10.447079+02,2026-06-05 14:51:00+02,14.23,4.29,4.43,8.30,0.00,0.00,3.07,OK,14.80,0.00,0.00,0.00,,ensemble
1571042,2026-06-05 15:08:23.319765+02,2026-06-05 15:09:00+02,14.41,10.06,4.82,10.20,0.00,0.00,4.80,OK,14.17,0.00,0.00,0.00,,ensemble
1571043,2026-06-05 15:11:30.38945+02,2026-06-05 15:12:00+02,14.52,10.32,11.59,12.40,0.00,0.00,6.49,OK,24.44,0.00,0.00,0.00,,ensemble
1490947,2026-06-04 15:31:50.610811+02,2026-06-04 15:30:00+02,12.69,14.88,4.27,10.80,0.00,0.00,2.37,OK,10.14,0.00,0.00,0.00,,ensemble
1706446,2026-06-07 08:25:30.80639+02,2026-06-07 08:30:00+02,23.83,12.80,9.29,16.20,0.00,0.00,12.55,OK,28.63,0.00,0.00,0.00,,ensemble
1571046,2026-06-05 15:22:33.254977+02,2026-06-05 15:21:00+02,15.04,9.95,4.01,10.20,0.00,0.00,4.36,OK,14.18,0.00,0.00,0.00,,ensemble
1570911,2026-06-05 08:36:58.721881+02,2026-06-05 08:36:00+02,24.01,13.60,19.28,19.50,0.00,0.00,14.63,OK,28.79,0.00,0.00,0.00,,ensemble
1491043,2026-06-04 20:17:56.676336+02,2026-06-04 20:18:00+02,7.46,5.59,5.14,6.20,0.00,,,OK,,0.00,0.00,0.00,,ensemble
1490942,2026-06-04 15:13:24.628926+02,2026-06-04 15:15:00+02,14.11,10.59,5.72,10.50,0.00,0.00,4.94,OK,8.18,0.00,0.00,0.00,,ensemble
1490969,2026-06-04 16:34:51.291769+02,2026-06-04 16:36:00+02,15.18,7.06,2.92,9.10,0.00,0.00,1.14,OK,7.98,0.00,0.00,0.00,,ensemble
1491032,2026-06-04 19:43:32.533533+02,2026-06-04 19:45:00+02,9.70,11.84,3.41,8.50,0.00,0.00,4.90,OK,,0.00,0.00,0.00,,ensemble
1570914,2026-06-05 08:45:42.940891+02,2026-06-05 08:45:00+02,6.28,8.38,5.32,6.60,0.00,0.00,0.75,OK,6.20,0.00,0.00,0.00,,ensemble
1570915,2026-06-05 08:45:42.940891+02,2026-06-05 08:48:00+02,6.35,11.74,7.11,8.20,0.00,0.00,1.73,OK,7.86,0.00,0.00,0.00,,ensemble
1570916,2026-06-05 08:52:04.623121+02,2026-06-05 08:51:00+02,6.42,8.68,8.77,7.80,0.00,0.00,3.58,OK,14.09,0.00,0.00,0.00,,ensemble
1570917,2026-06-05 08:54:42.818498+02,2026-06-05 08:54:00+02,6.51,11.47,7.37,8.30,0.00,0.00,3.91,OK,9.92,0.00,0.00,0.00,,ensemble
1652830,2026-06-06 17:01:03.544603+02,2026-06-06 17:00:00+02,25.42,11.89,8.74,16.40,0.00,0.00,17.21,OK,23.78,0.00,0.00,0.00,,ensemble
1490901,2026-06-04 13:11:55.623544+02,2026-06-04 13:12:00+02,6.97,13.41,6.12,8.60,0.00,0.00,2.80,OK,4.44,0.00,0.00,0.00,,ensemble
1490902,2026-06-04 13:11:55.623544+02,2026-06-04 13:15:00+02,6.96,14.15,5.42,8.70,0.00,0.00,3.48,OK,4.23,0.00,0.00,0.00,,ensemble
1720681,2026-06-08 12:06:08.790431+02,2026-06-08 12:06:00+02,11.32,13.21,6.20,10.40,0.00,0.00,5.77,OK,11.28,0.00,0.00,0.00,,ensemble
1571047,2026-06-05 15:25:33.056933+02,2026-06-05 15:24:00+02,15.15,5.75,2.95,8.70,0.00,0.00,2.80,OK,10.03,0.00,0.00,0.00,,ensemble
1652705,2026-06-06 10:41:29.194005+02,2026-06-06 10:45:00+02,13.38,10.66,5.51,10.20,0.00,0.00,6.39,OK,14.64,0.00,0.00,0.00,,ensemble
1571045,2026-06-05 15:18:24.173572+02,2026-06-05 15:18:00+02,14.93,13.50,8.07,12.40,0.00,0.00,6.79,OK,18.13,0.00,0.00,0.00,,ensemble
1571048,2026-06-05 15:26:41.631782+02,2026-06-05 15:27:00+02,15.26,5.75,2.89,8.70,0.00,0.00,3.60,OK,10.30,0.00,0.00,0.00,,ensemble
1571044,2026-06-05 15:14:18.487971+02,2026-06-05 15:15:00+02,14.82,10.98,5.31,10.80,0.00,0.00,4.36,OK,12.74,0.00,0.00,0.00,,ensemble
1706447,2026-06-07 08:34:03.501593+02,2026-06-07 08:33:00+02,23.88,12.55,8.97,16.00,0.00,0.00,11.45,OK,30.07,0.00,0.00,0.00,,ensemble
1706448,2026-06-07 08:34:03.501593+02,2026-06-07 08:36:00+02,23.94,13.98,9.04,16.50,0.00,0.00,15.10,OK,27.07,0.00,0.00,0.00,,ensemble
1720696,2026-06-08 12:51:32.591113+02,2026-06-08 12:51:00+02,12.54,13.17,13.19,12.90,0.00,0.00,8.11,OK,25.57,0.00,0.00,0.00,,ensemble
1720695,2026-06-08 12:48:11.593846+02,2026-06-08 12:48:00+02,12.37,12.29,15.48,13.30,0.00,0.00,8.81,OK,23.26,0.00,0.00,0.00,,ensemble
1802990,2026-06-09 16:42:32.950429+02,2026-06-09 19:42:00+02,10.37,10.67,0.00,7.30,60.00,60.00,31.59,ALERT,60.00,0.00,0.00,0.00,,ensemble
1490869,2026-06-04 11:35:58.389157+02,2026-06-04 11:36:00+02,9.41,12.03,6.47,9.30,0.00,0.00,4.52,OK,12.95,0.00,0.00,0.00,,ensemble
1490872,2026-06-04 11:45:23.225408+02,2026-06-04 11:45:00+02,8.39,7.86,8.13,8.20,0.00,0.00,3.54,OK,12.33,0.00,0.00,0.00,,ensemble
1490875,2026-06-04 11:54:29.42111+02,2026-06-04 11:54:00+02,8.15,10.41,17.87,11.70,0.00,0.00,9.05,OK,20.87,0.00,0.00,0.00,,ensemble
1490877,2026-06-04 12:00:36.160596+02,2026-06-04 12:00:00+02,7.35,8.25,8.16,7.90,0.00,0.00,3.57,OK,9.49,0.00,0.00,0.00,,ensemble
1490878,2026-06-04 12:00:36.160596+02,2026-06-04 12:03:00+02,7.30,8.46,9.00,8.20,0.00,0.00,5.25,OK,9.21,0.00,0.00,0.00,,ensemble
1490881,2026-06-04 12:11:27.45476+02,2026-06-04 12:12:00+02,7.22,6.52,2.80,5.70,0.00,0.00,0.00,OK,0.00,0.00,0.00,0.00,,ensemble
1490884,2026-06-04 12:18:41.263493+02,2026-06-04 12:21:00+02,6.52,12.71,13.59,10.50,0.00,0.00,4.43,OK,11.96,0.00,0.00,0.00,,ensemble
1490882,2026-06-04 12:15:18.571803+02,2026-06-04 12:15:00+02,5.20,11.61,12.71,9.40,0.00,0.00,4.29,OK,12.27,0.00,0.00,0.00,,ensemble
1490885,2026-06-04 12:22:28.12641+02,2026-06-04 12:24:00+02,6.50,14.03,3.10,7.70,0.00,0.00,0.53,OK,1.71,0.00,0.00,0.00,,ensemble
1490886,2026-06-04 12:27:35.91186+02,2026-06-04 12:27:00+02,6.49,15.63,14.89,11.80,0.00,0.00,6.35,OK,16.54,0.00,0.00,0.00,,ensemble
1490887,2026-06-04 12:30:33.594036+02,2026-06-04 12:30:00+02,6.48,15.76,9.98,10.30,0.26,0.00,5.50,OK,14.00,0.00,0.00,0.00,,ensemble
1490889,2026-06-04 12:36:20.189052+02,2026-06-04 12:36:00+02,7.06,13.04,15.50,11.40,0.00,0.00,6.55,OK,16.70,0.00,0.00,0.00,,ensemble
1490890,2026-06-04 12:36:20.189052+02,2026-06-04 12:39:00+02,7.05,12.69,14.92,11.10,0.00,0.00,8.68,OK,19.00,0.00,0.00,0.00,,ensemble
1490880,2026-06-04 12:06:39.276295+02,2026-06-04 12:09:00+02,7.24,6.94,4.17,6.20,0.00,0.00,1.54,OK,1.68,0.00,0.00,0.00,,ensemble
1490895,2026-06-04 12:54:11.082855+02,2026-06-04 12:54:00+02,7.04,11.54,11.83,9.80,0.00,0.00,4.97,OK,13.56,0.00,0.00,0.00,,ensemble
1490893,2026-06-04 12:48:22.307678+02,2026-06-04 12:48:00+02,7.05,11.80,8.61,8.90,0.00,0.00,5.45,OK,10.44,0.00,0.00,0.00,,ensemble
1490892,2026-06-04 12:45:25.22583+02,2026-06-04 12:45:00+02,7.03,12.47,11.75,10.10,0.00,0.00,5.23,OK,14.70,0.00,0.00,0.00,,ensemble
1490891,2026-06-04 12:42:26.767973+02,2026-06-04 12:42:00+02,7.04,13.39,8.05,9.20,0.00,0.00,3.70,OK,9.16,0.00,0.00,0.00,,ensemble
1490888,2026-06-04 12:31:17.956586+02,2026-06-04 12:33:00+02,7.21,12.46,2.69,7.40,0.00,0.00,2.27,OK,4.90,0.00,0.00,0.00,,ensemble
1490894,2026-06-04 12:48:22.307678+02,2026-06-04 12:51:00+02,7.05,11.74,7.84,8.70,0.00,0.00,4.88,OK,13.18,0.00,0.00,0.00,,ensemble
1490874,2026-06-04 11:51:19.936542+02,2026-06-04 11:51:00+02,8.22,9.53,6.55,8.10,0.00,0.00,4.00,OK,15.49,0.00,0.00,0.00,,ensemble
1490873,2026-06-04 11:48:19.813183+02,2026-06-04 11:48:00+02,8.30,8.42,8.39,8.40,0.00,0.00,6.20,OK,13.36,0.00,0.00,0.00,,ensemble
1490871,2026-06-04 11:42:08.882885+02,2026-06-04 11:42:00+02,9.17,8.09,5.21,7.70,0.00,0.00,2.21,OK,8.95,0.00,0.00,0.00,,ensemble
1490870,2026-06-04 11:39:14.42853+02,2026-06-04 11:39:00+02,9.29,10.02,4.25,8.00,0.00,0.00,2.65,OK,10.16,0.00,0.00,0.00,,ensemble
1490868,2026-06-04 11:33:05.249985+02,2026-06-04 11:33:00+02,9.56,11.17,6.33,9.10,0.00,0.00,5.53,OK,17.30,0.00,0.00,0.00,,ensemble
1490973,2026-06-04 16:49:02.139188+02,2026-06-04 16:48:00+02,15.43,18.15,8.82,14.30,0.00,0.00,14.21,OK,32.05,0.00,0.00,0.00,,ensemble
1490975,2026-06-04 16:53:15.909533+02,2026-06-04 16:54:00+02,15.66,7.23,3.55,9.50,0.00,0.00,4.59,OK,15.36,0.00,0.00,0.00,,ensemble
1490879,2026-06-04 12:03:53.181367+02,2026-06-04 12:06:00+02,7.27,7.93,5.85,7.00,0.00,0.00,2.88,OK,3.35,0.00,0.00,0.00,,ensemble
1490976,2026-06-04 16:53:15.909533+02,2026-06-04 16:57:00+02,15.65,7.27,4.10,9.70,0.00,0.00,6.71,OK,14.19,0.00,0.00,0.00,,ensemble
1491034,2026-06-04 19:48:26.749247+02,2026-06-04 19:51:00+02,9.49,11.95,3.13,8.30,0.00,0.00,19.24,OK,,0.00,0.00,0.00,,ensemble
1491042,2026-06-04 20:14:14.422297+02,2026-06-04 20:15:00+02,7.63,6.37,0.80,5.20,0.00,,,OK,,0.00,0.00,0.00,,ensemble
1490974,2026-06-04 16:52:16.251538+02,2026-06-04 16:51:00+02,15.65,11.67,4.99,11.30,0.00,0.00,6.58,OK,23.55,0.00,0.00,0.00,,ensemble
1491036,2026-06-04 19:55:50.9978+02,2026-06-04 19:57:00+02,8.15,9.39,4.95,7.60,0.00,0.00,17.70,OK,,0.00,0.00,0.00,,ensemble
1491041,2026-06-04 20:11:27.615647+02,2026-06-04 20:12:00+02,7.79,11.91,2.21,7.40,0.00,0.00,,OK,,0.00,0.00,0.00,,ensemble
1491038,2026-06-04 20:02:30.306383+02,2026-06-04 20:03:00+02,7.88,10.24,5.92,8.00,0.00,0.00,,OK,,0.00,0.00,0.00,,ensemble
1490883,2026-06-04 12:16:14.185846+02,2026-06-04 12:18:00+02,6.54,10.73,3.53,6.90,0.00,0.00,0.36,OK,4.25,0.00,0.00,0.00,,ensemble
1570927,2026-06-05 09:24:40.3697+02,2026-06-05 09:24:00+02,10.26,8.76,5.06,8.30,0.00,0.00,2.29,OK,10.23,0.00,0.00,0.00,,ensemble
1490876,2026-06-04 11:57:24.454523+02,2026-06-04 11:57:00+02,8.10,9.35,7.27,8.20,0.00,0.00,3.34,OK,10.85,0.00,0.00,0.00,,ensemble
1570928,2026-06-05 09:27:26.282023+02,2026-06-05 09:27:00+02,10.43,7.56,4.10,7.70,0.00,0.00,2.65,OK,8.91,0.00,0.00,0.00,,ensemble
1491037,2026-06-04 19:58:58.760693+02,2026-06-04 20:00:00+02,8.02,11.73,4.15,8.00,0.00,0.00,,OK,,0.00,0.00,0.00,,ensemble
1570931,2026-06-05 09:34:40.285246+02,2026-06-05 09:36:00+02,11.43,4.75,12.37,9.70,0.00,0.00,4.30,OK,16.13,0.00,0.00,0.00,,ensemble
1491044,2026-06-04 20:17:56.676336+02,2026-06-04 20:21:00+02,7.28,6.33,3.89,6.00,0.00,,,OK,,0.00,0.00,0.00,,ensemble
1570932,2026-06-05 09:38:20.879636+02,2026-06-05 09:39:00+02,11.56,4.75,7.71,8.40,0.00,0.00,2.62,OK,10.96,0.00,0.00,0.00,,ensemble
1571041,2026-06-05 15:03:41.735862+02,2026-06-05 15:06:00+02,14.30,10.94,12.66,12.80,0.00,0.00,10.26,OK,22.47,0.00,0.00,0.00,,ensemble
1491045,2026-06-04 20:23:26.671261+02,2026-06-04 20:24:00+02,7.10,5.08,1.48,4.80,0.00,,,OK,,0.00,0.00,0.00,,ensemble
1652710,2026-06-06 11:02:17.234402+02,2026-06-06 11:00:00+02,12.71,12.26,4.39,10.10,0.00,0.00,4.87,OK,8.85,0.00,0.00,0.00,,ensemble
1570929,2026-06-05 09:28:18.136687+02,2026-06-05 09:30:00+02,10.59,4.75,5.12,7.20,0.00,0.00,1.76,OK,8.00,0.00,0.00,0.00,,ensemble
1490979,2026-06-04 17:06:46.542471+02,2026-06-04 17:06:00+02,15.48,9.96,8.56,11.70,0.00,0.00,10.21,OK,11.84,0.00,0.00,0.00,,ensemble
1570930,2026-06-05 09:32:24.917503+02,2026-06-05 09:33:00+02,9.26,4.75,3.02,6.00,0.00,0.00,0.00,OK,3.08,0.00,0.00,0.00,,ensemble
1491046,2026-06-04 20:25:58.46962+02,2026-06-04 20:27:00+02,5.69,4.88,2.17,4.40,0.00,,,OK,,0.00,0.00,0.00,,ensemble
1571060,2026-06-05 16:03:56.846371+02,2026-06-05 16:03:00+02,17.10,9.71,6.29,11.60,0.00,0.00,8.40,OK,20.52,0.00,0.00,0.00,,ensemble
1491033,2026-06-04 19:48:26.749247+02,2026-06-04 19:48:00+02,9.60,12.26,5.80,9.30,0.00,0.00,11.48,OK,,0.00,0.00,0.00,,ensemble
1652671,2026-06-06 09:06:19.051696+02,2026-06-06 09:03:00+02,4.43,9.39,10.82,7.80,0.00,0.00,2.66,OK,9.59,0.00,0.00,0.00,,ensemble
1491035,2026-06-04 19:51:25.259652+02,2026-06-04 19:54:00+02,9.36,10.55,5.15,8.50,0.00,0.00,18.57,OK,,0.00,0.00,0.00,,ensemble
1720688,2026-06-08 12:26:02.408002+02,2026-06-08 12:27:00+02,11.44,11.40,3.67,9.10,0.00,0.00,2.66,OK,12.29,0.00,0.00,0.00,,ensemble
1720690,2026-06-08 12:32:23.672391+02,2026-06-08 12:33:00+02,11.76,9.35,6.14,9.30,0.00,0.00,9.44,OK,13.75,0.00,0.00,0.00,,ensemble
1720689,2026-06-08 12:29:53.303472+02,2026-06-08 12:30:00+02,11.59,9.19,4.90,8.90,0.00,0.00,6.20,OK,11.85,0.00,0.00,0.00,,ensemble
1802992,2026-06-09 16:42:32.950429+02,2026-06-09 19:48:00+02,10.02,10.67,0.07,7.20,60.00,30.33,35.87,ALERT,,0.00,0.00,0.00,,ensemble
1490842,2026-06-04 10:15:18.30539+02,2026-06-04 10:15:00+02,15.67,4.81,9.90,10.70,0.00,0.00,5.77,OK,19.33,0.00,0.00,0.00,,ensemble
1490844,2026-06-04 10:21:51.670828+02,2026-06-04 10:21:00+02,16.63,4.81,8.58,10.70,0.00,0.00,4.53,OK,14.76,0.00,0.00,0.00,,ensemble
1490845,2026-06-04 10:23:45.228591+02,2026-06-04 10:24:00+02,16.44,4.81,5.75,9.70,0.00,0.00,3.04,OK,12.85,0.00,0.00,0.00,,ensemble
1490846,2026-06-04 10:23:45.228591+02,2026-06-04 10:27:00+02,16.23,5.16,5.00,9.50,0.00,0.00,5.25,OK,15.64,0.00,0.00,0.00,,ensemble
1490852,2026-06-04 10:43:09.424127+02,2026-06-04 10:45:00+02,15.61,16.32,7.76,13.50,0.00,0.00,8.92,OK,23.95,0.00,0.00,0.00,,ensemble
1490854,2026-06-04 10:50:27.72509+02,2026-06-04 10:51:00+02,15.07,10.62,8.47,11.80,0.00,0.00,7.64,OK,27.91,0.00,0.00,0.00,,ensemble
1490855,2026-06-04 10:54:17.499253+02,2026-06-04 10:54:00+02,13.38,11.15,6.86,10.80,0.00,0.00,6.32,OK,21.75,0.00,0.00,0.00,,ensemble
1490856,2026-06-04 10:55:41.971416+02,2026-06-04 10:57:00+02,14.25,10.89,2.88,9.80,0.00,0.00,3.34,OK,8.41,0.00,0.00,0.00,,ensemble
1490860,2026-06-04 11:08:50.311511+02,2026-06-04 11:09:00+02,13.23,9.00,1.87,8.60,0.00,0.00,4.35,OK,3.46,0.00,0.00,0.00,,ensemble
1490861,2026-06-04 11:11:58.991895+02,2026-06-04 11:12:00+02,12.13,7.98,4.40,8.60,0.00,0.00,2.73,OK,5.06,0.00,0.00,0.00,,ensemble
1490862,2026-06-04 11:14:10.300832+02,2026-06-04 11:15:00+02,11.90,7.98,4.99,8.60,0.00,0.00,1.91,OK,6.53,0.00,0.00,0.00,,ensemble
1490866,2026-06-04 11:26:56.048617+02,2026-06-04 11:27:00+02,7.78,7.84,9.57,8.30,0.00,0.00,0.76,OK,5.48,0.00,0.00,0.00,,ensemble
1571028,2026-06-05 14:25:37.770642+02,2026-06-05 14:27:00+02,13.96,7.04,4.55,9.10,0.00,0.00,4.14,OK,11.94,0.00,0.00,0.00,,ensemble
1490867,2026-06-04 11:29:46.143086+02,2026-06-04 11:30:00+02,9.72,8.94,8.87,9.20,0.00,0.00,3.45,OK,10.15,0.00,0.00,0.00,,ensemble
1490865,2026-06-04 11:23:48.129324+02,2026-06-04 11:24:00+02,11.29,5.56,5.61,7.90,0.00,0.00,0.28,OK,6.85,0.00,0.00,0.00,,ensemble
1490864,2026-06-04 11:20:39.029207+02,2026-06-04 11:21:00+02,11.48,4.37,1.39,6.30,0.00,0.00,0.00,OK,1.83,0.00,0.00,0.00,,ensemble
1490850,2026-06-04 10:37:35.757349+02,2026-06-04 10:39:00+02,14.98,11.85,22.09,16.20,0.00,0.00,12.22,OK,27.50,0.00,0.00,0.00,,ensemble
1490851,2026-06-04 10:42:14.083181+02,2026-06-04 10:42:00+02,15.88,16.32,5.17,12.80,0.00,0.00,7.69,OK,17.89,0.00,0.00,0.00,,ensemble
1490863,2026-06-04 11:17:52.903963+02,2026-06-04 11:18:00+02,11.68,5.10,0.74,6.40,0.00,0.00,0.00,OK,2.01,0.00,0.00,0.00,,ensemble
1490859,2026-06-04 11:06:23.320935+02,2026-06-04 11:06:00+02,13.47,11.26,8.90,11.40,0.00,0.00,9.73,OK,11.59,0.00,0.00,0.00,,ensemble
1490847,2026-06-04 10:30:21.733014+02,2026-06-04 10:30:00+02,16.01,4.81,5.90,9.60,0.00,0.00,4.50,OK,12.79,0.00,0.00,0.00,,ensemble
1490848,2026-06-04 10:30:21.733014+02,2026-06-04 10:33:00+02,15.78,5.16,4.83,9.30,0.00,0.00,7.03,OK,19.69,0.00,0.00,0.00,,ensemble
1490858,2026-06-04 11:01:56.256788+02,2026-06-04 11:03:00+02,13.72,11.24,5.09,10.40,0.00,0.00,7.15,OK,11.71,0.00,0.00,0.00,,ensemble
1490857,2026-06-04 10:59:15.061225+02,2026-06-04 11:00:00+02,13.98,11.12,10.36,12.00,0.00,0.00,8.32,OK,18.01,0.00,0.00,0.00,,ensemble
1571029,2026-06-05 14:28:03.732463+02,2026-06-05 14:30:00+02,14.06,4.20,2.17,7.50,0.00,0.00,1.18,OK,5.33,0.00,0.00,0.00,,ensemble
1571031,2026-06-05 14:35:13.623063+02,2026-06-05 14:36:00+02,14.26,11.03,5.29,10.60,0.00,0.00,4.33,OK,15.24,0.00,0.00,0.00,,ensemble
1490843,2026-06-04 10:18:07.525569+02,2026-06-04 10:18:00+02,15.51,4.81,7.19,9.80,0.00,0.00,3.24,OK,16.21,0.00,0.00,0.00,,ensemble
1490841,2026-06-04 10:10:49.086592+02,2026-06-04 10:12:00+02,15.81,4.81,2.15,8.40,0.00,0.00,3.42,OK,8.16,0.00,0.00,0.00,,ensemble
1571035,2026-06-05 14:45:45.443059+02,2026-06-05 14:48:00+02,14.12,4.37,2.46,7.70,0.00,0.00,1.41,OK,8.01,0.00,0.00,0.00,,ensemble
1571033,2026-06-05 14:41:13.087665+02,2026-06-05 14:42:00+02,13.14,6.17,4.34,8.40,0.00,0.00,2.38,OK,9.82,0.00,0.00,0.00,,ensemble
1571038,2026-06-05 14:57:15.605407+02,2026-06-05 14:57:00+02,13.20,4.51,2.39,7.30,0.00,0.00,1.82,OK,6.21,0.00,0.00,0.00,,ensemble
1652716,2026-06-06 11:20:55.785386+02,2026-06-06 11:18:00+02,11.42,20.43,15.04,15.20,0.00,0.00,9.46,OK,21.62,0.00,0.00,0.00,,ensemble
1652799,2026-06-06 15:21:33.883647+02,2026-06-06 15:27:00+02,21.82,11.18,3.84,13.20,0.00,0.00,16.06,OK,27.91,0.00,0.00,0.00,,ensemble
1571039,2026-06-05 14:57:54.764216+02,2026-06-05 15:00:00+02,14.09,6.06,5.24,9.00,0.00,0.00,4.36,OK,14.29,0.00,0.00,0.00,,ensemble
1652800,2026-06-06 15:31:36.412189+02,2026-06-06 15:30:00+02,22.06,20.20,22.96,21.80,0.00,0.00,22.44,OK,28.44,0.00,0.00,0.00,,ensemble
1652801,2026-06-06 15:31:36.412189+02,2026-06-06 15:33:00+02,22.31,19.23,20.53,20.80,0.00,0.00,25.88,OK,25.95,0.00,0.00,0.00,,ensemble
1490849,2026-06-04 10:36:48.983737+02,2026-06-04 10:36:00+02,15.53,11.85,20.51,15.90,0.00,0.00,11.13,OK,26.83,0.00,0.00,0.00,,ensemble
1652802,2026-06-06 15:31:36.412189+02,2026-06-06 15:36:00+02,22.55,17.70,20.09,20.40,0.00,0.00,29.16,OK,32.24,0.00,0.00,0.00,,ensemble
1652810,2026-06-06 16:01:57.123763+02,2026-06-06 16:00:00+02,24.86,8.75,6.00,14.40,0.00,0.00,15.29,OK,27.16,0.00,0.00,0.00,,ensemble
1571027,2026-06-05 14:24:22.847868+02,2026-06-05 14:24:00+02,13.07,7.04,4.55,8.70,0.00,0.00,2.76,OK,10.53,0.00,0.00,0.00,,ensemble
1571026,2026-06-05 14:19:29.211595+02,2026-06-05 14:21:00+02,13.29,8.59,11.94,11.50,0.00,0.00,5.51,OK,15.94,0.00,0.00,0.00,,ensemble
1571025,2026-06-05 14:16:34.048099+02,2026-06-05 14:18:00+02,13.20,6.98,5.44,9.00,0.00,0.00,2.32,OK,9.01,0.00,0.00,0.00,,ensemble
1490853,2026-06-04 10:48:34.869943+02,2026-06-04 10:48:00+02,15.34,11.46,6.80,11.60,0.00,0.00,9.31,OK,20.40,0.00,0.00,0.00,,ensemble
1571034,2026-06-05 14:44:27.879709+02,2026-06-05 14:45:00+02,14.02,4.37,2.44,7.60,0.00,0.00,1.47,OK,7.30,0.00,0.00,0.00,,ensemble
1652811,2026-06-06 16:04:12.848439+02,2026-06-06 16:03:00+02,25.07,11.09,14.15,17.60,0.00,0.00,18.88,OK,29.88,0.00,0.00,0.00,,ensemble
1571032,2026-06-05 14:38:59.844136+02,2026-06-05 14:39:00+02,14.37,7.65,4.47,9.40,0.00,0.00,3.48,OK,13.41,0.00,0.00,0.00,,ensemble
1571040,2026-06-05 15:02:39.738674+02,2026-06-05 15:03:00+02,14.20,7.84,7.35,10.20,0.00,0.00,5.34,OK,14.12,0.00,0.00,0.00,,ensemble
1652812,2026-06-06 16:04:12.848439+02,2026-06-06 16:06:00+02,25.28,11.35,14.87,18.00,0.00,0.00,28.01,OK,30.03,0.00,0.00,0.00,,ensemble
1720676,2026-06-08 11:50:00.331987+02,2026-06-08 11:51:00+02,11.67,13.57,3.91,9.90,0.00,0.00,3.48,OK,11.25,0.00,0.00,0.00,,ensemble
1571037,2026-06-05 14:51:51.048135+02,2026-06-05 14:54:00+02,14.33,4.29,4.93,8.50,0.00,0.00,3.66,OK,12.62,0.00,0.00,0.00,,ensemble
1720677,2026-06-08 11:54:22.717671+02,2026-06-08 11:54:00+02,11.66,12.12,8.50,10.80,0.00,0.00,5.59,OK,18.07,0.00,0.00,0.00,,ensemble
1571030,2026-06-05 14:33:10.190068+02,2026-06-05 14:33:00+02,14.16,10.16,11.07,12.00,0.00,0.00,6.43,OK,18.51,0.00,0.00,0.00,,ensemble
1652829,2026-06-06 16:57:54.682976+02,2026-06-06 16:57:00+02,25.51,12.40,9.77,16.90,0.00,0.00,16.73,OK,24.19,0.00,0.00,0.00,,ensemble
1720680,2026-06-08 12:03:30.87056+02,2026-06-08 12:03:00+02,11.76,13.76,14.77,13.30,0.00,0.00,7.93,OK,18.35,0.00,0.00,0.00,,ensemble
1720679,2026-06-08 12:00:41.125553+02,2026-06-08 12:00:00+02,11.71,11.40,10.92,11.40,0.00,0.00,6.30,OK,16.87,0.00,0.00,0.00,,ensemble
1802801,2026-06-09 10:15:47.872437+02,2026-06-09 10:15:00+02,18.28,5.66,10.04,12.00,0.00,0.00,8.02,OK,24.85,0.00,0.00,0.00,,ensemble
1802778,2026-06-09 09:05:53.174017+02,2026-06-09 09:06:00+02,7.98,9.12,5.26,7.50,0.00,0.00,3.40,OK,7.87,0.00,0.00,0.00,,ensemble
1490818,2026-06-04 09:01:46.412197+02,2026-06-04 09:03:00+02,8.23,9.43,15.38,10.70,0.00,0.00,9.06,OK,19.28,0.00,0.00,0.00,,ensemble
1490819,2026-06-04 09:06:32.971953+02,2026-06-04 09:06:00+02,8.40,7.26,3.66,6.60,0.00,0.00,4.94,OK,11.20,0.00,0.00,0.00,,ensemble
1490821,2026-06-04 09:12:58.902297+02,2026-06-04 09:12:00+02,8.75,8.97,4.78,7.60,0.00,0.00,3.39,OK,9.32,0.00,0.00,0.00,,ensemble
1490822,2026-06-04 09:14:51.28439+02,2026-06-04 09:15:00+02,8.93,7.89,3.83,7.10,0.00,0.00,2.71,OK,14.92,0.00,0.00,0.00,,ensemble
1490823,2026-06-04 09:17:51.381529+02,2026-06-04 09:18:00+02,10.35,9.02,9.23,9.60,0.00,0.00,4.66,OK,17.04,0.00,0.00,0.00,,ensemble
1490824,2026-06-04 09:20:45.173585+02,2026-06-04 09:21:00+02,10.52,8.63,9.51,9.70,0.00,0.00,4.74,OK,16.00,0.00,0.00,0.00,,ensemble
1490829,2026-06-04 09:33:01.589415+02,2026-06-04 09:36:00+02,12.35,5.16,3.64,7.60,0.00,0.00,3.76,OK,14.18,0.00,0.00,0.00,,ensemble
1490832,2026-06-04 09:45:58.139913+02,2026-06-04 09:45:00+02,12.62,4.81,6.12,8.30,0.00,0.00,3.91,OK,15.47,0.00,0.00,0.00,,ensemble
1490834,2026-06-04 09:51:23.663013+02,2026-06-04 09:51:00+02,14.19,4.81,11.81,10.70,0.00,0.00,7.58,OK,28.55,0.00,0.00,0.00,,ensemble
1490837,2026-06-04 09:58:17.935497+02,2026-06-04 10:00:00+02,14.14,4.81,14.60,11.50,0.00,0.00,8.62,OK,20.84,0.00,0.00,0.00,,ensemble
1490839,2026-06-04 10:05:06.375067+02,2026-06-04 10:06:00+02,14.21,4.81,14.75,11.60,0.00,0.00,11.67,OK,17.65,0.00,0.00,0.00,,ensemble
1571014,2026-06-05 13:43:58.258248+02,2026-06-05 13:45:00+02,12.51,9.02,4.19,9.00,0.00,0.00,2.74,OK,11.41,0.00,0.00,0.00,,ensemble
1490840,2026-06-04 10:09:15.162691+02,2026-06-04 10:09:00+02,15.93,4.81,1.80,8.40,0.00,0.00,5.10,OK,7.87,0.00,0.00,0.00,,ensemble
1490838,2026-06-04 10:03:48.585719+02,2026-06-04 10:03:00+02,14.08,4.81,14.05,11.30,0.00,0.00,9.20,OK,17.81,0.00,0.00,0.00,,ensemble
1490836,2026-06-04 09:57:55.235693+02,2026-06-04 09:57:00+02,14.18,4.81,13.92,11.30,0.00,0.00,6.98,OK,20.36,0.00,0.00,0.00,,ensemble
1490835,2026-06-04 09:52:12.214289+02,2026-06-04 09:54:00+02,14.20,4.81,14.17,11.40,0.00,0.00,8.96,OK,27.70,0.00,0.00,0.00,,ensemble
1490833,2026-06-04 09:47:22.781212+02,2026-06-04 09:48:00+02,12.66,4.81,4.35,7.80,0.00,0.00,4.91,OK,16.52,0.00,0.00,0.00,,ensemble
1490825,2026-06-04 09:24:00.836743+02,2026-06-04 09:24:00+02,10.69,8.81,9.00,9.60,0.00,0.00,4.05,OK,16.70,0.00,0.00,0.00,,ensemble
1490826,2026-06-04 09:26:43.816439+02,2026-06-04 09:27:00+02,10.85,7.61,5.57,8.30,0.00,0.00,2.21,OK,10.00,0.00,0.00,0.00,,ensemble
1490827,2026-06-04 09:30:48.926488+02,2026-06-04 09:30:00+02,10.99,4.81,2.11,6.50,0.00,0.00,1.32,OK,4.87,0.00,0.00,0.00,,ensemble
1571017,2026-06-05 13:53:15.271974+02,2026-06-05 13:54:00+02,12.79,8.07,4.55,8.90,0.00,0.00,3.56,OK,11.01,0.00,0.00,0.00,,ensemble
1490830,2026-06-04 09:39:28.51322+02,2026-06-04 09:39:00+02,12.46,4.81,11.56,9.90,0.00,0.00,6.23,OK,21.38,0.00,0.00,0.00,,ensemble
1490831,2026-06-04 09:39:28.51322+02,2026-06-04 09:42:00+02,12.55,5.16,12.11,10.20,0.00,0.00,9.32,OK,21.77,0.00,0.00,0.00,,ensemble
1490820,2026-06-04 09:07:55.386011+02,2026-06-04 09:09:00+02,8.58,8.85,6.18,7.90,0.00,0.00,5.88,OK,12.53,0.00,0.00,0.00,,ensemble
1490817,2026-06-04 09:00:26.402399+02,2026-06-04 09:00:00+02,8.06,11.32,11.73,10.10,0.00,0.00,5.97,OK,18.35,0.00,0.00,0.00,,ensemble
1490816,2026-06-04 08:56:09.098736+02,2026-06-04 08:57:00+02,7.41,12.27,7.86,9.00,0.00,0.00,3.68,OK,12.86,0.00,0.00,0.00,,ensemble
1490815,2026-06-04 08:53:57.004049+02,2026-06-04 08:54:00+02,7.26,11.50,7.37,8.60,0.00,0.00,5.57,OK,14.90,0.00,0.00,0.00,,ensemble
1490814,2026-06-04 08:48:41.277385+02,2026-06-04 08:51:00+02,7.13,10.89,10.91,9.40,0.00,0.00,8.62,OK,29.08,0.00,0.00,0.00,,ensemble
1571022,2026-06-05 14:08:20.0836+02,2026-06-05 14:09:00+02,13.55,6.03,1.95,7.80,0.00,0.00,1.58,OK,5.29,0.00,0.00,0.00,,ensemble
1571023,2026-06-05 14:10:52.609311+02,2026-06-05 14:12:00+02,13.03,5.24,2.39,7.50,0.00,0.00,0.85,OK,6.09,0.00,0.00,0.00,,ensemble
1571024,2026-06-05 14:13:23.967341+02,2026-06-05 14:15:00+02,13.11,5.19,2.97,7.70,0.00,0.00,0.41,OK,3.71,0.00,0.00,0.00,,ensemble
1571021,2026-06-05 14:05:03.788718+02,2026-06-05 14:06:00+02,13.06,8.21,4.48,9.00,0.00,0.00,4.58,OK,9.76,0.00,0.00,0.00,,ensemble
1571020,2026-06-05 14:03:15.475393+02,2026-06-05 14:03:00+02,12.98,8.28,7.32,9.90,0.00,0.00,4.53,OK,11.80,0.00,0.00,0.00,,ensemble
1571015,2026-06-05 13:47:28.197726+02,2026-06-05 13:48:00+02,12.56,9.95,6.55,10.00,0.00,0.00,3.95,OK,14.32,0.00,0.00,0.00,,ensemble
1571053,2026-06-05 15:42:11.790819+02,2026-06-05 15:42:00+02,15.91,8.46,4.16,10.10,0.00,0.00,4.80,OK,17.59,0.00,0.00,0.00,,ensemble
1571013,2026-06-05 13:41:40.927232+02,2026-06-05 13:42:00+02,12.46,10.43,8.24,10.60,0.00,0.00,5.15,OK,15.25,0.00,0.00,0.00,,ensemble
1490828,2026-06-04 09:33:01.589415+02,2026-06-04 09:33:00+02,12.23,4.81,3.01,7.20,0.00,0.00,2.73,OK,16.06,0.00,0.00,0.00,,ensemble
1571011,2026-06-05 13:36:12.12456+02,2026-06-05 13:36:00+02,12.06,11.05,11.16,11.50,0.00,0.00,5.04,OK,18.10,0.00,0.00,0.00,,ensemble
1571012,2026-06-05 13:37:50.300877+02,2026-06-05 13:39:00+02,12.41,12.64,3.87,9.90,0.00,0.00,3.53,OK,13.22,0.00,0.00,0.00,,ensemble
1652683,2026-06-06 09:35:13.446902+02,2026-06-06 09:39:00+02,8.73,7.59,4.71,7.20,0.00,0.00,0.97,OK,5.63,0.00,0.00,0.00,,ensemble
1571019,2026-06-05 13:59:04.411677+02,2026-06-05 14:00:00+02,12.91,7.51,3.22,8.40,0.00,0.00,2.52,OK,8.82,0.00,0.00,0.00,,ensemble
1652684,2026-06-06 09:44:57.917382+02,2026-06-06 09:42:00+02,8.86,5.74,6.89,7.30,0.00,0.00,0.61,OK,4.90,0.00,0.00,0.00,,ensemble
1652718,2026-06-06 11:26:51.673623+02,2026-06-06 11:24:00+02,10.93,19.97,12.36,14.10,0.00,0.00,10.06,OK,22.40,0.00,0.00,0.00,,ensemble
1652719,2026-06-06 11:26:51.673623+02,2026-06-06 11:27:00+02,10.71,18.73,11.11,13.20,0.00,0.00,12.56,OK,23.55,0.00,0.00,0.00,,ensemble
1652687,2026-06-06 09:55:32.585121+02,2026-06-06 09:51:00+02,10.63,5.74,12.75,9.80,0.00,0.00,3.76,OK,16.25,0.00,0.00,0.00,,ensemble
1571018,2026-06-05 13:55:58.848713+02,2026-06-05 13:57:00+02,12.85,7.40,3.33,8.40,0.00,0.00,2.58,OK,7.99,0.00,0.00,0.00,,ensemble
1652831,2026-06-06 17:02:58.249678+02,2026-06-06 17:03:00+02,25.30,12.15,4.00,15.00,0.00,0.00,12.39,OK,25.61,0.00,0.00,0.00,,ensemble
1571016,2026-06-05 13:50:05.222329+02,2026-06-05 13:51:00+02,12.62,7.83,4.23,8.70,0.00,0.00,3.09,OK,13.88,0.00,0.00,0.00,,ensemble
1652686,2026-06-06 09:52:22.054504+02,2026-06-06 09:48:00+02,9.06,5.74,10.92,8.60,0.00,0.00,2.10,OK,11.34,0.00,0.00,0.00,,ensemble
1652685,2026-06-06 09:45:14.452372+02,2026-06-06 09:45:00+02,8.97,5.74,10.50,8.50,0.00,0.00,2.43,OK,10.77,0.00,0.00,0.00,,ensemble
1652835,2026-06-06 17:12:54.944699+02,2026-06-06 17:15:00+02,23.66,11.60,2.45,13.70,0.00,0.00,10.17,OK,23.66,0.00,0.00,0.00,,ensemble
1652717,2026-06-06 11:21:31.111102+02,2026-06-06 11:21:00+02,11.17,25.46,22.47,18.80,0.00,0.00,13.56,OK,25.59,0.00,0.00,0.00,,ensemble
1652720,2026-06-06 11:33:33.470537+02,2026-06-06 11:30:00+02,10.51,14.74,11.45,12.10,0.00,0.00,6.97,OK,18.47,0.00,0.00,0.00,,ensemble
1652836,2026-06-06 17:12:54.944699+02,2026-06-06 17:18:00+02,23.44,11.75,1.12,13.20,0.00,0.00,14.12,OK,24.31,0.00,0.00,0.00,,ensemble
1652840,2026-06-06 17:30:11.622277+02,2026-06-06 17:30:00+02,22.11,15.37,8.67,16.10,0.00,0.00,11.15,OK,33.96,0.00,0.00,0.00,,ensemble
1720712,2026-06-08 13:38:24.721169+02,2026-06-08 13:39:00+02,15.18,7.04,3.00,9.10,0.00,0.00,4.93,OK,11.97,0.00,0.00,0.00,,ensemble
1720675,2026-06-08 11:48:22.34156+02,2026-06-08 11:48:00+02,12.46,16.52,8.06,12.40,0.00,0.00,6.79,OK,16.92,0.00,0.00,0.00,,ensemble
1802918,2026-06-09 16:05:56.619271+02,2026-06-09 16:06:00+02,20.84,10.67,10.88,14.80,0.00,0.00,13.79,OK,23.91,0.00,0.00,0.00,,ensemble
1490807,2026-06-04 08:26:47.519593+02,2026-06-04 08:30:00+02,22.36,15.17,11.05,16.80,0.00,0.00,17.80,OK,30.29,0.00,0.00,0.00,,ensemble
1490812,2026-06-04 08:45:25.809725+02,2026-06-04 08:45:00+02,6.89,8.40,5.32,6.90,0.00,0.00,3.00,OK,13.55,0.00,0.00,0.00,,ensemble
1490813,2026-06-04 08:48:41.277385+02,2026-06-04 08:48:00+02,7.00,10.88,10.52,9.20,0.00,0.00,8.65,OK,22.11,0.00,0.00,0.00,,ensemble
1490905,2026-06-04 13:24:06.650123+02,2026-06-04 13:24:00+02,6.86,7.26,2.64,5.70,0.00,0.00,0.00,OK,0.00,0.00,0.00,0.00,,ensemble
1490919,2026-06-04 14:06:22.288604+02,2026-06-04 14:06:00+02,10.92,10.17,11.09,10.70,0.00,0.00,9.87,OK,14.58,0.00,0.00,0.00,,ensemble
1490911,2026-06-04 13:42:12.342665+02,2026-06-04 13:42:00+02,7.03,9.24,4.88,7.00,0.00,0.00,1.18,OK,5.95,0.00,0.00,0.00,,ensemble
1491000,2026-06-04 18:09:18.296834+02,2026-06-04 18:09:00+02,10.86,16.93,2.64,10.20,0.00,0.00,26.41,OK,59.02,0.00,0.00,0.00,,ensemble
1490999,2026-06-04 18:04:19.992142+02,2026-06-04 18:06:00+02,11.26,20.18,5.08,12.10,0.00,0.00,33.41,OK,60.00,0.00,0.00,0.00,,ensemble
1490995,2026-06-04 17:54:59.849885+02,2026-06-04 17:54:00+02,12.89,13.11,13.26,13.10,0.00,0.00,35.38,OK,60.00,0.00,0.00,0.00,,ensemble
1491004,2026-06-04 18:20:42.170541+02,2026-06-04 18:21:00+02,10.61,16.34,8.40,11.70,0.00,0.00,29.34,OK,21.12,0.00,0.00,0.00,,ensemble
1490929,2026-06-04 14:36:01.071729+02,2026-06-04 14:36:00+02,10.54,5.51,3.37,6.90,0.00,0.00,0.00,OK,2.32,0.00,0.00,0.00,,ensemble
1490993,2026-06-04 17:48:25.915734+02,2026-06-04 17:48:00+02,14.02,12.13,6.98,11.30,0.00,0.00,18.21,OK,60.00,0.00,0.00,0.00,,ensemble
1490997,2026-06-04 18:00:53.50546+02,2026-06-04 18:00:00+02,12.07,19.23,18.80,16.20,0.00,0.00,52.23,OK,60.00,0.00,0.00,0.00,,ensemble
1490998,2026-06-04 18:00:53.50546+02,2026-06-04 18:03:00+02,11.66,18.37,16.64,15.20,0.00,0.00,60.00,OK,60.00,0.00,0.00,0.00,,ensemble
1490913,2026-06-04 13:48:33.136968+02,2026-06-04 13:48:00+02,7.15,7.18,4.40,6.30,0.00,0.00,1.91,OK,6.90,0.00,0.00,0.00,,ensemble
1490808,2026-06-04 08:32:57.357258+02,2026-06-04 08:33:00+02,22.49,11.51,9.30,15.20,0.00,0.00,12.15,OK,40.84,0.00,0.00,0.00,,ensemble
1490809,2026-06-04 08:35:47.418983+02,2026-06-04 08:36:00+02,22.63,13.62,9.64,16.00,0.00,0.00,12.33,OK,29.53,0.00,0.00,0.00,,ensemble
1491005,2026-06-04 18:23:35.801199+02,2026-06-04 18:24:00+02,10.29,19.90,12.27,13.80,0.00,0.00,35.74,OK,22.12,0.00,0.00,0.00,,ensemble
1490909,2026-06-04 13:36:42.974438+02,2026-06-04 13:36:00+02,6.93,10.76,13.01,9.90,0.00,0.00,3.33,OK,13.21,0.00,0.00,0.00,,ensemble
1490996,2026-06-04 17:57:07.153414+02,2026-06-04 17:57:00+02,12.48,11.92,4.12,9.80,0.00,0.00,25.39,OK,60.00,0.00,0.00,0.00,,ensemble
1491001,2026-06-04 18:12:45.022315+02,2026-06-04 18:12:00+02,11.66,15.11,3.43,10.20,0.00,0.00,25.44,OK,60.00,0.00,0.00,0.00,,ensemble
1491039,2026-06-04 20:06:02.43189+02,2026-06-04 20:06:00+02,7.73,10.23,7.01,8.30,0.00,0.00,,OK,,0.00,0.00,0.00,,ensemble
1491040,2026-06-04 20:07:57.236291+02,2026-06-04 20:09:00+02,0.00,11.02,5.37,4.90,0.00,0.00,,OK,,0.00,0.00,0.00,,ensemble
1570941,2026-06-05 10:06:13.283416+02,2026-06-05 10:06:00+02,16.06,4.75,16.46,12.80,0.00,0.00,10.00,OK,20.35,0.00,0.00,0.00,,ensemble
1570944,2026-06-05 10:15:37.417523+02,2026-06-05 10:15:00+02,15.78,4.75,2.97,8.60,0.00,0.00,1.99,OK,7.31,0.00,0.00,0.00,,ensemble
1490994,2026-06-04 17:50:25.20386+02,2026-06-04 17:51:00+02,14.19,12.48,3.84,10.60,0.00,0.00,22.30,OK,60.00,0.00,0.00,0.00,,ensemble
1490811,2026-06-04 08:42:01.985288+02,2026-06-04 08:42:00+02,22.95,10.74,7.65,14.70,0.00,0.00,13.14,OK,27.75,0.00,0.00,0.00,,ensemble
1490917,2026-06-04 14:00:10.297307+02,2026-06-04 14:00:00+02,7.70,7.28,8.02,7.70,0.00,0.00,3.40,OK,7.75,0.00,0.00,0.00,,ensemble
1570945,2026-06-05 10:16:38.796726+02,2026-06-05 10:18:00+02,15.64,4.75,1.44,8.10,0.00,0.00,1.79,OK,6.27,0.00,0.00,0.00,,ensemble
1490915,2026-06-04 13:54:23.958801+02,2026-06-04 13:54:00+02,7.53,6.55,5.21,6.50,0.00,0.00,1.46,OK,7.89,0.00,0.00,0.00,,ensemble
1491002,2026-06-04 18:14:00.466819+02,2026-06-04 18:15:00+02,11.30,10.20,3.40,8.60,0.00,0.00,21.33,OK,17.26,0.00,0.00,0.00,,ensemble
1491003,2026-06-04 18:14:00.466819+02,2026-06-04 18:18:00+02,10.95,10.34,0.87,7.70,0.00,0.00,27.13,OK,19.95,0.00,0.00,0.00,,ensemble
1490921,2026-06-04 14:11:47.825566+02,2026-06-04 14:12:00+02,8.95,11.19,10.06,10.00,0.00,0.00,4.61,OK,12.96,0.00,0.00,0.00,,ensemble
1490810,2026-06-04 08:39:33.783649+02,2026-06-04 08:39:00+02,22.78,12.51,8.68,15.50,0.00,0.00,12.88,OK,30.25,0.00,0.00,0.00,,ensemble
1490922,2026-06-04 14:11:47.825566+02,2026-06-04 14:15:00+02,9.06,10.99,10.81,10.20,0.00,0.00,6.27,OK,9.65,0.00,0.00,0.00,,ensemble
1570948,2026-06-05 10:25:14.548126+02,2026-06-05 10:27:00+02,16.05,4.75,15.72,12.60,0.00,0.00,9.02,OK,19.78,0.00,0.00,0.00,,ensemble
1571052,2026-06-05 15:33:43.853017+02,2026-06-05 15:39:00+02,15.79,12.36,13.81,14.20,0.00,0.00,16.59,OK,29.59,0.00,0.00,0.00,,ensemble
1570947,2026-06-05 10:22:44.135343+02,2026-06-05 10:24:00+02,16.25,4.75,5.13,9.50,0.00,0.00,3.54,OK,11.60,0.00,0.00,0.00,,ensemble
1570946,2026-06-05 10:21:45.806995+02,2026-06-05 10:21:00+02,14.10,4.75,9.32,9.90,0.00,0.00,4.20,OK,13.69,0.00,0.00,0.00,,ensemble
1490992,2026-06-04 17:45:31.348645+02,2026-06-04 17:45:00+02,14.40,13.19,4.45,11.10,0.00,0.00,9.92,OK,60.00,0.00,0.00,0.00,,ensemble
1490991,2026-06-04 17:41:05.917986+02,2026-06-04 17:42:00+02,14.77,12.32,3.53,10.70,0.00,0.00,5.86,OK,53.00,0.00,0.00,0.00,,ensemble
1570943,2026-06-05 10:12:40.873158+02,2026-06-05 10:12:00+02,15.90,4.75,5.70,9.50,0.00,0.00,3.33,OK,10.20,0.00,0.00,0.00,,ensemble
1490990,2026-06-04 17:40:03.501497+02,2026-06-04 17:39:00+02,15.13,15.43,13.52,14.70,0.00,0.00,11.87,OK,60.00,0.00,0.00,0.00,,ensemble
1570942,2026-06-05 10:09:18.413962+02,2026-06-05 10:09:00+02,15.99,4.75,7.34,10.00,0.00,0.00,4.49,OK,10.37,0.00,0.00,0.00,,ensemble
1570939,2026-06-05 10:00:17.366337+02,2026-06-05 10:00:00+02,13.49,4.75,17.01,11.90,0.00,0.00,7.18,OK,18.15,0.00,0.00,0.00,,ensemble
1570940,2026-06-05 10:03:45.134433+02,2026-06-05 10:03:00+02,13.46,4.75,23.79,13.90,0.00,0.00,10.30,OK,21.47,0.00,0.00,0.00,,ensemble
1652724,2026-06-06 11:43:47.902262+02,2026-06-06 11:42:00+02,10.64,14.66,5.48,10.30,0.00,0.00,4.08,OK,12.73,0.00,0.00,0.00,,ensemble
1652803,2026-06-06 15:38:38.656994+02,2026-06-06 15:39:00+02,22.79,14.31,14.78,17.80,0.00,0.00,16.46,OK,33.88,0.00,0.00,0.00,,ensemble
1652804,2026-06-06 15:38:38.656994+02,2026-06-06 15:42:00+02,23.03,13.89,14.25,17.70,0.00,0.00,20.92,OK,33.22,0.00,0.00,0.00,,ensemble
1652841,2026-06-06 17:33:02.533935+02,2026-06-06 17:33:00+02,21.84,15.55,11.15,16.70,0.00,0.00,11.82,OK,33.07,0.00,0.00,0.00,,ensemble
1652688,2026-06-06 09:56:54.101249+02,2026-06-06 09:54:00+02,11.56,5.74,6.98,8.40,0.00,0.00,2.72,OK,7.79,0.00,0.00,0.00,,ensemble
1652723,2026-06-06 11:40:31.498588+02,2026-06-06 11:39:00+02,10.77,14.18,8.15,11.00,0.00,0.00,5.46,OK,16.40,0.00,0.00,0.00,,ensemble
1720674,2026-06-08 11:43:23.175204+02,2026-06-08 11:45:00+02,12.51,13.86,7.59,11.40,0.00,0.00,6.31,OK,14.26,0.00,0.00,0.00,,ensemble
1720673,2026-06-08 11:42:24.856135+02,2026-06-08 11:42:00+02,12.59,13.44,12.32,12.80,0.00,0.00,8.53,OK,18.14,0.00,0.00,0.00,,ensemble
1720678,2026-06-08 11:55:47.118584+02,2026-06-08 11:57:00+02,11.67,12.16,7.61,10.60,0.00,0.00,4.62,OK,11.29,0.00,0.00,0.00,,ensemble
1802780,2026-06-09 09:12:19.22541+02,2026-06-09 09:12:00+02,9.12,7.43,3.18,6.80,0.00,0.00,1.87,OK,4.04,0.00,0.00,0.00,,ensemble
1802904,2026-06-09 15:21:53.403029+02,2026-06-09 15:24:00+02,14.87,10.17,10.66,12.20,0.00,0.00,7.07,OK,23.90,0.00,0.00,0.00,,ensemble
1490912,2026-06-04 13:42:28.009582+02,2026-06-04 13:45:00+02,7.09,9.24,4.84,7.10,0.00,0.00,1.87,OK,9.07,0.00,0.00,0.00,,ensemble
1490914,2026-06-04 13:50:38.257508+02,2026-06-04 13:51:00+02,10.37,6.43,5.35,7.70,0.00,0.00,3.03,OK,13.29,0.00,0.00,0.00,,ensemble
1490918,2026-06-04 14:00:10.297307+02,2026-06-04 14:03:00+02,7.80,7.75,9.12,8.20,0.00,0.00,4.78,OK,7.31,0.00,0.00,0.00,,ensemble
1490920,2026-06-04 14:06:22.288604+02,2026-06-04 14:09:00+02,10.94,10.43,13.63,11.60,0.00,0.00,10.71,OK,15.51,0.00,0.00,0.00,,ensemble
1490925,2026-06-04 14:23:30.650059+02,2026-06-04 14:24:00+02,10.05,5.46,5.29,7.20,0.00,0.00,0.00,OK,0.79,0.00,0.00,0.00,,ensemble
1490926,2026-06-04 14:23:30.650059+02,2026-06-04 14:27:00+02,10.17,6.08,4.71,7.30,0.00,0.00,0.71,OK,2.06,0.00,0.00,0.00,,ensemble
1490927,2026-06-04 14:29:20.701695+02,2026-06-04 14:30:00+02,10.29,7.70,1.79,7.00,0.00,0.00,0.00,OK,1.12,0.00,0.00,0.00,,ensemble
1490928,2026-06-04 14:29:20.701695+02,2026-06-04 14:33:00+02,10.42,8.18,0.94,6.90,0.00,0.00,0.00,OK,2.63,0.00,0.00,0.00,,ensemble
1490932,2026-06-04 14:43:00.535064+02,2026-06-04 14:45:00+02,10.53,4.92,2.39,6.40,0.00,0.00,0.14,OK,2.50,0.00,0.00,0.00,,ensemble
1490933,2026-06-04 14:43:00.535064+02,2026-06-04 14:48:00+02,10.64,5.43,1.85,6.40,0.00,0.00,0.97,OK,3.09,0.00,0.00,0.00,,ensemble
1490935,2026-06-04 14:54:06.899213+02,2026-06-04 14:54:00+02,12.63,5.70,2.28,7.40,0.00,0.00,1.40,OK,6.00,0.00,0.00,0.00,,ensemble
1490930,2026-06-04 14:38:22.208945+02,2026-06-04 14:39:00+02,11.26,5.59,3.78,7.30,0.00,0.00,0.10,OK,4.76,0.00,0.00,0.00,,ensemble
1490931,2026-06-04 14:38:22.208945+02,2026-06-04 14:42:00+02,11.37,6.17,3.89,7.60,0.00,0.00,0.93,OK,5.77,0.00,0.00,0.00,,ensemble
1490940,2026-06-04 15:10:02.922324+02,2026-06-04 15:09:00+02,11.23,10.92,16.40,12.70,0.00,0.00,8.16,OK,12.94,0.00,0.00,0.00,,ensemble
1490960,2026-06-04 16:10:01.246892+02,2026-06-04 16:09:00+02,13.93,11.55,6.20,10.90,0.00,0.00,5.97,OK,7.92,0.00,0.00,0.00,,ensemble
1490961,2026-06-04 16:12:27.916802+02,2026-06-04 16:12:00+02,14.34,8.84,2.36,9.10,0.00,0.00,2.30,OK,5.46,0.00,0.00,0.00,,ensemble
1490964,2026-06-04 16:19:59.418434+02,2026-06-04 16:21:00+02,14.72,8.53,9.02,11.20,0.00,0.00,2.92,OK,12.10,0.00,0.00,0.00,,ensemble
1490965,2026-06-04 16:24:15.714514+02,2026-06-04 16:24:00+02,14.85,7.01,4.77,9.50,0.00,0.00,0.71,OK,6.83,0.00,0.00,0.00,,ensemble
1490956,2026-06-04 15:53:54.767802+02,2026-06-04 15:57:00+02,13.42,6.91,1.60,7.90,0.00,0.00,2.26,OK,6.53,0.00,0.00,0.00,,ensemble
1571002,2026-06-05 13:07:33.735637+02,2026-06-05 13:09:00+02,11.21,15.13,4.81,10.50,0.00,0.00,5.49,OK,13.80,0.00,0.00,0.00,,ensemble
1490967,2026-06-04 16:30:51.666228+02,2026-06-04 16:30:00+02,20.30,6.08,4.30,11.20,0.00,0.00,4.06,OK,18.82,0.00,0.00,0.00,,ensemble
1571003,2026-06-05 13:11:13.552026+02,2026-06-05 13:12:00+02,11.23,17.01,8.55,12.20,0.00,0.00,6.42,OK,19.56,0.00,0.00,0.00,,ensemble
1571049,2026-06-05 15:31:06.061268+02,2026-06-05 15:30:00+02,16.54,7.59,7.39,11.10,0.00,0.00,6.08,OK,20.54,0.00,0.00,0.00,,ensemble
1490962,2026-06-04 16:15:48.037509+02,2026-06-04 16:15:00+02,14.47,8.89,10.72,11.70,0.00,0.00,5.02,OK,12.57,0.00,0.00,0.00,,ensemble
1490963,2026-06-04 16:15:48.037509+02,2026-06-04 16:18:00+02,14.60,8.99,11.34,11.90,0.00,0.00,5.47,OK,12.79,0.00,0.00,0.00,,ensemble
1490924,2026-06-04 14:20:13.162504+02,2026-06-04 14:21:00+02,9.30,4.82,1.54,5.60,0.00,0.00,0.00,OK,0.00,0.00,0.00,0.00,,ensemble
1490966,2026-06-04 16:27:38.589842+02,2026-06-04 16:27:00+02,14.96,6.76,4.81,9.50,0.00,0.00,2.06,OK,9.38,0.00,0.00,0.00,,ensemble
1571007,2026-06-05 13:23:25.304459+02,2026-06-05 13:24:00+02,11.91,12.13,7.84,10.80,0.00,0.00,4.86,OK,12.18,0.00,0.00,0.00,,ensemble
1490916,2026-06-04 13:54:23.958801+02,2026-06-04 13:57:00+02,7.61,7.05,5.67,6.90,0.00,0.00,2.02,OK,7.48,0.00,0.00,0.00,,ensemble
1490957,2026-06-04 16:01:21.966052+02,2026-06-04 16:00:00+02,13.54,10.70,18.96,14.30,0.00,0.00,15.43,OK,23.24,0.00,0.00,0.00,,ensemble
1490958,2026-06-04 16:01:21.966052+02,2026-06-04 16:03:00+02,13.67,11.21,18.56,14.40,0.00,0.00,16.95,OK,20.04,0.00,0.00,0.00,,ensemble
1490959,2026-06-04 16:01:21.966052+02,2026-06-04 16:06:00+02,13.80,11.25,18.56,14.50,0.00,0.00,21.86,OK,20.57,0.00,0.00,0.00,,ensemble
1571006,2026-06-05 13:20:41.091768+02,2026-06-05 13:21:00+02,15.19,12.13,3.89,10.90,0.00,0.00,5.07,OK,12.26,0.00,0.00,0.00,,ensemble
1571010,2026-06-05 13:31:47.641356+02,2026-06-05 13:33:00+02,12.02,9.46,4.86,9.10,0.00,0.00,2.65,OK,9.79,0.00,0.00,0.00,,ensemble
1571051,2026-06-05 15:33:43.853017+02,2026-06-05 15:36:00+02,15.67,12.22,13.00,13.80,0.00,0.00,13.01,OK,30.99,0.00,0.00,0.00,,ensemble
1571009,2026-06-05 13:29:25.359085+02,2026-06-05 13:30:00+02,11.98,10.32,4.06,9.10,0.00,0.00,2.97,OK,10.97,0.00,0.00,0.00,,ensemble
1652726,2026-06-06 11:49:46.750319+02,2026-06-06 11:48:00+02,10.45,15.73,11.04,12.20,0.00,0.00,6.24,OK,19.53,0.00,0.00,0.00,,ensemble
1571008,2026-06-05 13:25:40.797822+02,2026-06-05 13:27:00+02,11.94,10.24,3.16,8.80,0.00,0.00,4.04,OK,10.17,0.00,0.00,0.00,,ensemble
1652727,2026-06-06 11:53:48.043473+02,2026-06-06 11:51:00+02,10.38,20.22,12.49,14.00,0.00,0.00,9.28,OK,27.03,0.00,0.00,0.00,,ensemble
1652728,2026-06-06 11:53:48.043473+02,2026-06-06 11:54:00+02,10.34,19.77,11.54,13.50,0.00,0.00,13.83,OK,22.48,0.00,0.00,0.00,,ensemble
1652689,2026-06-06 09:56:54.101249+02,2026-06-06 09:57:00+02,11.62,6.42,5.89,8.30,0.00,0.00,3.94,OK,8.71,0.00,0.00,0.00,,ensemble
1490938,2026-06-04 15:01:35.996057+02,2026-06-04 15:03:00+02,11.03,9.20,2.16,7.80,0.00,0.00,2.40,OK,2.59,0.00,0.00,0.00,,ensemble
1490939,2026-06-04 15:01:35.996057+02,2026-06-04 15:06:00+02,11.13,9.67,1.50,7.80,0.00,0.00,3.73,OK,2.61,0.00,0.00,0.00,,ensemble
1490923,2026-06-04 14:17:33.4358+02,2026-06-04 14:18:00+02,9.18,6.29,1.98,6.20,0.00,0.00,0.00,OK,0.00,0.00,0.00,0.00,,ensemble
1490936,2026-06-04 14:55:32.284086+02,2026-06-04 14:57:00+02,10.83,6.21,5.36,7.80,0.00,0.00,1.36,OK,5.90,0.00,0.00,0.00,,ensemble
1490937,2026-06-04 14:55:32.284086+02,2026-06-04 15:00:00+02,10.93,6.54,6.04,8.10,0.00,0.00,3.78,OK,6.88,0.00,0.00,0.00,,ensemble
1490934,2026-06-04 14:49:20.388516+02,2026-06-04 14:51:00+02,10.75,8.34,8.87,9.50,0.00,0.00,4.02,OK,14.94,0.00,0.00,0.00,,ensemble
1652725,2026-06-06 11:47:54.960735+02,2026-06-06 11:45:00+02,10.54,16.35,15.80,13.90,0.00,0.00,8.60,OK,23.25,0.00,0.00,0.00,,ensemble
1571005,2026-06-05 13:17:14.534033+02,2026-06-05 13:18:00+02,11.26,13.23,3.35,9.50,0.00,0.00,3.11,OK,6.80,0.00,0.00,0.00,,ensemble
1571004,2026-06-05 13:15:16.782823+02,2026-06-05 13:15:00+02,11.25,16.38,9.17,12.20,0.00,0.00,6.18,OK,12.10,0.00,0.00,0.00,,ensemble
1652813,2026-06-06 16:08:09.294481+02,2026-06-06 16:09:00+02,25.47,9.85,3.43,14.20,0.00,0.00,10.82,OK,32.65,0.00,0.00,0.00,,ensemble
1652842,2026-06-06 17:41:31.680382+02,2026-06-06 17:36:00+02,21.41,17.30,12.03,17.40,0.00,0.00,13.00,OK,46.95,0.00,0.00,0.00,,ensemble
1652843,2026-06-06 17:49:00.147383+02,2026-06-06 17:39:00+02,21.54,18.05,11.79,17.60,0.00,0.00,12.46,OK,47.17,0.00,0.00,0.00,,ensemble
1652729,2026-06-06 12:00:24.899528+02,2026-06-06 11:57:00+02,10.74,17.56,11.63,13.10,0.00,0.00,9.35,OK,19.70,0.00,0.00,0.00,,ensemble
1720714,2026-06-08 13:44:45.085185+02,2026-06-08 13:45:00+02,14.53,10.67,4.25,10.30,0.00,0.00,6.20,OK,16.56,0.00,0.00,0.00,,ensemble
1720718,2026-06-08 13:56:54.635929+02,2026-06-08 13:57:00+02,14.87,7.76,6.20,10.10,0.00,0.00,5.46,OK,14.66,0.00,0.00,0.00,,ensemble
1720715,2026-06-08 13:46:51.249038+02,2026-06-08 13:48:00+02,14.61,10.48,6.84,11.00,0.00,0.00,5.52,OK,15.90,0.00,0.00,0.00,,ensemble
1490948,2026-06-04 15:32:47.630123+02,2026-06-04 15:33:00+02,13.17,12.07,2.37,9.60,0.00,0.00,1.12,OK,9.61,0.00,0.00,0.00,,ensemble
1490971,2026-06-04 16:41:08.050053+02,2026-06-04 16:42:00+02,15.34,8.84,3.03,9.70,0.00,0.00,4.32,OK,15.15,0.00,0.00,0.00,,ensemble
1490985,2026-06-04 17:33:14.68881+02,2026-06-04 17:24:00+02,15.05,14.48,4.14,11.60,0.00,0.00,5.38,OK,14.34,0.00,0.00,0.00,,ensemble
1491028,2026-06-04 19:33:42.570452+02,2026-06-04 19:33:00+02,0.00,13.00,12.53,7.70,2.65,0.00,2.86,OK,4.00,0.31,0.00,0.00,,ensemble
1490986,2026-06-04 17:33:14.68881+02,2026-06-04 17:27:00+02,14.79,14.19,2.91,11.00,0.00,0.00,7.73,OK,16.19,0.00,0.00,0.00,,ensemble
1490987,2026-06-04 17:33:14.68881+02,2026-06-04 17:30:00+02,14.51,13.92,1.85,10.50,0.00,0.00,8.33,OK,25.61,0.00,0.00,0.00,,ensemble
1490981,2026-06-04 17:13:39.276101+02,2026-06-04 17:12:00+02,21.20,14.27,10.85,16.00,0.00,0.00,11.08,OK,27.48,0.00,0.00,0.00,,ensemble
1490970,2026-06-04 16:34:51.291769+02,2026-06-04 16:39:00+02,15.27,7.55,1.67,8.90,0.00,0.00,1.85,OK,9.38,0.00,0.00,0.00,,ensemble
1490982,2026-06-04 17:32:59.748285+02,2026-06-04 17:15:00+02,15.67,13.19,4.35,11.50,0.00,0.00,5.96,OK,13.77,0.00,0.00,0.00,,ensemble
1490983,2026-06-04 17:32:59.748285+02,2026-06-04 17:18:00+02,15.49,13.23,2.59,10.90,0.00,0.00,7.08,OK,17.42,0.00,0.00,0.00,,ensemble
1490984,2026-06-04 17:32:59.748285+02,2026-06-04 17:21:00+02,15.28,13.40,2.06,10.70,0.00,0.00,8.57,OK,20.11,0.00,0.00,0.00,,ensemble
1490988,2026-06-04 17:33:14.68881+02,2026-06-04 17:33:00+02,14.21,13.71,0.80,10.00,0.00,2.01,11.11,OK,42.01,0.00,0.00,0.00,,ensemble
1490989,2026-06-04 17:33:14.68881+02,2026-06-04 17:36:00+02,13.88,13.57,0.71,9.80,0.00,3.74,13.21,OK,56.25,0.00,0.00,0.00,,ensemble
1490972,2026-06-04 16:45:50.529881+02,2026-06-04 16:45:00+02,15.39,13.91,16.55,15.30,0.00,0.00,12.28,OK,39.53,0.00,0.00,0.00,,ensemble
1570949,2026-06-05 10:29:08.760302+02,2026-06-05 10:30:00+02,15.82,4.75,3.30,8.70,0.00,0.00,3.10,OK,9.32,0.00,0.00,0.00,,ensemble
1491029,2026-06-04 19:34:39.966425+02,2026-06-04 19:36:00+02,9.93,10.19,3.83,8.20,0.00,0.00,2.19,OK,22.81,0.00,0.00,0.00,,ensemble
1491030,2026-06-04 19:34:39.966425+02,2026-06-04 19:39:00+02,9.87,10.72,1.67,7.70,0.00,0.00,2.78,OK,29.26,0.00,0.00,0.00,,ensemble
1491025,2026-06-04 19:23:47.675925+02,2026-06-04 19:24:00+02,10.13,12.83,9.87,10.90,0.00,0.00,26.04,OK,17.40,0.00,0.00,0.00,,ensemble
1491026,2026-06-04 19:23:47.675925+02,2026-06-04 19:27:00+02,10.11,12.73,5.54,9.50,0.00,0.00,33.91,OK,18.71,0.00,0.00,0.00,,ensemble
1570950,2026-06-05 10:33:24.797308+02,2026-06-05 10:33:00+02,15.57,7.18,4.86,9.80,0.00,0.00,4.37,OK,12.39,0.00,0.00,0.00,,ensemble
1570951,2026-06-05 10:35:18.333545+02,2026-06-05 10:36:00+02,15.31,8.89,5.15,10.30,0.00,0.00,4.40,OK,14.37,0.00,0.00,0.00,,ensemble
1570954,2026-06-05 10:44:36.422563+02,2026-06-05 10:45:00+02,14.43,5.92,6.14,9.40,0.00,0.00,3.84,OK,13.58,0.00,0.00,0.00,,ensemble
1491006,2026-06-04 18:27:24.307359+02,2026-06-04 18:27:00+02,9.99,19.80,4.18,11.20,0.00,0.00,28.83,OK,16.83,0.00,0.00,0.00,,ensemble
1570955,2026-06-05 10:47:59.936537+02,2026-06-05 10:48:00+02,14.13,6.76,6.76,9.70,0.00,0.00,4.10,OK,15.35,0.00,0.00,0.00,,ensemble
1491031,2026-06-04 19:41:36.793535+02,2026-06-04 19:42:00+02,9.79,13.85,2.30,8.80,4.22,0.00,3.26,OK,37.24,6.79,0.00,0.00,,ensemble
1570956,2026-06-05 10:50:48.626646+02,2026-06-05 10:51:00+02,13.83,8.51,5.46,9.70,0.00,0.00,4.82,OK,17.52,0.00,0.00,0.00,,ensemble
1570957,2026-06-05 10:54:47.390393+02,2026-06-05 10:54:00+02,11.67,10.99,13.30,12.00,0.00,0.00,7.69,OK,16.54,0.00,0.00,0.00,,ensemble
1491007,2026-06-04 18:27:24.307359+02,2026-06-04 18:30:00+02,9.71,18.62,2.08,10.10,0.00,0.00,11.17,OK,25.75,0.00,0.00,0.00,,ensemble
1570960,2026-06-05 11:03:30.080691+02,2026-06-05 11:03:00+02,12.63,12.69,5.24,10.40,0.00,0.00,5.00,OK,10.21,0.00,0.00,0.00,,ensemble
1490980,2026-06-04 17:06:46.542471+02,2026-06-04 17:09:00+02,15.37,9.77,7.56,11.30,0.00,0.00,10.56,OK,13.55,0.00,0.00,0.00,,ensemble
1570961,2026-06-05 11:06:35.241718+02,2026-06-05 11:06:00+02,12.35,8.57,7.31,9.70,0.00,0.00,5.08,OK,9.18,0.00,0.00,0.00,,ensemble
1570952,2026-06-05 10:38:18.882465+02,2026-06-05 10:39:00+02,13.35,9.32,11.76,11.70,0.00,0.00,6.38,OK,17.91,0.00,0.00,0.00,,ensemble
1491027,2026-06-04 19:28:31.283843+02,2026-06-04 19:30:00+02,10.09,12.14,3.24,8.60,0.00,0.00,5.86,OK,17.46,0.00,0.00,0.00,,ensemble
1570953,2026-06-05 10:41:41.79249+02,2026-06-05 10:42:00+02,14.73,5.74,2.34,8.30,0.00,0.00,2.04,OK,9.04,0.00,0.00,0.00,,ensemble
1570958,2026-06-05 10:57:16.268618+02,2026-06-05 10:57:00+02,13.22,10.95,7.18,10.70,0.00,0.00,5.45,OK,13.46,0.00,0.00,0.00,,ensemble
1570959,2026-06-05 11:00:44.502886+02,2026-06-05 11:00:00+02,12.92,12.64,13.94,13.10,0.00,0.00,8.19,OK,17.91,0.00,0.00,0.00,,ensemble
1571050,2026-06-05 15:33:43.853017+02,2026-06-05 15:33:00+02,15.55,11.69,12.66,13.50,0.00,0.00,9.11,OK,25.05,0.00,0.00,0.00,,ensemble
1652691,2026-06-06 10:05:50.229677+02,2026-06-06 10:03:00+02,11.68,5.74,4.21,7.70,0.00,0.00,2.31,OK,7.15,0.00,0.00,0.00,,ensemble
1571054,2026-06-05 15:46:05.176827+02,2026-06-05 15:45:00+02,16.03,13.72,14.69,14.90,0.00,0.00,10.69,OK,31.53,0.00,0.00,0.00,,ensemble
1652694,2026-06-06 10:14:47.036633+02,2026-06-06 10:12:00+02,11.58,5.74,5.27,7.90,0.00,0.00,1.61,OK,8.30,0.00,0.00,0.00,,ensemble
1652690,2026-06-06 09:56:54.101249+02,2026-06-06 10:00:00+02,11.66,7.59,5.83,8.70,0.00,0.00,5.10,OK,9.41,0.00,0.00,0.00,,ensemble
1571055,2026-06-05 15:49:10.866617+02,2026-06-05 15:48:00+02,18.36,12.00,5.11,12.50,0.00,0.00,7.41,OK,26.01,0.00,0.00,0.00,,ensemble
1652692,2026-06-06 10:10:11.85249+02,2026-06-06 10:06:00+02,11.67,5.74,3.56,7.50,0.00,0.00,2.32,OK,6.45,0.00,0.00,0.00,,ensemble
1652693,2026-06-06 10:10:11.85249+02,2026-06-06 10:09:00+02,11.64,6.42,3.38,7.60,0.00,0.00,2.21,OK,8.58,0.00,0.00,0.00,,ensemble
1652731,2026-06-06 12:04:28.479044+02,2026-06-06 12:03:00+02,10.76,16.21,6.00,11.00,0.00,0.00,5.76,OK,11.21,0.00,0.00,0.00,,ensemble
1652834,2026-06-06 17:12:54.944699+02,2026-06-06 17:12:00+02,23.86,11.56,4.60,14.40,0.00,0.00,8.07,OK,27.03,0.00,0.00,0.00,,ensemble
1571058,2026-06-05 15:51:56.243288+02,2026-06-05 15:57:00+02,16.82,9.84,7.45,11.90,0.00,0.00,12.85,OK,24.64,0.00,0.00,0.00,,ensemble
1652730,2026-06-06 12:00:24.899528+02,2026-06-06 12:00:00+02,10.74,16.54,10.40,12.40,0.00,0.00,12.01,OK,21.37,0.00,0.00,0.00,,ensemble
1652833,2026-06-06 17:09:06.183524+02,2026-06-06 17:09:00+02,23.08,12.53,5.56,14.70,0.00,0.00,8.54,OK,25.91,0.00,0.00,0.00,,ensemble
1720697,2026-06-08 12:55:04.742566+02,2026-06-08 12:54:00+02,3.19,15.90,8.25,8.50,0.00,0.00,2.83,OK,7.84,0.00,0.00,0.00,,ensemble
1652821,2026-06-06 16:34:25.147315+02,2026-06-06 16:33:00+02,23.21,14.03,8.69,16.10,0.00,0.00,11.53,OK,23.95,0.00,0.00,0.00,,ensemble
1652832,2026-06-06 17:05:01.58426+02,2026-06-06 17:06:00+02,25.17,12.21,3.83,14.90,0.00,0.00,12.67,OK,25.26,0.00,0.00,0.00,,ensemble
1720733,2026-06-08 14:41:41.930756+02,2026-06-08 14:42:00+02,16.90,10.59,4.68,11.30,0.00,0.00,7.00,OK,18.07,0.00,0.00,0.00,,ensemble
1720708,2026-06-08 13:27:11.258188+02,2026-06-08 13:27:00+02,8.99,12.95,4.74,8.90,0.00,0.00,3.08,OK,9.52,0.00,0.00,0.00,,ensemble
1720713,2026-06-08 13:40:35.474133+02,2026-06-08 13:42:00+02,15.28,6.91,7.02,10.30,0.00,0.00,6.46,OK,15.87,0.00,0.00,0.00,,ensemble
1803003,2026-06-09 16:42:32.950429+02,2026-06-09 20:21:00+02,7.23,10.67,0.00,6.10,52.36,,,ALERT,,0.00,0.00,0.00,,ensemble
1490977,2026-06-04 16:59:07.048342+02,2026-06-04 17:00:00+02,15.62,9.93,2.24,9.90,0.00,0.00,7.62,OK,11.14,0.00,0.00,0.00,,ensemble
1570962,2026-06-05 11:09:44.365712+02,2026-06-05 11:09:00+02,12.08,11.32,14.19,12.50,0.00,0.00,7.23,OK,15.32,0.00,0.00,0.00,,ensemble
1570964,2026-06-05 11:13:27.174771+02,2026-06-05 11:15:00+02,11.61,11.17,3.56,9.10,0.00,0.00,2.11,OK,5.29,0.00,0.00,0.00,,ensemble
1490978,2026-06-04 17:04:09.640738+02,2026-06-04 17:03:00+02,15.56,13.07,13.88,14.30,0.00,0.00,14.21,OK,21.31,0.00,0.00,0.00,,ensemble
1570969,2026-06-05 11:28:28.07556+02,2026-06-05 11:30:00+02,10.47,12.83,4.41,9.40,0.00,0.00,3.24,OK,8.82,0.00,0.00,0.00,,ensemble
1570970,2026-06-05 11:32:21.488767+02,2026-06-05 11:33:00+02,10.34,13.12,8.02,10.50,0.00,0.00,4.42,OK,11.99,0.00,0.00,0.00,,ensemble
1570972,2026-06-05 11:38:43.228841+02,2026-06-05 11:39:00+02,10.16,14.28,8.11,10.80,0.00,0.00,5.19,OK,14.23,0.00,0.00,0.00,,ensemble
1570973,2026-06-05 11:42:45.602089+02,2026-06-05 11:42:00+02,10.09,12.83,8.43,10.40,0.00,0.00,5.05,OK,14.95,0.00,0.00,0.00,,ensemble
1570975,2026-06-05 11:47:20.172777+02,2026-06-05 11:48:00+02,10.05,11.39,3.90,8.60,0.00,0.00,2.18,OK,8.10,0.00,0.00,0.00,,ensemble
1570976,2026-06-05 11:51:00.042541+02,2026-06-05 11:51:00+02,10.05,13.77,13.60,12.20,0.00,0.00,8.35,OK,22.69,0.00,0.00,0.00,,ensemble
1570977,2026-06-05 11:54:39.543658+02,2026-06-05 11:54:00+02,10.06,14.57,5.66,10.10,0.00,0.00,5.14,OK,12.09,0.00,0.00,0.00,,ensemble
1570978,2026-06-05 11:57:05.435464+02,2026-06-05 11:57:00+02,10.09,9.79,6.86,9.00,0.00,0.00,3.84,OK,10.69,0.00,0.00,0.00,,ensemble
1570981,2026-06-05 12:05:50.747922+02,2026-06-05 12:06:00+02,9.60,10.57,11.56,10.50,0.00,0.00,7.14,OK,13.94,0.00,0.00,0.00,,ensemble
1570982,2026-06-05 12:09:25.678476+02,2026-06-05 12:09:00+02,9.66,20.85,22.13,16.80,0.00,0.00,12.92,OK,25.93,0.00,0.00,0.00,,ensemble
1570983,2026-06-05 12:12:20.616962+02,2026-06-05 12:12:00+02,9.73,20.42,12.50,13.80,0.00,0.00,8.66,OK,22.10,0.00,0.00,0.00,,ensemble
1570985,2026-06-05 12:18:32.953251+02,2026-06-05 12:18:00+02,10.34,11.18,7.62,9.80,0.00,0.00,3.38,OK,11.59,0.00,0.00,0.00,,ensemble
1570980,2026-06-05 12:03:12.953655+02,2026-06-05 12:03:00+02,9.55,8.44,7.75,8.70,0.00,0.00,3.48,OK,9.34,0.00,0.00,0.00,,ensemble
1570979,2026-06-05 11:59:53.371007+02,2026-06-05 12:00:00+02,8.14,8.79,5.06,7.40,0.00,0.00,1.75,OK,5.98,0.00,0.00,0.00,,ensemble
1570974,2026-06-05 11:44:45.259959+02,2026-06-05 11:45:00+02,10.07,11.25,4.95,8.90,0.00,0.00,2.71,OK,9.70,0.00,0.00,0.00,,ensemble
1570971,2026-06-05 11:34:47.460939+02,2026-06-05 11:36:00+02,10.24,14.10,4.36,9.60,1.18,0.00,3.02,OK,10.10,0.00,0.00,0.00,,ensemble
1570968,2026-06-05 11:27:19.105584+02,2026-06-05 11:27:00+02,9.22,11.87,9.92,10.20,0.00,0.00,4.62,OK,11.13,0.00,0.00,0.00,,ensemble
1570963,2026-06-05 11:12:51.551712+02,2026-06-05 11:12:00+02,11.85,10.83,10.03,11.00,0.00,0.00,5.03,OK,15.39,0.00,0.00,0.00,,ensemble
1570965,2026-06-05 11:15:56.606468+02,2026-06-05 11:18:00+02,11.39,11.17,7.47,10.10,0.00,0.00,3.50,OK,9.61,0.00,0.00,0.00,,ensemble
1570966,2026-06-05 11:19:50.589386+02,2026-06-05 11:21:00+02,11.18,10.54,3.23,8.60,0.00,0.00,1.50,OK,4.59,0.00,0.00,0.00,,ensemble
1570967,2026-06-05 11:22:12.482553+02,2026-06-05 11:24:00+02,10.99,10.70,12.01,11.20,0.00,0.00,5.31,OK,15.79,0.00,0.00,0.00,,ensemble
1571056,2026-06-05 15:51:56.243288+02,2026-06-05 15:51:00+02,16.54,9.09,7.84,11.70,0.00,0.00,8.26,OK,25.33,0.00,0.00,0.00,,ensemble
1571057,2026-06-05 15:51:56.243288+02,2026-06-05 15:54:00+02,16.68,9.30,7.64,11.80,0.00,0.00,10.86,OK,23.40,0.00,0.00,0.00,,ensemble
1570984,2026-06-05 12:15:42.706899+02,2026-06-05 12:15:00+02,9.80,17.27,6.83,11.20,0.00,0.00,4.81,OK,11.27,0.00,0.00,0.00,,ensemble
1571059,2026-06-05 16:00:36.415754+02,2026-06-05 16:00:00+02,16.96,10.68,11.04,13.30,0.00,0.00,12.09,OK,27.06,0.00,0.00,0.00,,ensemble
1652696,2026-06-06 10:18:38.518871+02,2026-06-06 10:18:00+02,13.04,5.74,15.77,11.70,0.00,0.00,6.02,OK,15.65,0.00,0.00,0.00,,ensemble
1652697,2026-06-06 10:18:38.518871+02,2026-06-06 10:21:00+02,12.92,6.42,14.79,11.50,0.00,0.00,8.41,OK,17.86,0.00,0.00,0.00,,ensemble
1652698,2026-06-06 10:18:38.518871+02,2026-06-06 10:24:00+02,12.77,7.59,13.66,11.50,0.00,0.00,12.06,OK,20.46,0.00,0.00,0.00,,ensemble
1652703,2026-06-06 10:41:29.194005+02,2026-06-06 10:39:00+02,13.91,9.90,6.40,10.50,0.00,0.00,4.13,OK,12.08,0.00,0.00,0.00,,ensemble
1652704,2026-06-06 10:41:29.194005+02,2026-06-06 10:42:00+02,13.65,10.32,5.31,10.10,0.00,0.00,5.12,OK,13.28,0.00,0.00,0.00,,ensemble
1652711,2026-06-06 11:04:39.05287+02,2026-06-06 11:03:00+02,12.41,11.51,4.45,9.80,0.00,0.00,4.22,OK,8.88,0.00,0.00,0.00,,ensemble
1652733,2026-06-06 12:10:01.717202+02,2026-06-06 12:09:00+02,10.86,16.05,7.39,11.40,0.00,0.00,5.03,OK,13.61,0.00,0.00,0.00,,ensemble
1652699,2026-06-06 10:31:15.555496+02,2026-06-06 10:27:00+02,12.60,5.74,16.33,11.70,0.00,0.00,7.54,OK,15.37,0.00,0.00,0.00,,ensemble
1652695,2026-06-06 10:18:18.276697+02,2026-06-06 10:15:00+02,13.13,5.74,12.42,10.70,0.00,0.00,4.41,OK,16.24,0.00,0.00,0.00,,ensemble
1652700,2026-06-06 10:31:15.555496+02,2026-06-06 10:30:00+02,12.41,6.42,15.61,11.60,0.00,0.00,8.70,OK,17.17,0.00,0.00,0.00,,ensemble
1652701,2026-06-06 10:35:34.122116+02,2026-06-06 10:33:00+02,14.03,8.24,4.58,9.50,0.00,0.00,3.28,OK,9.29,0.00,0.00,0.00,,ensemble
1652702,2026-06-06 10:39:26.717769+02,2026-06-06 10:36:00+02,14.15,10.28,9.83,11.70,0.00,0.00,5.77,OK,15.82,0.00,0.00,0.00,,ensemble
1652778,2026-06-06 14:21:32.543405+02,2026-06-06 14:24:00+02,17.32,7.83,4.38,10.60,0.00,0.00,7.71,OK,17.05,0.00,0.00,0.00,,ensemble
1652779,2026-06-06 14:21:32.543405+02,2026-06-06 14:27:00+02,17.42,8.24,5.08,11.00,0.00,0.00,9.67,OK,18.22,0.00,0.00,0.00,,ensemble
1652852,2026-06-06 18:07:05.162176+02,2026-06-06 18:06:00+02,18.70,16.98,11.53,16.00,0.00,0.00,37.76,OK,56.84,0.00,0.00,0.00,,ensemble
1652847,2026-06-06 17:54:19.689038+02,2026-06-06 17:51:00+02,20.13,17.27,14.26,17.50,0.00,0.00,36.36,OK,60.00,0.00,0.00,0.00,,ensemble
1652732,2026-06-06 12:07:51.60333+02,2026-06-06 12:06:00+02,10.80,14.90,12.24,12.50,0.00,0.00,9.73,OK,20.84,0.00,0.00,0.00,,ensemble
1652741,2026-06-06 12:35:28.471231+02,2026-06-06 12:33:00+02,11.97,12.44,4.95,10.00,0.00,0.00,5.96,OK,10.26,0.00,0.00,0.00,,ensemble
1652848,2026-06-06 17:54:19.689038+02,2026-06-06 17:54:00+02,19.83,16.51,14.79,17.30,0.00,0.00,48.24,OK,56.69,0.00,0.00,0.00,,ensemble
1652737,2026-06-06 12:21:17.960123+02,2026-06-06 12:21:00+02,12.89,15.38,13.85,13.90,0.00,0.00,8.99,OK,27.89,0.00,0.00,0.00,,ensemble
1652849,2026-06-06 17:54:19.689038+02,2026-06-06 17:57:00+02,19.53,15.94,14.63,17.00,0.00,4.71,59.17,OK,57.02,0.00,0.00,0.00,,ensemble
1652850,2026-06-06 18:00:47.152585+02,2026-06-06 18:00:00+02,19.25,18.77,18.78,19.00,0.00,0.00,47.40,OK,57.08,0.00,0.00,0.00,,ensemble
1652851,2026-06-06 18:02:34.219168+02,2026-06-06 18:03:00+02,18.97,22.48,6.04,16.10,0.00,0.00,43.96,OK,58.53,0.00,0.00,0.00,,ensemble
1652780,2026-06-06 14:31:10.01794+02,2026-06-06 14:30:00+02,17.97,9.84,6.64,12.10,0.00,0.00,7.70,OK,19.25,0.00,0.00,0.00,,ensemble
1706469,2026-06-07 09:40:40.785837+02,2026-06-07 09:39:00+02,7.92,6.00,13.20,8.90,0.00,0.00,2.43,OK,9.61,0.00,0.00,0.00,,ensemble
1720656,2026-06-08 10:51:28.12569+02,2026-06-08 10:51:00+02,17.49,10.64,11.18,13.50,0.00,0.00,8.26,OK,26.14,0.00,0.00,0.00,,ensemble
1802905,2026-06-09 15:26:53.901093+02,2026-06-09 15:27:00+02,18.22,10.09,5.11,11.80,0.00,0.00,6.36,OK,21.56,0.00,0.00,0.00,,ensemble
1802914,2026-06-09 15:53:58.910468+02,2026-06-09 15:54:00+02,19.61,12.32,6.16,13.40,0.00,0.00,9.18,OK,28.00,0.00,0.00,0.00,,ensemble
1491013,2026-06-04 18:47:26.353014+02,2026-06-04 18:48:00+02,9.10,14.46,3.18,8.90,0.00,0.00,11.48,OK,54.82,0.00,0.00,0.00,,ensemble
1491014,2026-06-04 18:47:26.353014+02,2026-06-04 18:51:00+02,8.97,14.20,2.14,8.50,0.00,0.00,19.46,OK,57.17,0.00,0.00,0.00,,ensemble
1491018,2026-06-04 19:02:18.467254+02,2026-06-04 19:03:00+02,9.06,17.45,5.65,10.60,0.00,0.00,31.82,OK,60.00,0.00,0.00,0.00,,ensemble
1491022,2026-06-04 19:14:25.28137+02,2026-06-04 19:15:00+02,10.19,17.98,12.06,13.10,0.00,0.00,36.78,OK,25.49,0.00,0.00,0.00,,ensemble
1491023,2026-06-04 19:14:25.28137+02,2026-06-04 19:18:00+02,10.17,16.99,10.59,12.30,0.00,0.00,44.87,OK,29.27,0.00,0.00,0.00,,ensemble
1491009,2026-06-04 18:35:37.536609+02,2026-06-04 18:36:00+02,9.81,13.05,3.62,8.90,0.00,0.00,3.14,OK,27.09,0.00,0.00,0.00,,ensemble
1491010,2026-06-04 18:35:37.536609+02,2026-06-04 18:39:00+02,9.61,13.62,1.30,8.30,0.00,0.00,3.94,OK,34.01,0.00,0.00,0.00,,ensemble
1491011,2026-06-04 18:35:37.536609+02,2026-06-04 18:42:00+02,9.42,14.11,0.38,8.10,0.00,0.00,4.93,OK,42.25,0.00,0.00,0.00,,ensemble
1491024,2026-06-04 19:21:01.701455+02,2026-06-04 19:21:00+02,10.15,18.09,5.85,11.20,0.00,0.00,28.37,OK,22.01,0.00,0.00,0.00,,ensemble
1570986,2026-06-05 12:21:04.756378+02,2026-06-05 12:21:00+02,10.42,10.44,6.16,9.10,0.00,0.00,3.17,OK,11.96,0.00,0.00,0.00,,ensemble
1570988,2026-06-05 12:27:14.515192+02,2026-06-05 12:27:00+02,10.56,10.15,6.27,9.20,0.00,0.00,4.19,OK,10.87,0.00,0.00,0.00,,ensemble
1570991,2026-06-05 12:34:26.696081+02,2026-06-05 12:36:00+02,10.55,13.05,3.52,9.20,0.21,0.00,3.58,OK,9.78,0.00,0.00,0.00,,ensemble
1570996,2026-06-05 12:49:25.478126+02,2026-06-05 12:51:00+02,11.28,17.48,17.40,15.00,0.00,0.00,11.88,OK,31.12,0.00,0.00,0.00,,ensemble
1570997,2026-06-05 12:52:50.021506+02,2026-06-05 12:54:00+02,11.31,15.44,15.47,13.80,0.00,0.00,10.36,OK,23.21,0.00,0.00,0.00,,ensemble
1570999,2026-06-05 12:59:21.407623+02,2026-06-05 13:00:00+02,11.38,15.56,4.16,10.50,0.00,0.00,5.74,OK,15.44,0.00,0.00,0.00,,ensemble
1652769,2026-06-06 13:54:30.500835+02,2026-06-06 13:57:00+02,16.14,7.58,3.69,9.80,0.00,0.00,6.27,OK,12.18,0.00,0.00,0.00,,ensemble
1571001,2026-06-05 13:05:11.01199+02,2026-06-05 13:06:00+02,11.19,9.94,6.37,9.40,0.00,0.00,4.75,OK,9.82,0.00,0.00,0.00,,ensemble
1571000,2026-06-05 13:01:29.220447+02,2026-06-05 13:03:00+02,11.41,9.84,4.45,8.90,0.00,0.00,3.84,OK,10.35,0.00,0.00,0.00,,ensemble
1491019,2026-06-04 19:05:00.456549+02,2026-06-04 19:06:00+02,9.01,19.60,5.83,11.20,0.00,0.00,30.56,OK,60.00,0.00,0.00,0.00,,ensemble
1491020,2026-06-04 19:05:00.456549+02,2026-06-04 19:09:00+02,8.97,18.68,2.49,9.90,0.00,0.00,36.65,OK,60.00,0.00,0.00,0.00,,ensemble
1570998,2026-06-05 12:55:29.791909+02,2026-06-05 12:57:00+02,11.35,15.48,3.28,10.20,0.00,0.00,4.83,OK,11.06,0.00,0.00,0.00,,ensemble
1570995,2026-06-05 12:48:32.842199+02,2026-06-05 12:48:00+02,10.44,15.04,12.65,12.50,0.00,0.00,7.62,OK,22.80,0.00,0.00,0.00,,ensemble
1570994,2026-06-05 12:43:14.227156+02,2026-06-05 12:45:00+02,10.71,17.52,16.39,14.50,0.00,0.00,9.94,OK,24.30,0.00,0.00,0.00,,ensemble
1491008,2026-06-04 18:32:49.885652+02,2026-06-04 18:33:00+02,9.44,10.55,4.68,8.30,0.00,0.00,3.69,OK,18.43,0.00,0.00,0.00,,ensemble
1491021,2026-06-04 19:05:00.456549+02,2026-06-04 19:12:00+02,8.94,17.67,0.65,9.10,0.00,0.00,42.85,OK,60.00,0.00,0.00,0.00,,ensemble
1570987,2026-06-05 12:22:02.969364+02,2026-06-05 12:24:00+02,10.49,10.44,8.71,9.90,0.00,0.00,4.20,OK,15.28,0.00,0.00,0.00,,ensemble
1570989,2026-06-05 12:28:11.239941+02,2026-06-05 12:30:00+02,10.64,12.07,3.67,9.00,0.00,0.00,3.54,OK,8.22,0.00,0.00,0.00,,ensemble
1491012,2026-06-04 18:43:45.489238+02,2026-06-04 18:45:00+02,9.25,14.02,2.57,8.70,0.00,0.00,5.38,OK,46.30,0.00,0.00,0.00,,ensemble
1570990,2026-06-05 12:33:31.630334+02,2026-06-05 12:33:00+02,10.49,14.16,5.04,10.00,0.00,0.00,5.15,OK,11.92,0.00,0.00,0.00,,ensemble
1570992,2026-06-05 12:36:58.600276+02,2026-06-05 12:39:00+02,10.61,16.88,21.51,15.80,0.00,0.00,12.56,OK,29.04,0.00,0.00,0.00,,ensemble
1570993,2026-06-05 12:40:39.09685+02,2026-06-05 12:42:00+02,10.66,14.15,3.04,9.40,0.00,0.00,3.58,OK,9.21,0.00,0.00,0.00,,ensemble
1491015,2026-06-04 18:54:17.58989+02,2026-06-04 18:54:00+02,9.29,16.40,2.87,9.50,0.00,0.00,21.47,OK,58.31,0.00,0.00,0.00,,ensemble
1491016,2026-06-04 18:54:17.58989+02,2026-06-04 18:57:00+02,9.20,15.83,1.21,8.80,0.00,0.00,29.64,OK,60.00,0.00,0.00,0.00,,ensemble
1491017,2026-06-04 18:54:17.58989+02,2026-06-04 19:00:00+02,9.13,15.34,1.18,8.60,0.00,0.00,41.20,OK,60.00,0.00,0.00,0.00,,ensemble
1652777,2026-06-06 14:21:32.543405+02,2026-06-06 14:21:00+02,17.22,7.62,5.01,10.70,0.00,0.00,4.80,OK,15.16,0.00,0.00,0.00,,ensemble
1720660,2026-06-08 11:03:42.928038+02,2026-06-08 11:03:00+02,15.83,9.98,9.10,12.10,0.00,0.00,6.55,OK,17.16,0.00,0.00,0.00,,ensemble
1652776,2026-06-06 14:12:50.257146+02,2026-06-06 14:18:00+02,16.23,9.26,6.23,11.10,0.00,0.00,8.75,OK,17.76,0.00,0.00,0.00,,ensemble
1720661,2026-06-08 11:06:41.251582+02,2026-06-08 11:06:00+02,15.48,9.83,6.22,11.00,0.00,0.00,6.79,OK,13.14,0.00,0.00,0.00,,ensemble
1652765,2026-06-06 13:45:36.558234+02,2026-06-06 13:45:00+02,15.78,10.13,3.91,10.50,0.00,0.00,4.56,OK,14.88,0.00,0.00,0.00,,ensemble
1652766,2026-06-06 13:45:36.558234+02,2026-06-06 13:48:00+02,15.87,10.42,3.21,10.40,0.00,0.00,5.59,OK,16.75,0.00,0.00,0.00,,ensemble
1652764,2026-06-06 13:43:46.770408+02,2026-06-06 13:42:00+02,16.70,8.99,5.81,11.10,0.00,0.00,5.41,OK,17.81,0.00,0.00,0.00,,ensemble
1720662,2026-06-08 11:06:41.251582+02,2026-06-08 11:09:00+02,15.14,9.59,5.91,10.70,0.00,0.00,7.91,OK,14.97,0.00,0.00,0.00,,ensemble
1652762,2026-06-06 13:37:16.204056+02,2026-06-06 13:36:00+02,15.68,10.35,4.65,10.80,0.00,0.00,5.11,OK,14.48,0.00,0.00,0.00,,ensemble
1652743,2026-06-06 12:40:36.005015+02,2026-06-06 12:39:00+02,12.38,8.61,4.60,8.90,0.00,0.00,3.57,OK,9.99,0.00,0.00,0.00,,ensemble
1652742,2026-06-06 12:35:28.471231+02,2026-06-06 12:36:00+02,12.12,12.53,3.29,9.60,0.00,0.00,6.68,OK,12.78,0.00,0.00,0.00,,ensemble
1652763,2026-06-06 13:37:16.204056+02,2026-06-06 13:39:00+02,15.78,10.73,3.86,10.70,0.00,0.00,6.96,OK,18.88,0.00,0.00,0.00,,ensemble
1720664,2026-06-08 11:15:35.676982+02,2026-06-08 11:15:00+02,14.50,21.17,5.11,13.70,0.00,0.00,8.18,OK,23.43,0.00,0.00,0.00,,ensemble
1802787,2026-06-09 09:31:56.19036+02,2026-06-09 09:33:00+02,11.45,5.66,5.07,7.80,0.00,0.00,3.36,OK,13.26,0.00,0.00,0.00,,ensemble
1706492,2026-06-07 10:47:55.322842+02,2026-06-07 10:48:00+02,14.88,12.15,14.07,13.80,0.00,0.00,7.93,OK,18.96,0.00,0.00,0.00,,ensemble
1652767,2026-06-06 13:51:36.295469+02,2026-06-06 13:51:00+02,15.96,6.03,3.87,9.40,0.00,0.00,3.26,OK,15.39,0.00,0.00,0.00,,ensemble
1652768,2026-06-06 13:54:30.500835+02,2026-06-06 13:54:00+02,16.05,7.00,3.85,9.70,0.00,0.00,4.61,OK,10.84,0.00,0.00,0.00,,ensemble
1652853,2026-06-06 18:08:06.447162+02,2026-06-06 18:09:00+02,17.67,16.47,5.40,13.60,0.00,0.00,28.39,OK,60.00,0.00,0.00,0.00,,ensemble
1720663,2026-06-08 11:12:06.840076+02,2026-06-08 11:12:00+02,14.81,16.75,16.12,15.80,0.00,0.00,10.67,OK,21.78,0.00,0.00,0.00,,ensemble
1802785,2026-06-09 09:26:36.230705+02,2026-06-09 09:27:00+02,14.37,8.74,4.06,9.60,0.00,0.00,2.22,OK,14.29,0.00,0.00,0.00,,ensemble
1802786,2026-06-09 09:30:41.637966+02,2026-06-09 09:30:00+02,11.32,5.66,8.04,8.60,0.00,0.00,4.76,OK,15.37,0.00,0.00,0.00,,ensemble
1570920,2026-06-05 09:02:55.913172+02,2026-06-05 09:03:00+02,8.24,9.40,6.96,8.20,0.00,0.00,2.49,OK,10.16,0.00,0.00,0.00,,ensemble
1570921,2026-06-05 09:05:55.07319+02,2026-06-05 09:06:00+02,8.39,6.75,3.94,6.60,0.00,0.00,2.10,OK,7.06,0.00,0.00,0.00,,ensemble
1570923,2026-06-05 09:12:22.130038+02,2026-06-05 09:12:00+02,8.71,7.71,4.74,7.20,0.00,0.00,1.81,OK,10.22,0.00,0.00,0.00,,ensemble
1570925,2026-06-05 09:18:19.542676+02,2026-06-05 09:18:00+02,9.91,8.97,4.89,8.10,0.00,0.00,2.12,OK,9.12,0.00,0.00,0.00,,ensemble
1570926,2026-06-05 09:21:48.250593+02,2026-06-05 09:21:00+02,10.09,8.27,4.71,7.90,0.00,0.00,2.18,OK,9.51,0.00,0.00,0.00,,ensemble
1570933,2026-06-05 09:40:59.125776+02,2026-06-05 09:42:00+02,11.67,4.75,3.98,7.30,0.00,0.00,1.62,OK,8.03,0.00,0.00,0.00,,ensemble
1570935,2026-06-05 09:48:50.346808+02,2026-06-05 09:48:00+02,11.49,4.75,13.54,10.10,0.00,0.00,4.96,OK,16.33,0.00,0.00,0.00,,ensemble
1570936,2026-06-05 09:51:04.156334+02,2026-06-05 09:51:00+02,13.43,4.75,6.82,8.80,0.00,0.00,4.03,OK,14.88,0.00,0.00,0.00,,ensemble
1571096,2026-06-05 17:50:16.306866+02,2026-06-05 17:51:00+02,17.54,19.99,7.08,15.10,0.00,0.00,23.26,OK,60.00,0.00,0.00,0.00,,ensemble
1570934,2026-06-05 09:44:42.190845+02,2026-06-05 09:45:00+02,11.76,4.75,7.52,8.40,0.00,0.00,2.83,OK,12.19,0.00,0.00,0.00,,ensemble
1570937,2026-06-05 09:53:28.889184+02,2026-06-05 09:54:00+02,13.47,4.75,7.30,9.00,0.00,0.00,4.47,OK,12.08,0.00,0.00,0.00,,ensemble
1570918,2026-06-05 08:56:19.94847+02,2026-06-05 08:57:00+02,6.62,13.94,9.17,9.60,0.00,0.00,3.24,OK,6.42,0.00,0.00,0.00,,ensemble
1570919,2026-06-05 08:59:18.463152+02,2026-06-05 09:00:00+02,5.36,11.29,7.02,7.60,0.00,0.00,0.79,OK,2.11,0.00,0.00,0.00,,ensemble
1570922,2026-06-05 09:09:13.680914+02,2026-06-05 09:09:00+02,8.54,8.38,4.59,7.30,0.00,0.00,2.05,OK,8.20,0.00,0.00,0.00,,ensemble
1570924,2026-06-05 09:15:49.552355+02,2026-06-05 09:15:00+02,7.40,4.84,11.03,7.70,0.00,0.00,1.95,OK,9.83,0.00,0.00,0.00,,ensemble
1571097,2026-06-05 17:54:06.875301+02,2026-06-05 17:54:00+02,17.16,17.32,14.38,16.40,0.00,0.00,39.71,OK,59.79,0.00,0.00,0.00,,ensemble
1571063,2026-06-05 16:11:15.07957+02,2026-06-05 16:12:00+02,17.79,13.75,4.55,12.60,0.00,0.00,7.24,OK,24.38,0.00,0.00,0.00,,ensemble
1652707,2026-06-06 10:53:25.592204+02,2026-06-06 10:51:00+02,12.79,12.92,7.08,11.10,0.00,0.00,5.12,OK,16.15,0.00,0.00,0.00,,ensemble
1652708,2026-06-06 10:58:02.665686+02,2026-06-06 10:54:00+02,13.45,10.74,8.46,11.10,0.49,0.00,6.57,OK,14.88,0.00,0.00,0.00,,ensemble
1571061,2026-06-05 16:04:30.23799+02,2026-06-05 16:06:00+02,17.25,9.71,8.83,12.50,0.00,0.00,10.34,OK,20.21,0.00,0.00,0.00,,ensemble
1571090,2026-06-05 17:42:33.78291+02,2026-06-05 17:33:00+02,19.98,15.51,4.99,14.10,0.00,0.00,9.98,OK,28.01,0.00,0.00,0.00,,ensemble
1571091,2026-06-05 17:42:33.78291+02,2026-06-05 17:36:00+02,19.66,14.71,2.86,13.10,0.00,0.00,11.83,OK,41.99,0.00,0.00,0.00,,ensemble
1571092,2026-06-05 17:42:33.78291+02,2026-06-05 17:39:00+02,19.32,14.04,1.50,12.40,0.00,0.00,12.99,OK,60.00,0.00,0.00,0.00,,ensemble
1571093,2026-06-05 17:42:33.78291+02,2026-06-05 17:42:00+02,18.97,13.52,0.47,11.80,0.00,2.96,15.29,OK,60.00,0.00,0.00,0.00,,ensemble
1652706,2026-06-06 10:49:03.435731+02,2026-06-06 10:48:00+02,13.09,12.29,4.46,10.30,0.00,0.00,3.18,OK,11.80,0.00,0.00,0.00,,ensemble
1652738,2026-06-06 12:26:13.450517+02,2026-06-06 12:24:00+02,11.54,18.25,11.05,13.40,0.00,0.00,9.94,OK,26.20,0.00,0.00,0.00,,ensemble
1652709,2026-06-06 10:59:51.350041+02,2026-06-06 10:57:00+02,13.00,11.04,10.70,11.70,0.00,0.00,7.26,OK,14.83,0.00,0.00,0.00,,ensemble
1652739,2026-06-06 12:26:13.450517+02,2026-06-06 12:27:00+02,11.67,18.18,10.07,13.10,0.00,0.00,12.84,OK,25.73,0.00,0.00,0.00,,ensemble
1571062,2026-06-05 16:10:37.113847+02,2026-06-05 16:09:00+02,17.64,13.50,13.23,15.10,0.00,0.00,11.58,OK,26.93,0.00,0.00,0.00,,ensemble
1652740,2026-06-06 12:32:18.813547+02,2026-06-06 12:30:00+02,11.82,14.68,9.00,11.80,0.00,0.00,8.27,OK,19.68,0.00,0.00,0.00,,ensemble
1571094,2026-06-05 17:43:15.19475+02,2026-06-05 17:45:00+02,14.86,12.42,4.29,11.00,0.00,0.00,8.09,OK,55.02,0.00,0.00,0.00,,ensemble
1571064,2026-06-05 16:15:34.406833+02,2026-06-05 16:15:00+02,17.93,12.12,11.20,14.20,0.00,0.00,9.72,OK,21.31,0.00,0.00,0.00,,ensemble
1571095,2026-06-05 17:46:37.26296+02,2026-06-05 17:48:00+02,17.91,13.49,6.70,13.20,0.00,0.00,12.89,OK,60.00,0.00,0.00,0.00,,ensemble
1652881,2026-06-06 19:33:01.176715+02,2026-06-06 19:33:00+02,10.91,21.99,13.71,15.10,0.00,0.00,9.04,OK,21.90,0.00,0.00,0.00,,ensemble
1652882,2026-06-06 19:33:01.176715+02,2026-06-06 19:36:00+02,10.86,21.98,12.47,14.70,0.00,0.00,13.03,OK,39.44,0.00,0.00,0.00,,ensemble
1652883,2026-06-06 19:39:21.072912+02,2026-06-06 19:39:00+02,10.80,13.44,10.32,11.40,0.00,0.00,5.20,OK,25.15,0.00,0.00,0.00,,ensemble
1720799,2026-06-08 17:58:50.786505+02,2026-06-08 18:00:00+02,12.77,22.74,5.92,13.70,0.00,0.00,40.32,OK,60.00,0.00,0.00,0.00,,ensemble
1720800,2026-06-08 18:02:20.481051+02,2026-06-08 18:03:00+02,14.83,18.00,8.30,13.80,0.00,0.00,46.64,OK,60.00,0.00,0.00,0.00,,ensemble
1802789,2026-06-09 09:38:50.481349+02,2026-06-09 09:39:00+02,11.68,5.66,5.43,8.00,0.00,0.00,3.71,OK,12.61,0.00,0.00,0.00,,ensemble
1720803,2026-06-08 18:10:33.219968+02,2026-06-08 18:12:00+02,13.53,20.58,4.37,12.90,0.00,0.00,41.64,OK,60.00,0.00,0.00,0.00,,ensemble
1720805,2026-06-08 18:15:34.939267+02,2026-06-08 18:18:00+02,12.63,16.36,14.99,14.50,0.00,0.00,38.22,OK,25.58,0.00,0.00,0.00,,ensemble
1720802,2026-06-08 18:08:09.623894+02,2026-06-08 18:09:00+02,13.96,12.86,9.71,12.40,0.00,0.00,39.72,OK,60.00,0.00,0.00,0.00,,ensemble
1652884,2026-06-06 19:41:34.274686+02,2026-06-06 19:42:00+02,10.65,9.98,5.10,8.80,0.80,0.00,1.60,OK,20.26,0.00,0.00,0.00,,ensemble
1802895,2026-06-09 14:57:19.212887+02,2026-06-09 14:57:00+02,14.49,11.24,6.88,11.20,0.00,0.00,6.54,OK,17.61,0.00,0.00,0.00,,ensemble
1720801,2026-06-08 18:04:07.45812+02,2026-06-08 18:06:00+02,14.39,12.76,3.33,10.60,0.00,0.00,35.56,OK,60.00,0.00,0.00,0.00,,ensemble
1720798,2026-06-08 17:56:19.938568+02,2026-06-08 17:57:00+02,14.93,26.90,13.25,18.00,0.00,0.00,46.13,OK,60.00,0.00,0.00,0.00,,ensemble
1720789,2026-06-08 17:29:00.607941+02,2026-06-08 17:30:00+02,19.40,8.36,4.81,11.70,0.00,0.00,7.32,OK,16.89,0.00,0.00,0.00,,ensemble
1720788,2026-06-08 17:26:55.226105+02,2026-06-08 17:27:00+02,15.48,12.50,4.55,11.30,0.00,0.00,4.88,OK,12.13,0.00,0.00,0.00,,ensemble
1720806,2026-06-08 18:19:55.291417+02,2026-06-08 18:21:00+02,12.23,17.98,4.79,11.70,7.70,0.00,26.83,BUSY,19.06,37.07,8.40,0.00,,ensemble
1802933,2026-06-09 16:42:32.950429+02,2026-06-09 16:51:00+02,21.49,10.64,3.72,12.90,0.00,0.00,15.34,OK,29.72,0.00,0.00,0.00,,ensemble
1720804,2026-06-08 18:14:34.909185+02,2026-06-08 18:15:00+02,11.60,14.96,7.65,11.40,0.25,0.00,32.94,OK,21.16,0.00,0.00,0.00,,ensemble
1802926,2026-06-09 16:28:56.464578+02,2026-06-09 16:30:00+02,21.36,6.65,5.83,12.30,0.00,0.00,11.19,OK,24.87,0.00,0.00,0.00,,ensemble
1802927,2026-06-09 16:31:17.63926+02,2026-06-09 16:33:00+02,21.48,8.56,7.13,13.30,0.00,0.00,11.04,OK,27.20,0.00,0.00,0.00,,ensemble
1571077,2026-06-05 16:55:10.192409+02,2026-06-05 16:54:00+02,20.56,14.35,5.25,14.10,0.00,0.00,10.08,OK,22.66,0.00,0.00,0.00,,ensemble
1571076,2026-06-05 16:49:39.868021+02,2026-06-05 16:51:00+02,20.56,17.94,4.05,14.80,0.00,0.00,11.54,OK,28.04,0.00,0.00,0.00,,ensemble
1652844,2026-06-06 17:49:00.147383+02,2026-06-06 17:42:00+02,21.24,17.54,11.70,17.30,0.00,0.00,17.20,OK,59.78,0.00,0.00,0.00,,ensemble
1571081,2026-06-05 17:05:53.914927+02,2026-06-05 17:06:00+02,20.88,14.90,7.71,15.10,0.00,0.00,12.38,OK,21.77,0.00,0.00,0.00,,ensemble
1652854,2026-06-06 18:10:27.277127+02,2026-06-06 18:12:00+02,17.38,16.15,6.06,13.60,0.00,0.00,27.77,OK,58.68,0.00,0.00,0.00,,ensemble
1652807,2026-06-06 15:50:32.554135+02,2026-06-06 15:51:00+02,24.61,12.41,4.59,14.90,0.00,0.00,14.27,OK,33.80,0.00,0.00,0.00,,ensemble
1571073,2026-06-05 16:41:56.846108+02,2026-06-05 16:42:00+02,20.17,11.52,7.06,13.60,0.00,0.00,8.42,OK,23.49,0.00,0.00,0.00,,ensemble
1706459,2026-06-07 09:10:02.121377+02,2026-06-07 09:09:00+02,3.95,9.52,16.66,9.40,0.00,0.00,4.33,OK,12.82,0.00,0.00,0.00,,ensemble
1652855,2026-06-06 18:14:01.580471+02,2026-06-06 18:15:00+02,17.12,20.89,6.21,15.00,0.00,0.00,30.65,OK,20.00,0.00,0.00,0.00,,ensemble
1571075,2026-06-05 16:47:24.755218+02,2026-06-05 16:48:00+02,20.53,18.36,3.60,14.80,0.06,0.00,9.10,OK,26.66,0.00,0.00,0.00,,ensemble
1571074,2026-06-05 16:44:13.490573+02,2026-06-05 16:45:00+02,21.29,15.78,3.96,14.40,0.00,0.00,9.42,OK,27.98,0.00,0.00,0.00,,ensemble
1571086,2026-06-05 17:22:08.244974+02,2026-06-05 17:21:00+02,19.04,13.56,12.43,15.40,0.00,0.00,9.39,OK,26.77,0.00,0.00,0.00,,ensemble
1652735,2026-06-06 12:16:53.65072+02,2026-06-06 12:15:00+02,11.02,15.17,5.43,10.60,0.00,0.00,3.27,OK,13.26,0.00,0.00,0.00,,ensemble
1571082,2026-06-05 17:08:28.517424+02,2026-06-05 17:09:00+02,20.77,14.85,3.63,13.90,0.00,0.00,8.17,OK,18.80,0.00,0.00,0.00,,ensemble
1571087,2026-06-05 17:24:05.31326+02,2026-06-05 17:24:00+02,20.33,13.69,12.42,16.00,0.00,0.00,10.69,OK,26.24,0.00,0.00,0.00,,ensemble
1571078,2026-06-05 16:56:29.973277+02,2026-06-05 16:57:00+02,20.54,10.48,4.68,12.80,0.00,0.00,8.30,OK,19.23,0.00,0.00,0.00,,ensemble
1571071,2026-06-05 16:34:23.699712+02,2026-06-05 16:36:00+02,20.00,11.24,2.88,12.20,0.00,0.00,5.44,OK,19.88,0.00,0.00,0.00,,ensemble
1571072,2026-06-05 16:40:10.670885+02,2026-06-05 16:39:00+02,20.09,11.34,12.42,15.20,0.00,0.00,10.89,OK,28.12,0.00,0.00,0.00,,ensemble
1571088,2026-06-05 17:24:05.31326+02,2026-06-05 17:27:00+02,20.06,13.45,12.44,15.80,0.00,0.00,18.01,OK,27.26,0.00,0.00,0.00,,ensemble
1652734,2026-06-06 12:13:25.052227+02,2026-06-06 12:12:00+02,10.93,20.49,5.39,12.10,0.00,0.00,5.41,OK,15.02,0.00,0.00,0.00,,ensemble
1571079,2026-06-05 16:59:06.828202+02,2026-06-05 17:00:00+02,20.49,10.93,4.48,12.80,0.00,0.00,9.88,OK,21.09,0.00,0.00,0.00,,ensemble
1571067,2026-06-05 16:24:40.774937+02,2026-06-05 16:24:00+02,18.34,18.37,14.04,17.10,0.00,0.00,13.41,OK,25.85,0.00,0.00,0.00,,ensemble
1571066,2026-06-05 16:21:25.388884+02,2026-06-05 16:21:00+02,18.21,13.29,11.39,14.70,0.00,0.00,9.83,OK,25.64,0.00,0.00,0.00,,ensemble
1571089,2026-06-05 17:39:07.058857+02,2026-06-05 17:30:00+02,20.01,15.72,4.25,14.00,0.00,0.00,8.63,OK,23.94,0.00,0.00,0.00,,ensemble
1652713,2026-06-06 11:11:49.859042+02,2026-06-06 11:09:00+02,11.82,14.53,5.66,10.80,0.00,0.00,4.01,OK,9.71,0.00,0.00,0.00,,ensemble
1652845,2026-06-06 17:49:27.424149+02,2026-06-06 17:45:00+02,19.30,15.39,10.33,15.40,0.00,0.00,15.34,OK,60.00,0.00,0.00,0.00,,ensemble
1571069,2026-06-05 16:29:20.044201+02,2026-06-05 16:30:00+02,19.77,23.97,23.40,22.10,0.00,0.00,15.45,OK,26.46,0.00,0.00,0.00,,ensemble
1571070,2026-06-05 16:29:20.044201+02,2026-06-05 16:33:00+02,19.89,22.28,21.91,21.20,0.00,0.00,22.05,OK,25.00,0.00,0.00,0.00,,ensemble
1571068,2026-06-05 16:26:34.900467+02,2026-06-05 16:27:00+02,21.48,19.35,4.42,15.70,0.00,0.00,13.06,OK,24.78,0.00,0.00,0.00,,ensemble
1652806,2026-06-06 15:48:47.553648+02,2026-06-06 15:48:00+02,24.37,10.81,10.69,16.20,0.00,0.00,12.75,OK,30.66,0.00,0.00,0.00,,ensemble
1706460,2026-06-07 09:10:02.121377+02,2026-06-07 09:12:00+02,4.05,10.11,16.72,9.70,0.00,0.00,5.47,OK,13.53,0.00,0.00,0.00,,ensemble
1571080,2026-06-05 17:03:12.089421+02,2026-06-05 17:03:00+02,20.97,14.29,11.36,16.10,0.00,0.00,14.22,OK,24.52,0.00,0.00,0.00,,ensemble
1652736,2026-06-06 12:19:26.560751+02,2026-06-06 12:18:00+02,11.12,14.74,10.21,11.90,0.00,0.00,6.40,OK,24.70,0.00,0.00,0.00,,ensemble
1652808,2026-06-06 15:54:02.061862+02,2026-06-06 15:54:00+02,24.84,17.06,7.51,17.30,0.00,0.00,18.84,OK,26.58,0.00,0.00,0.00,,ensemble
1571065,2026-06-05 16:15:34.406833+02,2026-06-05 16:18:00+02,18.07,12.02,10.73,14.10,0.00,0.00,12.59,OK,24.18,0.00,0.00,0.00,,ensemble
1571083,2026-06-05 17:12:41.975306+02,2026-06-05 17:12:00+02,20.62,18.85,4.71,15.30,0.00,0.00,8.31,OK,25.67,0.00,0.00,0.00,,ensemble
1706467,2026-06-07 09:30:25.445747+02,2026-06-07 09:33:00+02,7.69,7.29,11.37,8.70,0.00,0.00,3.53,OK,11.15,0.00,0.00,0.00,,ensemble
1571084,2026-06-05 17:17:26.167302+02,2026-06-05 17:15:00+02,20.69,14.56,10.32,15.70,0.00,0.00,10.14,OK,22.02,0.00,0.00,0.00,,ensemble
1571085,2026-06-05 17:17:26.167302+02,2026-06-05 17:18:00+02,20.49,14.01,10.28,15.50,0.00,0.00,13.19,OK,25.47,0.00,0.00,0.00,,ensemble
1706504,2026-06-07 11:24:15.512044+02,2026-06-07 11:24:00+02,12.73,17.73,11.95,14.00,0.00,0.00,9.74,OK,18.36,0.00,0.00,0.00,,ensemble
1706503,2026-06-07 11:19:33.245894+02,2026-06-07 11:21:00+02,13.03,17.86,5.25,12.10,0.00,0.00,4.74,OK,9.29,0.00,0.00,0.00,,ensemble
1652805,2026-06-06 15:46:36.472564+02,2026-06-06 15:45:00+02,24.12,9.86,9.39,15.40,0.00,0.00,13.10,OK,34.22,0.00,0.00,0.00,,ensemble
1720650,2026-06-08 10:33:12.900863+02,2026-06-08 10:33:00+02,19.88,7.00,11.58,13.50,0.00,0.00,12.01,OK,23.83,0.00,0.00,0.00,,ensemble
1652846,2026-06-06 17:54:19.689038+02,2026-06-06 17:48:00+02,20.44,17.96,14.12,17.80,0.00,0.00,16.14,OK,60.00,0.00,0.00,0.00,,ensemble
1802812,2026-06-09 10:48:45.318095+02,2026-06-09 10:48:00+02,13.58,7.29,6.58,9.60,0.00,0.00,5.30,OK,13.94,0.00,0.00,0.00,,ensemble
1706505,2026-06-07 11:27:31.316932+02,2026-06-07 11:27:00+02,12.44,16.92,15.40,14.70,0.00,0.00,10.46,OK,22.00,0.00,0.00,0.00,,ensemble
1720652,2026-06-08 10:39:18.603569+02,2026-06-08 10:39:00+02,19.26,8.27,5.53,11.80,0.00,0.00,7.66,OK,17.50,0.00,0.00,0.00,,ensemble
1802900,2026-06-09 15:09:14.249428+02,2026-06-09 15:12:00+02,16.37,12.08,13.03,14.10,0.00,0.00,14.62,OK,26.50,0.00,0.00,0.00,,ensemble
1652809,2026-06-06 15:56:17.388882+02,2026-06-06 15:57:00+02,24.65,10.05,6.02,14.70,0.00,0.00,15.38,OK,27.62,0.00,0.00,0.00,,ensemble
1720651,2026-06-08 10:34:53.347928+02,2026-06-08 10:36:00+02,19.58,9.50,8.09,13.10,0.00,0.00,9.67,OK,20.76,0.00,0.00,0.00,,ensemble
1720653,2026-06-08 10:42:55.386425+02,2026-06-08 10:42:00+02,18.93,9.62,9.14,13.20,0.00,0.00,9.08,OK,20.03,0.00,0.00,0.00,,ensemble
1706466,2026-06-07 09:30:25.445747+02,2026-06-07 09:30:00+02,7.55,6.00,12.31,8.50,0.00,0.00,2.49,OK,10.44,0.00,0.00,0.00,,ensemble
1706465,2026-06-07 09:27:24.371655+02,2026-06-07 09:27:00+02,7.41,8.25,14.93,9.90,0.00,0.00,5.03,OK,11.21,0.00,0.00,0.00,,ensemble
1802991,2026-06-09 16:42:32.950429+02,2026-06-09 19:45:00+02,10.20,10.67,0.00,7.30,60.00,37.18,35.28,ALERT,,0.00,0.00,0.00,,ensemble
1571115,2026-06-05 18:47:30.547745+02,2026-06-05 18:48:00+02,12.31,15.59,9.79,12.50,0.00,0.00,11.09,OK,60.00,0.00,0.00,0.00,,ensemble
1571110,2026-06-05 18:33:12.86365+02,2026-06-05 18:33:00+02,13.94,18.78,21.96,17.80,2.21,0.00,17.13,OK,35.98,0.00,0.00,0.00,,ensemble
1571119,2026-06-05 18:59:45.474829+02,2026-06-05 19:00:00+02,0.00,19.12,10.59,8.90,0.00,0.00,21.36,OK,30.83,0.00,0.00,0.00,,ensemble
1571107,2026-06-05 18:25:05.362217+02,2026-06-05 18:24:00+02,14.46,17.78,13.26,15.10,0.00,0.00,32.72,OK,26.05,0.00,0.00,0.00,,ensemble
1571111,2026-06-05 18:34:43.753915+02,2026-06-05 18:36:00+02,13.81,18.61,5.40,12.70,1.65,0.00,8.13,OK,33.00,0.00,0.00,0.00,,ensemble
1571112,2026-06-05 18:39:50.943972+02,2026-06-05 18:39:00+02,13.69,22.13,7.57,14.40,1.98,0.00,9.18,OK,58.58,0.00,0.00,0.00,,ensemble
1652823,2026-06-06 16:40:11.08164+02,2026-06-06 16:39:00+02,25.88,12.84,12.57,18.00,0.00,0.00,14.83,OK,31.35,0.00,0.00,0.00,,ensemble
1571105,2026-06-05 18:16:34.972495+02,2026-06-05 18:18:00+02,14.86,18.57,4.91,13.00,0.00,0.00,25.81,OK,29.12,0.00,0.00,0.00,,ensemble
1652875,2026-06-06 19:13:40.07152+02,2026-06-06 19:15:00+02,10.66,16.94,8.97,12.00,0.00,0.00,22.94,OK,16.64,0.00,0.00,0.00,,ensemble
1571102,2026-06-05 18:10:00.969732+02,2026-06-05 18:09:00+02,15.74,21.36,21.10,19.00,0.04,0.00,45.94,OK,59.09,0.00,0.00,0.00,,ensemble
1571103,2026-06-05 18:10:00.969732+02,2026-06-05 18:12:00+02,15.43,20.60,19.62,18.20,0.00,0.00,58.09,OK,51.30,0.00,0.00,0.00,,ensemble
1571104,2026-06-05 18:10:00.969732+02,2026-06-05 18:15:00+02,15.14,19.59,16.25,16.80,0.00,0.00,56.57,OK,26.80,0.00,0.00,0.00,,ensemble
1571109,2026-06-05 18:28:24.217921+02,2026-06-05 18:30:00+02,14.10,16.65,3.64,11.70,6.81,0.00,9.17,BUSY,25.00,10.46,0.00,0.00,,ensemble
1706468,2026-06-07 09:34:16.66649+02,2026-06-07 09:36:00+02,7.81,6.00,4.49,6.30,0.00,0.00,0.00,OK,0.33,0.00,0.00,0.00,,ensemble
1706471,2026-06-07 09:44:15.077546+02,2026-06-07 09:45:00+02,11.68,6.00,5.01,8.00,0.00,0.00,1.88,OK,8.36,0.00,0.00,0.00,,ensemble
1571116,2026-06-05 18:50:38.709364+02,2026-06-05 18:51:00+02,12.26,16.46,4.62,11.20,0.00,0.00,14.27,OK,60.00,0.00,0.00,0.00,,ensemble
1571099,2026-06-05 18:00:43.833333+02,2026-06-05 18:00:00+02,16.41,15.20,12.78,15.00,0.00,0.00,43.19,OK,56.57,0.00,0.00,0.00,,ensemble
1571120,2026-06-05 19:01:56.310986+02,2026-06-05 19:03:00+02,10.84,17.06,5.18,11.00,0.00,0.00,31.17,OK,52.18,0.00,0.00,0.00,,ensemble
1571132,2026-06-05 19:39:15.345684+02,2026-06-05 19:39:00+02,10.19,19.13,15.30,14.40,6.96,0.00,9.39,BUSY,58.36,13.99,0.00,0.00,,ensemble
1571117,2026-06-05 18:54:19.098565+02,2026-06-05 18:54:00+02,12.22,16.00,14.52,14.00,0.00,0.00,32.00,OK,59.79,0.00,0.00,0.00,,ensemble
1571106,2026-06-05 18:21:12.444192+02,2026-06-05 18:21:00+02,14.60,17.04,7.34,13.20,0.00,0.00,26.36,OK,25.87,0.00,0.00,0.00,,ensemble
1571108,2026-06-05 18:25:05.362217+02,2026-06-05 18:27:00+02,14.27,17.70,10.43,14.10,0.00,0.00,36.09,OK,26.56,0.00,0.00,0.00,,ensemble
1706470,2026-06-07 09:41:55.689278+02,2026-06-07 09:42:00+02,8.03,6.00,3.50,6.10,0.00,0.00,0.00,OK,0.75,0.00,0.00,0.00,,ensemble
1652828,2026-06-06 16:55:13.053606+02,2026-06-06 16:54:00+02,25.58,12.81,17.39,19.30,0.00,0.00,20.26,OK,22.99,0.00,0.00,0.00,,ensemble
1571121,2026-06-05 19:05:54.674417+02,2026-06-05 19:06:00+02,10.80,17.05,18.39,15.00,0.00,0.00,41.21,OK,57.74,0.00,0.00,0.00,,ensemble
1652784,2026-06-06 14:43:01.116078+02,2026-06-06 14:42:00+02,19.06,10.29,7.73,13.00,0.00,0.00,7.36,OK,24.57,0.00,0.00,0.00,,ensemble
1652785,2026-06-06 14:43:01.116078+02,2026-06-06 14:45:00+02,19.16,10.48,7.17,13.00,0.00,0.00,10.10,OK,27.23,0.00,0.00,0.00,,ensemble
1571122,2026-06-05 19:08:35.894848+02,2026-06-05 19:09:00+02,10.77,18.36,5.05,11.30,0.00,0.00,23.92,OK,53.87,0.00,0.00,0.00,,ensemble
1652786,2026-06-06 14:43:01.116078+02,2026-06-06 14:48:00+02,19.27,10.69,7.41,13.10,0.00,0.00,11.55,OK,27.97,0.00,0.00,0.00,,ensemble
1571118,2026-06-05 18:56:32.686685+02,2026-06-05 18:57:00+02,12.19,16.09,10.24,12.80,0.42,0.00,32.23,OK,59.12,0.00,0.00,0.00,,ensemble
1571114,2026-06-05 18:45:22.633559+02,2026-06-05 18:45:00+02,12.38,15.88,14.84,14.20,0.00,0.00,13.14,OK,60.00,0.00,0.00,0.00,,ensemble
1652857,2026-06-06 18:20:11.025211+02,2026-06-06 18:21:00+02,16.62,11.87,2.92,11.10,6.42,0.00,21.04,BUSY,19.48,23.73,2.45,0.00,,ensemble
1706472,2026-06-07 09:48:03.161826+02,2026-06-07 09:48:00+02,10.49,6.00,11.24,9.40,0.00,0.00,3.93,OK,13.51,0.00,0.00,0.00,,ensemble
1706474,2026-06-07 09:52:16.490631+02,2026-06-07 09:54:00+02,10.59,6.00,20.64,12.20,0.00,0.00,6.26,OK,14.27,0.00,0.00,0.00,,ensemble
1652782,2026-06-06 14:33:49.798358+02,2026-06-06 14:36:00+02,18.22,10.87,4.67,11.90,0.00,0.00,9.04,OK,21.97,0.00,0.00,0.00,,ensemble
1652826,2026-06-06 16:48:09.791977+02,2026-06-06 16:48:00+02,25.92,11.79,8.57,16.50,0.00,0.00,10.96,OK,29.14,0.00,0.00,0.00,,ensemble
1652822,2026-06-06 16:34:25.147315+02,2026-06-06 16:36:00+02,23.29,13.91,7.74,15.80,0.00,0.00,16.54,OK,30.70,0.00,0.00,0.00,,ensemble
1571113,2026-06-05 18:41:52.111955+02,2026-06-05 18:42:00+02,2.16,14.48,4.25,6.50,2.91,0.00,0.00,OK,4.64,2.46,0.00,0.00,,ensemble
1571100,2026-06-05 18:03:16.577652+02,2026-06-05 18:03:00+02,11.07,15.52,10.16,12.10,0.53,0.00,34.95,OK,50.64,0.00,0.00,0.00,,ensemble
1571101,2026-06-05 18:03:16.577652+02,2026-06-05 18:06:00+02,10.35,15.31,9.03,11.40,0.00,0.00,39.46,OK,53.88,0.00,0.00,0.00,,ensemble
1652824,2026-06-06 16:43:26.094568+02,2026-06-06 16:42:00+02,25.92,14.78,9.14,17.50,0.00,0.00,13.57,OK,30.51,0.00,0.00,0.00,,ensemble
1720654,2026-06-08 10:45:10.620921+02,2026-06-08 10:45:00+02,18.21,8.79,6.02,11.70,0.00,0.00,6.97,OK,17.52,0.00,0.00,0.00,,ensemble
1652856,2026-06-06 18:18:04.810574+02,2026-06-06 18:18:00+02,16.86,18.00,2.88,13.00,0.00,0.00,26.64,OK,21.93,0.00,0.00,0.00,,ensemble
1706475,2026-06-07 09:57:39.132375+02,2026-06-07 09:57:00+02,10.61,6.00,11.16,9.40,0.00,0.00,3.97,OK,10.81,0.00,0.00,0.00,,ensemble
1571098,2026-06-05 17:54:06.875301+02,2026-06-05 17:57:00+02,16.78,16.61,14.00,15.90,0.00,0.00,55.45,OK,59.12,0.00,0.00,0.00,,ensemble
1706473,2026-06-07 09:51:23.859745+02,2026-06-07 09:51:00+02,10.55,6.00,10.59,9.20,0.07,0.00,3.96,OK,15.53,0.00,0.00,0.00,,ensemble
1652827,2026-06-06 16:51:13.199432+02,2026-06-06 16:51:00+02,23.62,11.83,6.07,14.80,0.00,0.00,12.38,OK,29.93,0.00,0.00,0.00,,ensemble
1652874,2026-06-06 19:11:02.352328+02,2026-06-06 19:12:00+02,10.73,19.13,6.17,11.90,0.00,0.00,22.55,OK,54.15,0.00,0.00,0.00,,ensemble
1720655,2026-06-08 10:48:15.312925+02,2026-06-08 10:48:00+02,17.85,9.07,7.31,12.10,0.00,0.00,6.42,OK,18.19,0.00,0.00,0.00,,ensemble
1652783,2026-06-06 14:40:28.284556+02,2026-06-06 14:39:00+02,18.35,10.20,10.97,13.70,0.00,0.00,8.54,OK,28.47,0.00,0.00,0.00,,ensemble
1652858,2026-06-06 18:24:46.264201+02,2026-06-06 18:24:00+02,15.72,17.21,16.35,16.40,1.89,0.00,37.07,OK,25.40,3.00,0.00,0.00,,ensemble
1652781,2026-06-06 14:33:49.798358+02,2026-06-06 14:33:00+02,18.09,11.07,5.08,12.10,0.00,0.00,5.99,OK,16.33,0.00,0.00,0.00,,ensemble
1652825,2026-06-06 16:43:59.152378+02,2026-06-06 16:45:00+02,25.93,11.48,5.66,15.50,0.00,0.00,10.76,OK,32.11,0.00,0.00,0.00,,ensemble
1720687,2026-06-08 12:23:43.496779+02,2026-06-08 12:24:00+02,11.29,10.45,8.20,10.10,0.00,0.00,3.96,OK,14.77,0.00,0.00,0.00,,ensemble
1803002,2026-06-09 16:42:32.950429+02,2026-06-09 20:18:00+02,7.52,10.67,0.00,6.20,35.87,,,ALERT,,0.00,0.00,0.00,,ensemble
1652744,2026-06-06 12:44:22.255037+02,2026-06-06 12:42:00+02,11.67,11.90,7.89,10.60,0.00,0.00,4.84,OK,14.55,0.00,0.00,0.00,,ensemble
1652746,2026-06-06 12:50:38.271894+02,2026-06-06 12:48:00+02,12.01,17.98,12.22,13.90,0.00,0.00,7.75,OK,23.50,0.00,0.00,0.00,,ensemble
1571131,2026-06-05 19:35:41.186764+02,2026-06-05 19:36:00+02,0.00,16.48,14.34,9.20,0.00,0.00,2.73,OK,3.66,0.00,0.00,0.00,,ensemble
1652794,2026-06-06 15:13:08.99449+02,2026-06-06 15:12:00+02,21.48,9.13,10.46,14.50,0.00,0.00,9.33,OK,28.44,0.00,0.00,0.00,,ensemble
1652795,2026-06-06 15:13:08.99449+02,2026-06-06 15:15:00+02,21.72,9.45,11.44,15.00,0.00,0.00,12.32,OK,30.10,0.00,0.00,0.00,,ensemble
1652745,2026-06-06 12:46:09.144021+02,2026-06-06 12:45:00+02,11.84,13.72,7.56,11.10,0.00,0.00,4.92,OK,14.88,0.00,0.00,0.00,,ensemble
1571146,2026-06-05 20:19:02.441206+02,2026-06-05 20:21:00+02,10.27,11.18,2.78,8.30,0.00,,,OK,,0.00,0.00,0.00,,ensemble
1652747,2026-06-06 12:52:31.420029+02,2026-06-06 12:51:00+02,12.18,15.66,4.51,10.90,0.00,0.00,4.95,OK,15.55,0.00,0.00,0.00,,ensemble
1652876,2026-06-06 19:18:05.140344+02,2026-06-06 19:18:00+02,10.61,17.18,16.71,14.40,0.00,0.00,31.52,OK,22.98,0.00,0.00,0.00,,ensemble
1571128,2026-06-05 19:26:56.450631+02,2026-06-05 19:27:00+02,10.31,15.98,12.81,12.80,0.00,0.00,22.51,OK,18.04,0.00,0.00,0.00,,ensemble
1571129,2026-06-05 19:26:56.450631+02,2026-06-05 19:30:00+02,10.25,15.80,10.70,12.00,0.00,0.00,13.50,OK,26.87,0.00,0.00,0.00,,ensemble
1571147,2026-06-05 20:22:07.374729+02,2026-06-05 20:24:00+02,10.16,11.73,3.11,8.50,0.00,,,OK,,0.00,0.00,0.00,,ensemble
1706476,2026-06-07 10:00:43.243158+02,2026-06-07 10:00:00+02,10.60,6.00,5.70,7.80,0.00,0.00,1.72,OK,4.84,0.00,0.00,0.00,,ensemble
1571142,2026-06-05 20:09:08.519482+02,2026-06-05 20:09:00+02,1.78,19.53,22.36,13.30,0.00,0.00,,OK,,0.00,0.00,0.00,,ensemble
1571127,2026-06-05 19:22:25.141176+02,2026-06-05 19:24:00+02,10.37,16.85,3.45,10.20,0.00,0.00,19.33,OK,14.73,0.00,0.00,0.00,,ensemble
1571130,2026-06-05 19:32:55.562725+02,2026-06-05 19:33:00+02,10.18,15.73,11.45,12.20,6.12,0.00,8.97,BUSY,18.83,6.48,0.00,0.00,,ensemble
1706480,2026-06-07 10:12:14.858643+02,2026-06-07 10:12:00+02,13.51,6.00,11.55,10.70,0.00,0.00,4.62,OK,17.91,0.00,0.00,0.00,,ensemble
1571124,2026-06-05 19:15:04.984625+02,2026-06-05 19:15:00+02,10.70,13.50,8.41,10.90,0.00,0.00,19.76,OK,19.77,0.00,0.00,0.00,,ensemble
1652796,2026-06-06 15:19:26.99156+02,2026-06-06 15:18:00+02,20.50,11.86,16.88,16.80,0.00,0.00,12.67,OK,26.78,0.00,0.00,0.00,,ensemble
1706487,2026-06-07 10:32:57.51098+02,2026-06-07 10:33:00+02,14.93,12.40,10.31,12.80,0.00,0.00,6.85,OK,18.99,0.00,0.00,0.00,,ensemble
1706493,2026-06-07 10:51:50.149375+02,2026-06-07 10:51:00+02,14.53,14.64,19.23,16.00,0.00,0.00,10.03,OK,25.20,0.00,0.00,0.00,,ensemble
1571148,2026-06-05 20:26:16.48962+02,2026-06-05 20:27:00+02,9.67,11.73,3.03,8.30,0.00,,,OK,,0.00,0.00,0.00,,ensemble
1652877,2026-06-06 19:20:25.157201+02,2026-06-06 19:21:00+02,0.00,23.01,8.29,9.40,0.00,0.00,15.92,OK,7.46,0.00,0.00,0.00,,ensemble
1720717,2026-06-08 13:53:04.710793+02,2026-06-08 13:54:00+02,14.78,7.35,4.40,9.40,0.00,0.00,4.27,OK,13.00,0.00,0.00,0.00,,ensemble
1652791,2026-06-06 15:02:40.987792+02,2026-06-06 15:03:00+02,20.79,9.64,3.86,12.40,0.00,0.00,8.38,OK,20.94,0.00,0.00,0.00,,ensemble
1652792,2026-06-06 15:02:40.987792+02,2026-06-06 15:06:00+02,21.02,9.83,2.81,12.20,0.00,0.00,12.64,OK,24.57,0.00,0.00,0.00,,ensemble
1652793,2026-06-06 15:02:40.987792+02,2026-06-06 15:09:00+02,21.25,10.30,2.54,12.40,0.00,0.00,11.74,OK,30.18,0.00,0.00,0.00,,ensemble
1652878,2026-06-06 19:23:50.083727+02,2026-06-06 19:24:00+02,11.06,17.08,7.64,11.80,0.00,0.00,24.24,OK,16.00,0.00,0.00,0.00,,ensemble
1652879,2026-06-06 19:23:50.083727+02,2026-06-06 19:27:00+02,11.01,17.06,5.18,11.10,0.00,0.00,30.32,OK,17.28,0.00,0.00,0.00,,ensemble
1571137,2026-06-05 19:52:29.719544+02,2026-06-05 19:54:00+02,9.49,17.10,4.66,10.30,1.92,0.00,20.10,OK,,0.00,0.00,0.00,,ensemble
1571133,2026-06-05 19:42:46.963495+02,2026-06-05 19:42:00+02,10.11,19.64,19.26,15.70,0.00,0.00,10.23,OK,60.00,0.00,0.00,0.00,,ensemble
1571143,2026-06-05 20:10:56.898653+02,2026-06-05 20:12:00+02,10.59,19.25,10.08,13.00,0.00,0.00,,OK,,0.00,0.00,0.00,,ensemble
1571125,2026-06-05 19:18:35.531241+02,2026-06-05 19:18:00+02,10.48,17.11,15.14,13.90,0.00,0.00,28.99,OK,28.81,0.00,0.00,0.00,,ensemble
1571126,2026-06-05 19:18:35.531241+02,2026-06-05 19:21:00+02,10.43,16.96,12.88,13.10,0.00,0.00,37.00,OK,27.87,0.00,0.00,0.00,,ensemble
1571141,2026-06-05 20:05:27.725715+02,2026-06-05 20:06:00+02,9.08,13.89,10.16,10.80,0.00,0.00,,OK,,0.00,0.00,0.00,,ensemble
1571138,2026-06-05 19:57:17.311273+02,2026-06-05 19:57:00+02,9.40,18.79,9.41,12.20,0.00,0.00,29.01,OK,,0.00,0.00,0.00,,ensemble
1571139,2026-06-05 19:57:17.311273+02,2026-06-05 20:00:00+02,9.30,18.07,7.47,11.40,0.00,0.00,,OK,,0.00,0.00,0.00,,ensemble
1706535,2026-06-07 12:54:36.199975+02,2026-06-07 12:57:00+02,18.05,17.20,12.67,16.20,0.00,,,OK,,0.00,0.00,0.00,,ensemble
1571135,2026-06-05 19:48:20.641643+02,2026-06-05 19:48:00+02,9.92,22.44,20.05,16.70,0.86,0.00,18.16,OK,,0.00,0.00,0.00,,ensemble
1571123,2026-06-05 19:11:39.425247+02,2026-06-05 19:12:00+02,10.73,13.52,4.87,9.80,0.00,0.00,18.29,OK,38.56,0.00,0.00,0.00,,ensemble
1571136,2026-06-05 19:50:30.098919+02,2026-06-05 19:51:00+02,9.82,18.62,9.31,12.30,0.00,0.00,15.75,OK,,0.00,0.00,0.00,,ensemble
1571144,2026-06-05 20:15:09.75051+02,2026-06-05 20:15:00+02,10.49,22.06,15.97,15.60,0.00,,,OK,,0.00,0.00,0.00,,ensemble
1571145,2026-06-05 20:15:09.75051+02,2026-06-05 20:18:00+02,10.38,21.49,12.43,14.30,0.00,,,OK,,0.00,0.00,0.00,,ensemble
1571140,2026-06-05 20:01:32.444578+02,2026-06-05 20:03:00+02,9.19,13.75,3.52,8.90,0.00,0.00,,OK,,0.00,0.00,0.00,,ensemble
1571134,2026-06-05 19:43:11.781999+02,2026-06-05 19:45:00+02,10.02,21.84,4.22,11.80,0.00,0.00,8.88,OK,,0.00,0.00,0.00,,ensemble
1652797,2026-06-06 15:21:33.883647+02,2026-06-06 15:21:00+02,21.34,10.94,5.12,13.40,0.00,0.00,8.67,OK,27.70,0.00,0.00,0.00,,ensemble
1652788,2026-06-06 14:54:02.233686+02,2026-06-06 14:54:00+02,20.28,16.24,15.70,17.70,0.00,0.00,15.94,OK,23.69,0.00,0.00,0.00,,ensemble
1652790,2026-06-06 15:01:28.577879+02,2026-06-06 15:00:00+02,20.39,11.56,6.21,13.50,0.00,0.00,10.15,OK,20.74,0.00,0.00,0.00,,ensemble
1652787,2026-06-06 14:43:01.116078+02,2026-06-06 14:51:00+02,19.38,10.88,7.52,13.30,0.00,2.67,16.65,OK,30.78,0.00,0.00,0.00,,ensemble
1706494,2026-06-07 10:54:28.300301+02,2026-06-07 10:54:00+02,15.22,16.80,16.83,16.20,0.00,0.00,10.27,OK,21.22,0.00,0.00,0.00,,ensemble
1652789,2026-06-06 14:54:02.233686+02,2026-06-06 14:57:00+02,20.48,15.74,14.45,17.20,0.00,0.00,20.52,OK,23.67,0.00,0.00,0.00,,ensemble
1652798,2026-06-06 15:21:33.883647+02,2026-06-06 15:24:00+02,21.58,11.05,4.12,13.20,0.00,0.00,13.28,OK,29.12,0.00,0.00,0.00,,ensemble
1706495,2026-06-07 10:54:28.300301+02,2026-06-07 10:57:00+02,14.84,15.67,16.32,15.50,0.00,0.00,13.51,OK,21.95,0.00,0.00,0.00,,ensemble
1652880,2026-06-06 19:29:43.993784+02,2026-06-06 19:30:00+02,10.96,16.74,17.72,14.70,0.00,0.00,8.95,OK,22.39,0.00,0.00,0.00,,ensemble
1720657,2026-06-08 10:54:17.899315+02,2026-06-08 10:54:00+02,17.12,11.23,10.70,13.40,0.00,0.00,8.30,OK,22.33,0.00,0.00,0.00,,ensemble
1720672,2026-06-08 11:37:18.869775+02,2026-06-08 11:39:00+02,12.70,13.29,12.94,12.90,0.00,0.00,9.03,OK,20.27,0.00,0.00,0.00,,ensemble
1802832,2026-06-09 11:46:22.344319+02,2026-06-09 11:48:00+02,7.94,12.54,10.63,10.10,0.00,0.00,6.64,OK,14.39,0.00,0.00,0.00,,ensemble
1802830,2026-06-09 11:40:00.808623+02,2026-06-09 11:42:00+02,8.12,10.46,11.03,9.70,0.00,0.00,5.05,OK,11.29,0.00,0.00,0.00,,ensemble
1652660,2026-06-06 08:30:50.068599+02,2026-06-06 08:30:00+02,30.21,12.76,11.78,19.40,0.00,0.00,18.83,OK,26.90,0.00,0.00,0.00,,ensemble
1652661,2026-06-06 08:30:50.068599+02,2026-06-06 08:33:00+02,30.27,12.25,11.38,19.20,0.00,0.00,22.01,OK,25.42,0.00,0.00,0.00,,ensemble
1652662,2026-06-06 08:39:06.737834+02,2026-06-06 08:36:00+02,30.34,13.81,10.97,19.60,0.00,0.00,16.17,OK,27.73,0.00,0.00,0.00,,ensemble
1652663,2026-06-06 08:39:06.737834+02,2026-06-06 08:39:00+02,30.42,10.58,10.57,18.50,0.00,0.00,22.53,OK,30.88,0.00,0.00,0.00,,ensemble
1652664,2026-06-06 08:45:12.354982+02,2026-06-06 08:42:00+02,30.51,10.17,10.17,18.30,0.00,0.00,15.43,OK,30.30,0.00,0.00,0.00,,ensemble
1652666,2026-06-06 08:52:01.576283+02,2026-06-06 08:48:00+02,4.27,9.21,5.59,6.20,0.00,0.00,0.00,OK,5.04,0.00,0.00,0.00,,ensemble
1652667,2026-06-06 08:52:01.576283+02,2026-06-06 08:51:00+02,4.28,9.74,5.33,6.20,0.00,0.00,1.44,OK,7.31,0.00,0.00,0.00,,ensemble
1652669,2026-06-06 09:01:14.821346+02,2026-06-06 08:57:00+02,4.33,14.37,9.17,8.80,0.00,0.00,2.49,OK,4.27,0.00,0.00,0.00,,ensemble
1652673,2026-06-06 09:11:29.994119+02,2026-06-06 09:09:00+02,5.41,8.93,6.45,6.80,0.00,0.00,1.20,OK,6.72,0.00,0.00,0.00,,ensemble
1652674,2026-06-06 09:11:29.994119+02,2026-06-06 09:12:00+02,5.50,9.33,6.14,6.80,0.00,0.00,1.89,OK,7.34,0.00,0.00,0.00,,ensemble
1652675,2026-06-06 09:11:29.994119+02,2026-06-06 09:15:00+02,5.60,10.85,6.60,7.50,0.00,0.00,2.52,OK,7.38,0.00,0.00,0.00,,ensemble
1652755,2026-06-06 13:15:34.476392+02,2026-06-06 13:15:00+02,14.35,16.16,3.67,11.70,0.00,0.00,4.26,OK,12.88,0.00,0.00,0.00,,ensemble
1652757,2026-06-06 13:22:33.305974+02,2026-06-06 13:21:00+02,15.06,12.71,4.55,11.20,0.00,0.00,5.04,OK,14.05,0.00,0.00,0.00,,ensemble
1652758,2026-06-06 13:23:51.627194+02,2026-06-06 13:24:00+02,15.19,8.30,1.97,9.20,0.00,0.00,3.86,OK,10.14,0.00,0.00,0.00,,ensemble
1652754,2026-06-06 13:14:06.25129+02,2026-06-06 13:12:00+02,14.20,15.29,10.87,13.50,0.00,0.00,7.61,OK,24.84,0.00,0.00,0.00,,ensemble
1652750,2026-06-06 13:01:57.836434+02,2026-06-06 13:00:00+02,15.17,15.38,10.95,14.00,0.00,0.00,11.10,OK,23.15,0.00,0.00,0.00,,ensemble
1652670,2026-06-06 09:01:45.731823+02,2026-06-06 09:00:00+02,4.37,10.69,6.20,6.80,0.00,0.00,0.99,OK,4.37,0.00,0.00,0.00,,ensemble
1652668,2026-06-06 08:56:32.490961+02,2026-06-06 08:54:00+02,4.29,10.08,5.99,6.50,0.00,0.00,2.31,OK,3.45,0.00,0.00,0.00,,ensemble
1652665,2026-06-06 08:47:51.824211+02,2026-06-06 08:45:00+02,4.29,9.38,5.85,6.30,0.00,0.00,0.00,OK,3.98,0.00,0.00,0.00,,ensemble
1652681,2026-06-06 09:35:13.446902+02,2026-06-06 09:33:00+02,8.47,5.74,5.57,6.80,0.00,0.00,0.10,OK,2.66,0.00,0.00,0.00,,ensemble
1652680,2026-06-06 09:33:15.637369+02,2026-06-06 09:30:00+02,8.32,5.74,5.39,6.70,0.00,0.00,0.55,OK,3.27,0.00,0.00,0.00,,ensemble
1652679,2026-06-06 09:30:15.102291+02,2026-06-06 09:27:00+02,6.08,8.31,11.65,8.40,0.00,0.00,2.90,OK,7.04,0.00,0.00,0.00,,ensemble
1652676,2026-06-06 09:20:09.923137+02,2026-06-06 09:18:00+02,5.71,9.62,4.86,6.60,0.00,0.00,0.45,OK,3.57,0.00,0.00,0.00,,ensemble
1652751,2026-06-06 13:01:57.836434+02,2026-06-06 13:03:00+02,15.39,15.47,10.46,13.90,0.00,0.00,14.53,OK,26.82,0.00,0.00,0.00,,ensemble
1652748,2026-06-06 12:57:22.262962+02,2026-06-06 12:54:00+02,12.35,13.23,12.90,12.80,0.00,0.00,9.23,OK,19.60,0.00,0.00,0.00,,ensemble
1652753,2026-06-06 13:09:00.992792+02,2026-06-06 13:09:00+02,14.05,15.05,4.53,11.50,0.00,0.00,5.06,OK,14.92,0.00,0.00,0.00,,ensemble
1720637,2026-06-08 09:54:13.09219+02,2026-06-08 09:54:00+02,18.47,4.13,5.69,10.30,0.00,0.00,5.03,OK,17.42,0.00,0.00,0.00,,ensemble
1652682,2026-06-06 09:35:13.446902+02,2026-06-06 09:36:00+02,8.60,6.42,4.60,6.70,0.00,0.00,0.34,OK,3.79,0.00,0.00,0.00,,ensemble
1652677,2026-06-06 09:24:35.691097+02,2026-06-06 09:21:00+02,5.83,8.95,6.48,7.00,0.00,0.00,1.18,OK,4.77,0.00,0.00,0.00,,ensemble
1652678,2026-06-06 09:24:35.691097+02,2026-06-06 09:24:00+02,5.95,9.90,6.49,7.30,0.00,0.00,2.30,OK,5.83,0.00,0.00,0.00,,ensemble
1706498,2026-06-07 11:06:20.015968+02,2026-06-07 11:06:00+02,13.72,15.43,15.19,14.70,0.00,0.00,10.44,OK,20.71,0.00,0.00,0.00,,ensemble
1652759,2026-06-06 13:27:59.364372+02,2026-06-06 13:27:00+02,15.32,7.25,5.60,10.00,0.00,0.00,5.09,OK,12.99,0.00,0.00,0.00,,ensemble
1706500,2026-06-07 11:10:58.230841+02,2026-06-07 11:12:00+02,17.23,13.12,4.66,12.20,0.00,0.00,4.69,OK,14.44,0.00,0.00,0.00,,ensemble
1720649,2026-06-08 10:28:25.305705+02,2026-06-08 10:30:00+02,20.16,4.13,7.12,11.40,0.00,0.00,9.57,OK,19.24,0.00,0.00,0.00,,ensemble
1652756,2026-06-06 13:18:34.339632+02,2026-06-06 13:18:00+02,14.49,12.60,3.59,10.70,0.00,0.00,3.87,OK,10.98,0.00,0.00,0.00,,ensemble
1652760,2026-06-06 13:32:00.932746+02,2026-06-06 13:30:00+02,15.45,7.75,4.38,9.80,0.00,0.00,4.08,OK,12.52,0.00,0.00,0.00,,ensemble
1720700,2026-06-08 13:03:00.959044+02,2026-06-08 13:03:00+02,13.22,12.78,5.23,10.70,0.00,0.00,6.31,OK,15.52,0.00,0.00,0.00,,ensemble
1652672,2026-06-06 09:09:15.421711+02,2026-06-06 09:06:00+02,5.33,7.28,6.63,6.30,0.00,0.00,1.45,OK,4.41,0.00,0.00,0.00,,ensemble
1706496,2026-06-07 11:00:23.57938+02,2026-06-07 11:00:00+02,14.47,22.39,15.20,17.10,0.00,0.00,11.07,OK,22.31,0.00,0.00,0.00,,ensemble
1720701,2026-06-08 13:03:00.959044+02,2026-06-08 13:06:00+02,13.36,12.70,5.96,10.90,0.00,0.00,9.80,OK,17.53,0.00,0.00,0.00,,ensemble
1652761,2026-06-06 13:34:15.977174+02,2026-06-06 13:33:00+02,15.57,10.52,8.34,11.90,0.00,0.00,6.70,OK,17.74,0.00,0.00,0.00,,ensemble
1802767,2026-06-09 08:32:41.724316+02,2026-06-09 08:33:00+02,21.99,12.49,8.77,15.20,0.00,0.00,14.05,OK,35.84,0.00,0.00,0.00,,ensemble
1652749,2026-06-06 12:57:22.262962+02,2026-06-06 12:57:00+02,12.51,13.03,12.11,12.50,0.00,0.00,12.00,OK,21.97,0.00,0.00,0.00,,ensemble
1802901,2026-06-09 15:15:01.09114+02,2026-06-09 15:15:00+02,16.65,9.56,5.18,11.10,0.00,0.00,6.22,OK,23.32,0.00,0.00,0.00,,ensemble
1720732,2026-06-08 14:38:54.5351+02,2026-06-08 14:39:00+02,16.74,13.28,9.16,13.40,0.00,0.00,10.07,OK,27.77,0.00,0.00,0.00,,ensemble
1706497,2026-06-07 11:02:30.661611+02,2026-06-07 11:03:00+02,14.09,20.92,10.59,15.10,0.00,0.00,9.39,OK,20.98,0.00,0.00,0.00,,ensemble
1802902,2026-06-09 15:15:01.09114+02,2026-06-09 15:18:00+02,16.94,9.55,4.70,11.00,0.00,0.00,7.72,OK,20.65,0.00,0.00,0.00,,ensemble
1720636,2026-06-08 09:50:11.882722+02,2026-06-08 09:51:00+02,18.50,4.13,6.92,10.70,0.00,0.00,5.20,OK,21.10,0.00,0.00,0.00,,ensemble
1720638,2026-06-08 09:56:21.654067+02,2026-06-08 09:57:00+02,19.33,4.13,14.31,13.30,0.00,0.00,8.39,OK,21.92,0.00,0.00,0.00,,ensemble
1652752,2026-06-06 13:06:10.153391+02,2026-06-06 13:06:00+02,13.89,16.75,18.04,16.00,0.00,0.00,14.57,OK,26.90,0.00,0.00,0.00,,ensemble
1706499,2026-06-07 11:09:58.901429+02,2026-06-07 11:09:00+02,13.35,14.18,11.92,13.20,0.00,0.00,6.29,OK,21.22,0.00,0.00,0.00,,ensemble
1720706,2026-06-08 13:21:32.682867+02,2026-06-08 13:21:00+02,14.17,9.80,11.06,11.90,0.00,0.00,8.09,OK,26.33,0.00,0.00,0.00,,ensemble
1720707,2026-06-08 13:23:36.513791+02,2026-06-08 13:24:00+02,14.29,10.37,7.43,11.10,0.00,0.00,6.89,OK,20.72,0.00,0.00,0.00,,ensemble
1802768,2026-06-09 08:37:05.150979+02,2026-06-09 08:36:00+02,5.30,12.22,8.44,8.30,0.00,0.00,3.53,OK,9.19,0.00,0.00,0.00,,ensemble
1802766,2026-06-09 08:30:06.025041+02,2026-06-09 08:30:00+02,21.89,12.75,9.10,15.30,0.00,0.00,18.27,OK,30.76,0.00,0.00,0.00,,ensemble
1802833,2026-06-09 11:51:20.213318+02,2026-06-09 11:51:00+02,7.88,9.76,8.17,8.50,0.00,0.00,3.85,OK,12.48,0.00,0.00,0.00,,ensemble
1652814,2026-06-06 16:12:27.331418+02,2026-06-06 16:12:00+02,25.65,11.76,11.84,17.30,0.00,0.00,15.18,OK,34.02,0.00,0.00,0.00,,ensemble
1706478,2026-06-07 10:04:29.283282+02,2026-06-07 10:06:00+02,13.67,6.00,7.93,9.60,0.00,0.00,4.14,OK,6.69,0.00,0.00,0.00,,ensemble
1706514,2026-06-07 11:52:59.74875+02,2026-06-07 11:54:00+02,13.38,22.62,10.83,15.40,0.00,0.00,11.24,OK,23.55,0.00,0.00,0.00,,ensemble
1652817,2026-06-06 16:22:51.611242+02,2026-06-06 16:21:00+02,25.84,13.74,14.45,18.80,0.00,0.00,18.50,OK,27.03,0.00,0.00,0.00,,ensemble
1706515,2026-06-07 11:52:59.74875+02,2026-06-07 11:57:00+02,13.36,22.08,11.87,15.50,0.00,0.00,15.49,OK,23.48,0.00,0.00,0.00,,ensemble
1720725,2026-06-08 14:17:48.540073+02,2026-06-08 14:18:00+02,15.61,4.11,1.87,8.00,0.00,0.00,1.61,OK,9.07,0.00,0.00,0.00,,ensemble
1720729,2026-06-08 14:29:45.608908+02,2026-06-08 14:30:00+02,16.08,13.13,10.89,13.60,0.00,0.00,12.21,OK,25.19,0.00,0.00,0.00,,ensemble
1720731,2026-06-08 14:35:53.643051+02,2026-06-08 14:36:00+02,16.59,12.53,8.49,12.90,0.00,0.00,9.89,OK,24.19,0.00,0.00,0.00,,ensemble
1802825,2026-06-09 11:27:31.342157+02,2026-06-09 11:27:00+02,9.53,8.51,7.76,8.70,0.00,0.00,1.19,OK,8.59,0.00,0.00,0.00,,ensemble
1706501,2026-06-07 11:14:59.973564+02,2026-06-07 11:15:00+02,13.70,14.23,12.52,13.50,0.00,0.00,5.95,OK,15.90,0.00,0.00,0.00,,ensemble
1706477,2026-06-07 10:01:53.387031+02,2026-06-07 10:03:00+02,14.72,6.00,6.18,9.50,0.00,0.00,4.23,OK,11.69,0.00,0.00,0.00,,ensemble
1706479,2026-06-07 10:09:08.588455+02,2026-06-07 10:09:00+02,13.61,6.00,9.80,10.20,0.00,0.00,4.55,OK,16.83,0.00,0.00,0.00,,ensemble
1706512,2026-06-07 11:47:47.068772+02,2026-06-07 11:48:00+02,16.59,22.05,16.99,18.40,0.00,0.00,14.28,OK,26.59,0.00,0.00,0.00,,ensemble
1706507,2026-06-07 11:30:25.941544+02,2026-06-07 11:33:00+02,15.80,23.34,17.96,18.70,0.00,0.00,18.10,OK,25.98,0.00,0.00,0.00,,ensemble
1706516,2026-06-07 11:59:42.722268+02,2026-06-07 12:00:00+02,13.38,22.94,14.27,16.50,0.00,0.00,12.40,OK,24.07,0.00,0.00,0.00,,ensemble
1706508,2026-06-07 11:33:26.19412+02,2026-06-07 11:36:00+02,12.65,26.08,20.55,19.00,0.28,0.00,10.86,OK,26.09,0.00,0.00,0.00,,ensemble
1652818,2026-06-06 16:25:38.919929+02,2026-06-06 16:24:00+02,25.97,13.27,10.99,17.70,0.00,0.00,19.14,OK,26.93,0.00,0.00,0.00,,ensemble
1652819,2026-06-06 16:25:38.919929+02,2026-06-06 16:27:00+02,26.09,13.15,10.22,17.40,0.00,0.00,26.92,OK,25.72,0.00,0.00,0.00,,ensemble
1720728,2026-06-08 14:26:53.652142+02,2026-06-08 14:27:00+02,15.95,14.17,9.71,13.50,0.00,0.00,8.45,OK,25.82,0.00,0.00,0.00,,ensemble
1652815,2026-06-06 16:14:29.645267+02,2026-06-06 16:15:00+02,22.48,12.43,4.69,14.10,0.00,0.00,9.95,OK,26.32,0.00,0.00,0.00,,ensemble
1652816,2026-06-06 16:14:29.645267+02,2026-06-06 16:18:00+02,22.58,12.43,3.92,13.90,0.00,0.00,14.87,OK,24.65,0.00,0.00,0.00,,ensemble
1652771,2026-06-06 14:03:14.853884+02,2026-06-06 14:03:00+02,15.83,5.53,4.87,9.50,0.00,0.00,4.31,OK,10.87,0.00,0.00,0.00,,ensemble
1652772,2026-06-06 14:03:14.853884+02,2026-06-06 14:06:00+02,15.91,6.04,4.37,9.50,0.00,0.00,6.83,OK,12.82,0.00,0.00,0.00,,ensemble
1720727,2026-06-08 14:23:44.150211+02,2026-06-08 14:24:00+02,15.83,8.45,9.54,11.70,0.00,0.00,7.24,OK,21.55,0.00,0.00,0.00,,ensemble
1706511,2026-06-07 11:44:06.679311+02,2026-06-07 11:45:00+02,12.14,25.24,11.58,15.90,0.00,0.00,11.43,OK,26.42,0.00,0.00,0.00,,ensemble
1706517,2026-06-07 12:01:42.088807+02,2026-06-07 12:03:00+02,13.41,25.64,8.28,15.50,0.00,0.00,11.96,OK,26.02,0.00,0.00,0.00,,ensemble
1706484,2026-06-07 10:24:01.337279+02,2026-06-07 10:24:00+02,15.63,6.00,11.09,11.40,0.00,0.00,7.40,OK,16.09,0.00,0.00,0.00,,ensemble
1706483,2026-06-07 10:19:49.541184+02,2026-06-07 10:21:00+02,15.81,6.00,10.80,11.40,0.00,0.00,5.81,OK,15.23,0.00,0.00,0.00,,ensemble
1652820,2026-06-06 16:31:36.648867+02,2026-06-06 16:30:00+02,26.19,12.56,12.16,17.90,0.00,0.00,15.82,OK,26.36,0.00,0.00,0.00,,ensemble
1706482,2026-06-07 10:17:59.47805+02,2026-06-07 10:18:00+02,13.25,6.00,7.88,9.50,0.00,0.00,2.39,OK,5.72,0.00,0.00,0.00,,ensemble
1706510,2026-06-07 11:42:08.80169+02,2026-06-07 11:42:00+02,12.28,24.73,19.55,18.20,0.00,0.00,12.46,OK,26.76,0.00,0.00,0.00,,ensemble
1706502,2026-06-07 11:14:59.973564+02,2026-06-07 11:18:00+02,13.36,14.47,11.66,13.20,0.00,0.00,8.76,OK,20.40,0.00,0.00,0.00,,ensemble
1706513,2026-06-07 11:49:42.60361+02,2026-06-07 11:51:00+02,13.43,22.46,6.60,14.10,0.00,0.00,8.95,OK,24.89,0.00,0.00,0.00,,ensemble
1652837,2026-06-06 17:21:34.57499+02,2026-06-06 17:21:00+02,23.21,13.51,10.55,16.50,0.00,0.00,12.47,OK,25.82,0.00,0.00,0.00,,ensemble
1706485,2026-06-07 10:26:02.447569+02,2026-06-07 10:27:00+02,15.42,6.00,6.78,10.00,0.00,0.00,5.03,OK,8.47,0.00,0.00,0.00,,ensemble
1652838,2026-06-06 17:23:02.088876+02,2026-06-06 17:24:00+02,22.96,14.49,4.95,15.00,0.00,0.00,11.38,OK,23.05,0.00,0.00,0.00,,ensemble
1652839,2026-06-06 17:27:03.115622+02,2026-06-06 17:27:00+02,21.92,15.68,6.24,15.30,0.05,0.00,13.15,OK,23.24,0.00,0.00,0.00,,ensemble
1652770,2026-06-06 14:01:18.087336+02,2026-06-06 14:00:00+02,16.22,5.48,2.24,8.80,0.00,0.00,3.64,OK,7.49,0.00,0.00,0.00,,ensemble
1706509,2026-06-07 11:38:58.072975+02,2026-06-07 11:39:00+02,12.45,24.36,17.31,17.50,0.00,0.00,10.90,OK,26.08,0.00,0.00,0.00,,ensemble
1706481,2026-06-07 10:16:05.508093+02,2026-06-07 10:15:00+02,13.39,6.00,16.29,12.00,0.00,0.00,5.61,OK,14.84,0.00,0.00,0.00,,ensemble
1720724,2026-06-08 14:15:30.97383+02,2026-06-08 14:15:00+02,15.50,7.28,2.66,9.20,0.00,0.00,2.74,OK,12.27,0.00,0.00,0.00,,ensemble
1720723,2026-06-08 14:12:11.783782+02,2026-06-08 14:12:00+02,15.31,12.55,4.73,11.30,0.00,0.00,5.77,OK,15.13,0.00,0.00,0.00,,ensemble
1720722,2026-06-08 14:08:49.926111+02,2026-06-08 14:09:00+02,15.21,13.08,8.29,12.50,0.00,0.00,8.37,OK,21.34,0.00,0.00,0.00,,ensemble
1720721,2026-06-08 14:05:18.775637+02,2026-06-08 14:06:00+02,15.11,8.19,4.70,9.90,0.00,0.00,5.38,OK,11.91,0.00,0.00,0.00,,ensemble
1802826,2026-06-09 11:27:31.342157+02,2026-06-09 11:30:00+02,9.35,8.95,7.03,8.50,0.00,0.00,3.96,OK,10.73,0.00,0.00,0.00,,ensemble
1720730,2026-06-08 14:32:44.81717+02,2026-06-08 14:33:00+02,16.45,11.93,8.13,12.60,0.00,0.00,9.45,OK,20.86,0.00,0.00,0.00,,ensemble
1720734,2026-06-08 14:44:48.73811+02,2026-06-08 14:45:00+02,17.07,8.70,3.91,10.60,0.00,0.00,5.88,OK,18.10,0.00,0.00,0.00,,ensemble
1720726,2026-06-08 14:21:01.508488+02,2026-06-08 14:21:00+02,15.72,6.12,8.25,10.60,0.00,0.00,5.71,OK,19.51,0.00,0.00,0.00,,ensemble
1802903,2026-06-09 15:21:04.131269+02,2026-06-09 15:21:00+02,17.23,9.40,8.90,12.40,0.00,0.00,7.06,OK,25.58,0.00,0.00,0.00,,ensemble
1652887,2026-06-06 19:50:52.480494+02,2026-06-06 19:51:00+02,10.38,16.45,15.02,13.60,0.00,0.00,16.92,OK,,0.00,0.00,0.00,,ensemble
1720737,2026-06-08 14:54:00.542506+02,2026-06-08 14:54:00+02,17.47,9.82,10.15,13.00,0.00,0.00,9.32,OK,26.75,0.00,0.00,0.00,,ensemble
1720738,2026-06-08 14:56:44.267413+02,2026-06-08 14:57:00+02,17.66,11.65,9.42,13.40,0.00,0.00,9.76,OK,24.28,0.00,0.00,0.00,,ensemble
1720739,2026-06-08 15:00:33.652502+02,2026-06-08 15:00:00+02,17.85,12.37,6.80,12.90,0.00,0.00,9.00,OK,19.81,0.00,0.00,0.00,,ensemble
1706491,2026-06-07 10:45:33.255496+02,2026-06-07 10:45:00+02,15.23,11.11,14.38,13.70,0.00,0.00,7.73,OK,17.99,0.00,0.00,0.00,,ensemble
1706506,2026-06-07 11:30:25.941544+02,2026-06-07 11:30:00+02,16.09,24.24,22.47,20.40,0.00,0.00,12.59,OK,27.35,0.00,0.00,0.00,,ensemble
1720740,2026-06-08 15:02:32.177697+02,2026-06-08 15:03:00+02,18.05,8.99,5.60,11.60,0.00,0.00,7.16,OK,17.15,0.00,0.00,0.00,,ensemble
1802838,2026-06-09 12:05:54.997421+02,2026-06-09 12:06:00+02,7.51,8.79,4.49,7.00,0.00,0.00,2.17,OK,4.96,0.00,0.00,0.00,,ensemble
1706488,2026-06-07 10:36:38.505769+02,2026-06-07 10:36:00+02,19.13,15.95,14.86,16.90,0.00,0.00,9.68,OK,24.79,0.00,0.00,0.00,,ensemble
1652895,2026-06-06 20:14:22.174511+02,2026-06-06 20:15:00+02,10.95,20.07,3.74,11.50,0.00,,,OK,,0.00,0.00,0.00,,ensemble
1652896,2026-06-06 20:14:22.174511+02,2026-06-06 20:18:00+02,10.80,18.39,0.63,10.00,0.00,,,OK,,0.00,0.00,0.00,,ensemble
1802896,2026-06-09 14:57:19.212887+02,2026-06-09 15:00:00+02,14.72,11.05,4.40,10.50,0.00,0.00,11.76,OK,19.54,0.00,0.00,0.00,,ensemble
1720735,2026-06-08 14:48:07.478133+02,2026-06-08 14:48:00+02,17.12,7.62,5.74,10.90,0.00,0.00,5.50,OK,18.98,0.00,0.00,0.00,,ensemble
1720736,2026-06-08 14:50:41.811702+02,2026-06-08 14:51:00+02,17.29,8.66,8.86,12.20,0.00,0.00,7.54,OK,26.40,0.00,0.00,0.00,,ensemble
1652861,2026-06-06 18:31:03.829651+02,2026-06-06 18:33:00+02,15.08,21.22,16.36,17.30,0.00,0.00,10.87,OK,27.06,0.00,0.00,0.00,,ensemble
1652859,2026-06-06 18:24:46.264201+02,2026-06-06 18:27:00+02,15.49,16.85,13.37,15.30,0.00,0.00,46.35,OK,26.00,3.00,0.00,0.00,,ensemble
1720793,2026-06-08 17:42:04.099548+02,2026-06-08 17:42:00+02,17.81,11.57,9.21,13.40,0.00,0.00,8.45,OK,60.00,0.00,0.00,0.00,,ensemble
1720796,2026-06-08 17:50:46.580804+02,2026-06-08 17:51:00+02,15.84,18.92,21.07,18.30,0.00,0.00,31.68,OK,60.00,0.00,0.00,0.00,,ensemble
1720790,2026-06-08 17:33:08.478647+02,2026-06-08 17:33:00+02,19.02,12.93,14.24,15.80,0.00,0.00,13.00,OK,28.12,0.00,0.00,0.00,,ensemble
1652773,2026-06-06 14:10:23.031349+02,2026-06-06 14:09:00+02,15.98,7.55,3.41,9.70,0.00,0.00,3.42,OK,12.66,0.00,0.00,0.00,,ensemble
1652890,2026-06-06 19:59:42.472678+02,2026-06-06 20:00:00+02,10.82,15.32,5.42,10.60,0.00,0.00,,OK,,0.00,0.00,0.00,,ensemble
1802897,2026-06-09 15:03:17.687224+02,2026-06-09 15:03:00+02,14.95,9.94,10.41,12.10,0.00,0.00,9.75,OK,22.60,0.00,0.00,0.00,,ensemble
1652897,2026-06-06 20:20:53.28115+02,2026-06-06 20:21:00+02,10.66,6.14,0.38,6.20,0.00,,,OK,,0.00,0.00,0.00,,ensemble
1652898,2026-06-06 20:23:53.215774+02,2026-06-06 20:24:00+02,10.51,5.31,0.94,6.10,0.00,,,OK,,0.00,0.00,0.00,,ensemble
1720797,2026-06-08 17:52:18.76753+02,2026-06-08 17:54:00+02,15.39,18.81,5.54,13.50,0.00,0.00,24.05,OK,60.00,0.00,0.00,0.00,,ensemble
1720791,2026-06-08 17:34:50.073987+02,2026-06-08 17:36:00+02,18.63,13.23,10.47,14.60,0.00,0.00,10.57,OK,51.49,0.00,0.00,0.00,,ensemble
1652893,2026-06-06 20:08:05.325408+02,2026-06-06 20:09:00+02,10.42,15.96,14.52,13.30,0.00,0.00,,OK,,0.00,0.00,0.00,,ensemble
1652885,2026-06-06 19:41:34.274686+02,2026-06-06 19:45:00+02,10.57,10.36,2.57,8.10,0.00,0.00,2.48,OK,,0.00,0.00,0.00,,ensemble
1652891,2026-06-06 20:01:18.808821+02,2026-06-06 20:03:00+02,10.69,13.79,3.97,9.60,0.00,0.00,,OK,,0.00,0.00,0.00,,ensemble
1652860,2026-06-06 18:29:45.852549+02,2026-06-06 18:30:00+02,15.28,21.22,5.87,14.20,0.16,0.00,7.98,OK,20.60,0.00,0.00,0.00,,ensemble
1652888,2026-06-06 19:54:22.500602+02,2026-06-06 19:54:00+02,10.27,17.10,17.80,14.60,3.02,0.00,21.96,OK,,0.00,0.00,0.00,,ensemble
1652899,2026-06-06 20:26:45.748353+02,2026-06-06 20:27:00+02,10.35,6.39,2.71,6.90,0.00,,,OK,,0.00,0.00,0.00,,ensemble
1652886,2026-06-06 19:46:59.633537+02,2026-06-06 19:48:00+02,10.48,16.54,2.46,9.90,0.00,0.00,4.26,OK,,0.00,0.00,0.00,,ensemble
1652894,2026-06-06 20:12:17.697205+02,2026-06-06 20:12:00+02,10.28,21.24,18.71,16.10,0.00,0.00,,OK,,0.00,0.00,0.00,,ensemble
1652889,2026-06-06 19:57:07.129938+02,2026-06-06 19:57:00+02,0.00,20.21,7.07,8.20,0.00,0.00,10.80,OK,,0.00,0.00,0.00,,ensemble
1706520,2026-06-07 12:07:10.755631+02,2026-06-07 12:12:00+02,14.97,24.81,4.89,14.90,0.00,0.00,11.68,OK,28.66,0.00,0.00,0.00,,ensemble
1802989,2026-06-09 16:42:32.950429+02,2026-06-09 19:39:00+02,10.52,10.67,0.00,7.40,60.00,60.00,28.55,ALERT,56.09,0.00,0.00,0.00,,ensemble
1706489,2026-06-07 10:39:45.504651+02,2026-06-07 10:39:00+02,15.88,16.39,8.10,13.70,0.00,0.00,6.79,OK,18.95,0.00,0.00,0.00,,ensemble
1706486,2026-06-07 10:26:02.447569+02,2026-06-07 10:30:00+02,15.19,7.29,5.85,10.00,0.00,0.00,4.35,OK,10.10,0.00,0.00,0.00,,ensemble
1652892,2026-06-06 20:06:15.196689+02,2026-06-06 20:06:00+02,10.56,15.93,17.00,14.10,0.00,0.00,,OK,,0.00,0.00,0.00,,ensemble
1706490,2026-06-07 10:39:45.504651+02,2026-06-07 10:42:00+02,15.56,15.29,10.22,13.90,0.00,0.00,9.81,OK,21.55,0.00,0.00,0.00,,ensemble
1720792,2026-06-08 17:39:05.209385+02,2026-06-08 17:39:00+02,18.22,15.09,8.93,14.50,0.00,0.00,8.98,OK,49.97,0.00,0.00,0.00,,ensemble
1720781,2026-06-08 17:05:45.194305+02,2026-06-08 17:06:00+02,22.29,9.84,9.98,14.90,0.00,0.00,13.55,OK,25.21,0.00,0.00,0.00,,ensemble
1802899,2026-06-09 15:09:14.249428+02,2026-06-09 15:09:00+02,16.11,12.35,13.65,14.20,0.00,0.00,11.46,OK,26.36,0.00,0.00,0.00,,ensemble
1802894,2026-06-09 14:51:04.307449+02,2026-06-09 14:54:00+02,14.27,11.17,10.07,12.10,0.00,0.00,11.15,OK,28.51,0.00,0.00,0.00,,ensemble
1720741,2026-06-08 15:06:22.173347+02,2026-06-08 15:06:00+02,18.22,9.47,13.54,14.20,0.00,0.00,12.58,OK,26.69,0.00,0.00,0.00,,ensemble
1720794,2026-06-08 17:45:01.445145+02,2026-06-08 17:45:00+02,16.82,12.60,11.56,14.00,0.00,0.00,9.90,OK,60.00,0.00,0.00,0.00,,ensemble
1720780,2026-06-08 17:01:37.879622+02,2026-06-08 17:03:00+02,22.45,9.23,4.43,13.10,0.00,0.00,10.56,OK,21.05,0.00,0.00,0.00,,ensemble
1720795,2026-06-08 17:46:29.39804+02,2026-06-08 17:48:00+02,16.38,13.28,5.08,12.10,0.00,0.00,7.38,OK,60.00,0.00,0.00,0.00,,ensemble
1802936,2026-06-09 16:42:32.950429+02,2026-06-09 17:00:00+02,21.13,10.43,2.73,12.40,0.00,10.80,34.39,OK,26.29,0.00,0.00,0.00,,ensemble
1802898,2026-06-09 15:06:01.677379+02,2026-06-09 15:06:00+02,12.71,10.77,10.93,11.60,0.00,0.00,9.01,OK,19.41,0.00,0.00,0.00,,ensemble
1706527,2026-06-07 12:32:16.389247+02,2026-06-07 12:33:00+02,17.01,14.99,11.79,14.80,0.10,0.00,,OK,,0.00,0.00,0.00,,ensemble
1720609,2026-06-08 08:26:09.565497+02,2026-06-08 08:30:00+02,0.00,12.52,9.10,6.50,0.00,0.00,1.96,OK,0.00,0.00,0.00,0.00,,ensemble
1720610,2026-06-08 08:33:44.355596+02,2026-06-08 08:33:00+02,0.00,12.21,8.77,6.30,0.00,0.00,0.96,OK,0.00,0.00,0.00,0.00,,ensemble
1706521,2026-06-07 12:14:35.298044+02,2026-06-07 12:15:00+02,15.12,16.02,11.28,14.20,1.10,0.00,8.47,OK,,0.00,0.00,0.00,,ensemble
1706522,2026-06-07 12:14:35.298044+02,2026-06-07 12:18:00+02,15.30,15.78,12.31,14.50,0.00,0.00,13.01,OK,,0.00,0.00,0.00,,ensemble
1720620,2026-06-08 09:05:33.65648+02,2026-06-08 09:03:00+02,11.25,10.10,8.33,10.00,0.00,0.00,6.25,OK,19.57,0.00,0.00,0.00,,ensemble
1720629,2026-06-08 09:28:08.252273+02,2026-06-08 09:30:00+02,16.70,4.13,8.15,10.40,0.00,0.00,9.39,OK,19.72,0.00,0.00,0.00,,ensemble
1706524,2026-06-07 12:23:24.890193+02,2026-06-07 12:24:00+02,16.30,21.00,14.08,17.00,0.00,0.00,15.99,OK,,0.00,0.00,0.00,,ensemble
1720628,2026-06-08 09:27:44.463241+02,2026-06-08 09:27:00+02,16.46,6.85,6.52,10.60,0.00,0.00,4.96,OK,18.44,0.00,0.00,0.00,,ensemble
1802781,2026-06-09 09:12:19.22541+02,2026-06-09 09:15:00+02,9.29,9.16,3.83,7.60,0.00,0.00,2.66,OK,8.90,0.00,0.00,0.00,,ensemble
1802906,2026-06-09 15:30:32.420863+02,2026-06-09 15:30:00+02,18.54,10.47,14.42,14.90,0.00,0.00,16.42,OK,28.96,0.00,0.00,0.00,,ensemble
1706518,2026-06-07 12:06:09.298913+02,2026-06-07 12:06:00+02,14.75,25.80,21.90,20.20,0.00,0.00,18.64,OK,26.11,0.00,0.00,0.00,,ensemble
1720627,2026-06-08 09:25:02.667698+02,2026-06-08 09:24:00+02,16.20,6.91,9.27,11.30,0.00,0.00,6.77,OK,21.85,0.00,0.00,0.00,,ensemble
1706530,2026-06-07 12:41:40.010875+02,2026-06-07 12:42:00+02,16.74,14.24,13.85,15.10,0.00,0.00,,OK,,0.00,0.00,0.00,,ensemble
1706531,2026-06-07 12:41:40.010875+02,2026-06-07 12:45:00+02,17.00,14.57,13.38,15.20,0.00,,,OK,,0.00,0.00,0.00,,ensemble
1802839,2026-06-09 12:09:19.345649+02,2026-06-09 12:09:00+02,7.26,8.13,7.27,7.50,0.00,0.00,2.69,OK,5.41,0.00,0.00,0.00,,ensemble
1720624,2026-06-08 09:15:03.853138+02,2026-06-08 09:15:00+02,14.52,7.47,4.09,9.30,0.00,0.00,4.99,OK,23.21,0.00,0.00,0.00,,ensemble
1652774,2026-06-06 14:12:50.257146+02,2026-06-06 14:12:00+02,16.06,8.77,7.81,11.40,0.00,0.00,4.68,OK,16.43,0.00,0.00,0.00,,ensemble
1652775,2026-06-06 14:12:50.257146+02,2026-06-06 14:15:00+02,16.15,9.03,7.09,11.30,0.00,0.00,5.92,OK,18.16,0.00,0.00,0.00,,ensemble
1720631,2026-06-08 09:36:45.041988+02,2026-06-08 09:36:00+02,17.14,4.13,3.87,9.30,0.00,0.00,5.09,OK,13.22,0.00,0.00,0.00,,ensemble
1802840,2026-06-09 12:10:50.759577+02,2026-06-09 12:12:00+02,7.30,8.32,6.78,7.40,0.00,0.00,2.13,OK,4.65,0.00,0.00,0.00,,ensemble
1706532,2026-06-07 12:47:39.902727+02,2026-06-07 12:48:00+02,17.26,13.31,12.50,14.60,0.00,,,OK,,0.00,0.00,0.00,,ensemble
1720626,2026-06-08 09:21:52.689844+02,2026-06-08 09:21:00+02,13.84,8.79,6.56,10.10,0.00,0.00,4.97,OK,15.66,0.00,0.00,0.00,,ensemble
1720623,2026-06-08 09:12:05.733852+02,2026-06-08 09:12:00+02,14.26,10.20,6.05,10.60,0.00,0.00,6.09,OK,15.96,0.00,0.00,0.00,,ensemble
1706533,2026-06-07 12:48:19.96721+02,2026-06-07 12:51:00+02,17.53,16.97,16.36,17.00,0.00,,,OK,,0.00,0.00,0.00,,ensemble
1720633,2026-06-08 09:41:15.2445+02,2026-06-08 09:42:00+02,18.10,4.13,5.35,10.10,0.00,0.00,5.73,OK,15.93,0.00,0.00,0.00,,ensemble
1706523,2026-06-07 12:20:06.76637+02,2026-06-07 12:21:00+02,15.49,24.56,13.08,17.50,0.00,0.00,13.49,OK,,0.00,0.00,0.00,,ensemble
1720630,2026-06-08 09:31:08.267485+02,2026-06-08 09:33:00+02,16.93,4.13,8.40,10.50,0.00,0.00,7.87,OK,18.10,0.00,0.00,0.00,,ensemble
1706534,2026-06-07 12:53:29.689459+02,2026-06-07 12:54:00+02,17.79,16.95,9.92,15.20,0.00,,,OK,,0.00,0.00,0.00,,ensemble
1720634,2026-06-08 09:43:38.983327+02,2026-06-08 09:45:00+02,18.26,4.13,5.30,10.10,0.00,0.00,5.57,OK,15.96,0.00,0.00,0.00,,ensemble
1720625,2026-06-08 09:18:26.436658+02,2026-06-08 09:18:00+02,14.79,8.57,6.96,10.60,0.00,0.00,5.59,OK,20.22,0.00,0.00,0.00,,ensemble
1706528,2026-06-07 12:35:58.98875+02,2026-06-07 12:36:00+02,17.27,14.70,12.55,15.10,0.00,0.00,,OK,,0.00,0.00,0.00,,ensemble
1720635,2026-06-08 09:47:54.91922+02,2026-06-08 09:48:00+02,18.39,4.13,4.56,10.00,0.00,0.00,4.62,OK,16.09,0.00,0.00,0.00,,ensemble
1706529,2026-06-07 12:39:11.191115+02,2026-06-07 12:39:00+02,17.55,16.18,11.92,15.40,0.00,0.00,,OK,,0.00,0.00,0.00,,ensemble
1802912,2026-06-09 15:48:11.298453+02,2026-06-09 15:48:00+02,19.37,8.29,13.81,14.40,0.00,0.00,11.82,OK,29.09,0.00,0.00,0.00,,ensemble
1706525,2026-06-07 12:26:22.359102+02,2026-06-07 12:27:00+02,16.52,20.96,6.88,15.00,0.00,0.00,11.75,OK,,0.00,0.00,0.00,,ensemble
1706526,2026-06-07 12:26:22.359102+02,2026-06-07 12:30:00+02,16.76,20.99,4.84,14.50,0.00,0.00,,OK,,0.00,0.00,0.00,,ensemble
1720621,2026-06-08 09:08:26.426092+02,2026-06-08 09:06:00+02,13.74,7.84,9.63,10.70,0.00,0.00,9.10,OK,21.05,0.00,0.00,0.00,,ensemble
1706519,2026-06-07 12:07:10.755631+02,2026-06-07 12:09:00+02,14.85,26.55,6.53,15.90,0.00,0.00,9.58,OK,27.36,0.00,0.00,0.00,,ensemble
1720622,2026-06-08 09:08:26.426092+02,2026-06-08 09:09:00+02,14.00,9.61,9.46,11.30,0.00,0.00,10.82,OK,24.05,0.00,0.00,0.00,,ensemble
1720632,2026-06-08 09:37:56.614875+02,2026-06-08 09:39:00+02,16.76,4.13,6.30,9.80,0.00,0.00,5.61,OK,15.53,0.00,0.00,0.00,,ensemble
1802909,2026-06-09 15:39:03.964644+02,2026-06-09 15:39:00+02,18.38,9.64,9.92,13.20,0.00,0.00,9.85,OK,26.85,0.00,0.00,0.00,,ensemble
1720611,2026-06-08 08:35:58.959642+02,2026-06-08 08:36:00+02,0.00,11.90,8.44,6.10,0.00,0.00,0.38,OK,0.08,0.00,0.00,0.00,,ensemble
1802908,2026-06-09 15:35:17.242101+02,2026-06-09 15:36:00+02,19.19,8.90,7.60,12.60,0.00,0.00,9.46,OK,21.49,0.00,0.00,0.00,,ensemble
1802910,2026-06-09 15:42:17.652597+02,2026-06-09 15:42:00+02,18.71,7.51,5.09,11.30,0.00,0.00,7.74,OK,21.34,0.00,0.00,0.00,,ensemble
1802913,2026-06-09 15:51:01.489791+02,2026-06-09 15:51:00+02,19.69,11.35,13.89,15.40,0.00,0.00,11.81,OK,29.98,0.00,0.00,0.00,,ensemble
1802911,2026-06-09 15:44:54.02534+02,2026-06-09 15:45:00+02,19.04,7.71,5.03,11.40,0.00,0.00,7.75,OK,28.61,0.00,0.00,0.00,,ensemble
1802907,2026-06-09 15:32:54.965882+02,2026-06-09 15:33:00+02,18.86,9.32,9.64,13.20,0.00,0.00,10.63,OK,28.40,0.00,0.00,0.00,,ensemble
1706452,2026-06-07 08:50:09.301587+02,2026-06-07 08:48:00+02,4.42,9.30,5.59,6.20,0.00,0.00,1.22,OK,2.19,0.00,0.00,0.00,,ensemble
1706455,2026-06-07 08:58:26.050076+02,2026-06-07 08:57:00+02,2.89,12.79,7.86,7.40,0.00,0.00,0.91,OK,0.29,0.00,0.00,0.00,,ensemble
1720612,2026-06-08 08:39:33.389522+02,2026-06-08 08:39:00+02,0.00,9.32,6.37,4.70,0.00,0.00,0.00,OK,0.15,0.00,0.00,0.00,,ensemble
1720613,2026-06-08 08:42:23.844285+02,2026-06-08 08:42:00+02,0.00,11.27,7.77,5.70,0.00,0.00,0.00,OK,0.92,0.00,0.00,0.00,,ensemble
1720614,2026-06-08 08:45:11.514108+02,2026-06-08 08:45:00+02,10.81,8.88,6.73,9.00,0.00,0.00,4.43,OK,16.31,0.00,0.00,0.00,,ensemble
1720615,2026-06-08 08:50:53.971765+02,2026-06-08 08:48:00+02,10.97,8.67,5.59,8.70,0.00,0.00,4.47,OK,15.73,0.00,0.00,0.00,,ensemble
1720616,2026-06-08 08:50:53.971765+02,2026-06-08 08:51:00+02,11.15,10.58,6.29,9.50,0.00,0.00,6.44,OK,22.55,0.00,0.00,0.00,,ensemble
1720618,2026-06-08 09:00:03.281897+02,2026-06-08 08:57:00+02,11.53,11.98,18.55,13.80,0.00,0.00,9.10,OK,22.02,0.00,0.00,0.00,,ensemble
1802915,2026-06-09 15:56:24.737422+02,2026-06-09 15:57:00+02,19.93,9.04,6.28,12.60,0.00,0.00,8.86,OK,24.46,0.00,0.00,0.00,,ensemble
1802921,2026-06-09 16:14:10.710226+02,2026-06-09 16:15:00+02,21.20,5.66,4.58,11.50,0.00,0.00,6.60,OK,26.40,0.00,0.00,0.00,,ensemble
1802820,2026-06-09 11:09:31.956096+02,2026-06-09 11:12:00+02,11.72,12.78,8.14,11.00,0.00,0.00,8.34,OK,13.39,0.00,0.00,0.00,,ensemble
1706461,2026-06-07 09:14:35.002066+02,2026-06-07 09:15:00+02,4.16,8.64,6.23,6.10,0.00,0.00,0.14,OK,1.81,0.00,0.00,0.00,,ensemble
1802821,2026-06-09 11:14:17.467678+02,2026-06-09 11:15:00+02,11.46,11.48,5.35,9.60,0.00,0.00,3.29,OK,8.51,0.00,0.00,0.00,,ensemble
1720719,2026-06-08 13:59:24.814132+02,2026-06-08 14:00:00+02,14.92,8.44,5.20,10.10,0.00,0.00,5.52,OK,13.83,0.00,0.00,0.00,,ensemble
1706462,2026-06-07 09:18:32.589964+02,2026-06-07 09:18:00+02,4.27,9.79,13.41,8.70,0.00,0.00,2.47,OK,7.14,0.00,0.00,0.00,,ensemble
1720642,2026-06-08 10:09:39.523557+02,2026-06-08 10:09:00+02,19.25,4.13,10.92,12.20,0.00,0.00,8.20,OK,20.33,0.00,0.00,0.00,,ensemble
1720644,2026-06-08 10:14:57.66763+02,2026-06-08 10:15:00+02,20.22,4.13,5.19,10.90,0.00,0.00,5.33,OK,22.99,0.00,0.00,0.00,,ensemble
1720645,2026-06-08 10:14:57.66763+02,2026-06-08 10:18:00+02,20.07,4.85,4.95,11.00,0.00,0.00,7.04,OK,22.21,0.00,0.00,0.00,,ensemble
1720641,2026-06-08 10:06:53.981849+02,2026-06-08 10:06:00+02,19.32,4.13,7.76,11.30,0.00,0.00,7.74,OK,17.12,0.00,0.00,0.00,,ensemble
1720617,2026-06-08 08:58:41.808451+02,2026-06-08 08:54:00+02,11.33,9.43,11.39,10.80,0.00,0.00,7.24,OK,21.78,0.00,0.00,0.00,,ensemble
1720720,2026-06-08 14:02:54.629227+02,2026-06-08 14:03:00+02,15.01,9.17,8.86,11.40,0.00,0.00,6.84,OK,17.78,0.00,0.00,0.00,,ensemble
1706463,2026-06-07 09:21:56.901081+02,2026-06-07 09:21:00+02,4.38,9.13,12.78,8.30,0.00,0.00,2.01,OK,6.13,0.00,0.00,0.00,,ensemble
1720640,2026-06-08 10:02:34.579326+02,2026-06-08 10:03:00+02,19.35,4.13,5.26,10.60,0.00,0.00,5.38,OK,15.29,0.00,0.00,0.00,,ensemble
1706464,2026-06-07 09:24:58.898573+02,2026-06-07 09:24:00+02,8.79,7.97,9.76,8.80,0.00,0.00,4.69,OK,11.09,0.00,0.00,0.00,,ensemble
1720639,2026-06-08 10:00:36.944953+02,2026-06-08 10:00:00+02,19.36,4.13,8.84,11.60,0.00,0.00,6.90,OK,21.07,0.00,0.00,0.00,,ensemble
1706456,2026-06-07 09:01:42.511932+02,2026-06-07 09:00:00+02,2.93,11.88,7.02,6.80,0.00,0.00,0.00,OK,1.07,0.00,0.00,0.00,,ensemble
1706453,2026-06-07 08:53:19.871053+02,2026-06-07 08:51:00+02,2.84,10.40,6.29,6.10,0.00,0.00,0.84,OK,2.04,0.00,0.00,0.00,,ensemble
1706454,2026-06-07 08:53:19.871053+02,2026-06-07 08:54:00+02,2.86,11.47,5.99,6.40,0.00,0.00,1.44,OK,1.11,0.00,0.00,0.00,,ensemble
1720716,2026-06-08 13:51:00.35973+02,2026-06-08 13:51:00+02,14.70,7.48,6.24,10.00,0.00,0.00,4.56,OK,16.52,0.00,0.00,0.00,,ensemble
1706450,2026-06-07 08:42:11.855738+02,2026-06-07 08:42:00+02,24.10,11.79,8.03,15.60,0.00,0.00,11.17,OK,27.67,0.00,0.00,0.00,,ensemble
1706451,2026-06-07 08:42:11.855738+02,2026-06-07 08:45:00+02,24.20,10.64,7.72,15.20,0.00,0.00,16.39,OK,26.69,0.00,0.00,0.00,,ensemble
1706457,2026-06-07 09:01:42.511932+02,2026-06-07 09:03:00+02,2.98,11.95,5.45,6.40,0.00,0.00,0.25,OK,1.35,0.00,0.00,0.00,,ensemble
1720643,2026-06-08 10:12:56.819413+02,2026-06-08 10:12:00+02,20.34,4.13,8.88,12.00,0.00,0.00,7.09,OK,18.76,0.00,0.00,0.00,,ensemble
1720648,2026-06-08 10:27:38.590505+02,2026-06-08 10:27:00+02,19.44,4.13,5.31,10.60,0.00,0.00,4.45,OK,17.21,0.00,0.00,0.00,,ensemble
1720646,2026-06-08 10:21:22.094621+02,2026-06-08 10:21:00+02,19.88,4.13,5.55,10.90,0.00,0.00,5.20,OK,16.71,0.00,0.00,0.00,,ensemble
1720647,2026-06-08 10:21:22.094621+02,2026-06-08 10:24:00+02,19.68,4.85,5.53,11.00,0.00,0.00,7.33,OK,19.98,0.00,0.00,0.00,,ensemble
1720619,2026-06-08 09:05:15.257905+02,2026-06-08 09:00:00+02,11.75,11.01,7.92,10.40,0.00,0.00,5.13,OK,16.36,0.00,0.00,0.00,,ensemble
1706449,2026-06-07 08:34:03.501593+02,2026-06-07 08:39:00+02,24.01,11.64,8.34,15.60,0.00,0.00,18.67,OK,26.99,0.00,0.00,0.00,,ensemble
1706458,2026-06-07 09:06:44.617414+02,2026-06-07 09:06:00+02,3.05,7.89,6.88,5.70,0.00,0.00,0.59,OK,0.65,0.00,0.00,0.00,,ensemble
1802916,2026-06-09 15:59:58.471249+02,2026-06-09 16:00:00+02,20.24,14.44,16.08,17.30,0.00,0.00,20.86,OK,26.77,0.00,0.00,0.00,,ensemble
1802923,2026-06-09 16:19:57.960083+02,2026-06-09 16:21:00+02,21.64,7.74,7.23,13.10,0.00,0.00,7.00,OK,25.62,0.00,0.00,0.00,,ensemble
1802924,2026-06-09 16:24:04.096367+02,2026-06-09 16:24:00+02,21.83,6.98,3.14,11.80,0.00,0.00,5.89,OK,22.62,0.00,0.00,0.00,,ensemble
1802920,2026-06-09 16:11:44.228682+02,2026-06-09 16:12:00+02,20.94,6.27,3.14,11.20,0.00,0.00,6.79,OK,16.92,0.00,0.00,0.00,,ensemble
1802917,2026-06-09 16:02:27.50449+02,2026-06-09 16:03:00+02,20.55,13.54,4.86,13.70,0.00,0.00,11.11,OK,23.29,0.00,0.00,0.00,,ensemble
1802919,2026-06-09 16:08:28.853586+02,2026-06-09 16:09:00+02,21.12,12.60,13.08,16.20,0.00,0.00,14.50,OK,25.53,0.00,0.00,0.00,,ensemble
1802925,2026-06-09 16:25:38.51817+02,2026-06-09 16:27:00+02,21.23,6.63,3.07,11.40,0.00,0.00,5.69,OK,23.38,0.00,0.00,0.00,,ensemble
1720749,2026-06-08 15:30:14.879034+02,2026-06-08 15:30:00+02,19.99,10.14,10.44,14.20,0.00,0.00,15.40,OK,28.06,0.00,0.00,0.00,,ensemble
1802784,2026-06-09 09:23:58.439778+02,2026-06-09 09:24:00+02,9.81,8.85,5.80,8.30,0.00,0.00,1.01,OK,9.52,0.00,0.00,0.00,,ensemble
1720768,2026-06-08 16:26:07.670582+02,2026-06-08 16:27:00+02,23.07,8.35,8.93,14.40,0.00,0.00,10.24,OK,30.06,0.00,0.00,0.00,,ensemble
1720746,2026-06-08 15:20:38.370144+02,2026-06-08 15:21:00+02,19.24,10.90,11.50,14.40,0.00,0.00,10.04,OK,29.00,0.00,0.00,0.00,,ensemble
1720748,2026-06-08 15:26:28.40937+02,2026-06-08 15:27:00+02,19.73,12.82,8.20,14.20,0.00,0.00,9.33,OK,30.07,0.00,0.00,0.00,,ensemble
1720745,2026-06-08 15:18:23.879677+02,2026-06-08 15:18:00+02,19.13,10.24,11.55,14.20,0.00,0.00,9.66,OK,32.10,0.00,0.00,0.00,,ensemble
1720744,2026-06-08 15:14:34.174669+02,2026-06-08 15:15:00+02,18.89,7.76,4.50,11.20,0.00,0.00,5.85,OK,23.74,0.00,0.00,0.00,,ensemble
1720753,2026-06-08 15:41:43.605291+02,2026-06-08 15:42:00+02,20.98,10.58,9.80,14.50,0.00,0.00,12.77,OK,29.92,0.00,0.00,0.00,,ensemble
1720747,2026-06-08 15:24:24.819655+02,2026-06-08 15:24:00+02,19.49,14.57,10.60,15.30,0.00,0.00,11.47,OK,28.89,0.00,0.00,0.00,,ensemble
1720785,2026-06-08 17:17:22.443612+02,2026-06-08 17:18:00+02,20.85,9.97,6.38,13.20,0.00,0.00,6.97,OK,20.90,0.00,0.00,0.00,,ensemble
1802783,2026-06-09 09:18:57.214749+02,2026-06-09 09:21:00+02,9.64,10.05,6.72,8.90,0.00,0.00,3.16,OK,12.31,0.00,0.00,0.00,,ensemble
1802981,2026-06-09 16:42:32.950429+02,2026-06-09 19:15:00+02,11.21,10.67,0.00,7.70,35.28,60.00,60.00,ALERT,37.18,0.00,0.00,0.00,,ensemble
1720786,2026-06-08 17:19:22.266823+02,2026-06-08 17:21:00+02,20.56,11.04,5.09,13.10,0.00,0.00,7.10,OK,18.65,0.00,0.00,0.00,,ensemble
1720750,2026-06-08 15:32:27.137621+02,2026-06-08 15:33:00+02,20.25,9.82,4.54,12.40,0.00,0.00,10.46,OK,21.21,0.00,0.00,0.00,,ensemble
1720769,2026-06-08 16:28:48.214274+02,2026-06-08 16:30:00+02,23.20,8.00,5.59,13.40,0.00,0.00,12.17,OK,26.03,0.00,0.00,0.00,,ensemble
1720742,2026-06-08 15:08:34.939619+02,2026-06-08 15:09:00+02,18.44,8.82,5.35,11.60,0.00,0.00,7.33,OK,17.60,0.00,0.00,0.00,,ensemble
1720787,2026-06-08 17:23:08.474711+02,2026-06-08 17:24:00+02,20.25,11.86,6.65,13.70,0.23,0.00,8.22,OK,18.42,0.00,0.00,0.00,,ensemble
1720767,2026-06-08 16:23:23.000126+02,2026-06-08 16:24:00+02,18.63,9.89,4.23,11.70,0.00,0.00,6.21,OK,19.38,0.00,0.00,0.00,,ensemble
1720766,2026-06-08 16:20:05.519338+02,2026-06-08 16:21:00+02,23.41,11.35,5.33,14.40,0.00,0.00,10.07,OK,28.85,0.00,0.00,0.00,,ensemble
1720752,2026-06-08 15:38:31.733429+02,2026-06-08 15:39:00+02,20.71,8.64,8.23,13.30,0.00,0.00,10.52,OK,26.49,0.00,0.00,0.00,,ensemble
1720783,2026-06-08 17:11:30.887636+02,2026-06-08 17:12:00+02,21.36,13.57,6.18,14.50,0.00,0.00,8.67,OK,19.69,0.00,0.00,0.00,,ensemble
1720770,2026-06-08 16:31:50.608154+02,2026-06-08 16:33:00+02,23.32,11.22,4.97,14.20,0.00,0.00,12.81,OK,24.54,0.00,0.00,0.00,,ensemble
1720751,2026-06-08 15:36:01.112942+02,2026-06-08 15:36:00+02,20.44,9.95,10.76,14.40,0.00,0.00,13.30,OK,26.62,0.00,0.00,0.00,,ensemble
1802931,2026-06-09 16:42:32.950429+02,2026-06-09 16:45:00+02,21.58,10.94,5.04,13.40,0.00,0.00,10.80,OK,34.39,0.00,0.00,0.00,,ensemble
1720784,2026-06-08 17:13:41.000378+02,2026-06-08 17:15:00+02,21.12,10.26,4.20,12.80,0.00,0.00,6.75,OK,19.18,0.00,0.00,0.00,,ensemble
1802930,2026-06-09 16:40:54.333707+02,2026-06-09 16:42:00+02,21.40,10.94,4.61,13.20,0.00,0.00,10.92,OK,25.48,0.00,0.00,0.00,,ensemble
1802982,2026-06-09 16:42:32.950429+02,2026-06-09 19:18:00+02,11.17,10.67,0.00,7.70,35.87,60.00,60.00,ALERT,30.33,0.00,0.00,0.00,,ensemble
1802983,2026-06-09 16:42:32.950429+02,2026-06-09 19:21:00+02,11.11,10.67,0.00,7.60,52.36,60.00,60.00,ALERT,30.15,0.00,0.00,0.00,,ensemble
1802984,2026-06-09 16:42:32.950429+02,2026-06-09 19:24:00+02,11.05,10.67,0.00,7.60,56.09,60.00,60.00,ALERT,28.55,0.00,0.00,0.00,,ensemble
1802985,2026-06-09 16:42:32.950429+02,2026-06-09 19:27:00+02,10.97,10.67,0.00,7.60,60.00,60.00,60.00,ALERT,31.59,0.00,0.00,0.00,,ensemble
1802986,2026-06-09 16:42:32.950429+02,2026-06-09 19:30:00+02,10.88,10.67,0.00,7.60,60.00,60.00,37.18,ALERT,35.28,0.00,0.00,0.00,,ensemble
1802988,2026-06-09 16:42:32.950429+02,2026-06-09 19:36:00+02,10.65,10.67,0.00,7.50,60.00,60.00,30.15,ALERT,52.36,0.00,0.00,0.00,,ensemble
1802932,2026-06-09 16:42:32.950429+02,2026-06-09 16:48:00+02,21.55,10.78,3.85,13.00,0.00,0.00,13.75,OK,30.39,0.00,0.00,0.00,,ensemble
1802929,2026-06-09 16:38:32.59929+02,2026-06-09 16:39:00+02,21.61,10.78,5.43,13.50,0.00,0.00,10.83,OK,24.89,0.00,0.00,0.00,,ensemble
1802934,2026-06-09 16:42:32.950429+02,2026-06-09 16:54:00+02,21.40,10.53,3.89,12.90,0.00,3.64,18.41,OK,27.98,0.00,0.00,0.00,,ensemble
1802935,2026-06-09 16:42:32.950429+02,2026-06-09 16:57:00+02,21.28,10.46,3.08,12.60,0.00,7.73,23.53,OK,26.37,0.00,0.00,0.00,,ensemble
1802928,2026-06-09 16:34:31.835007+02,2026-06-09 16:36:00+02,21.56,10.38,4.39,13.10,0.00,0.00,11.17,OK,23.91,0.00,0.00,0.00,,ensemble
1802980,2026-06-09 16:42:32.950429+02,2026-06-09 19:12:00+02,11.25,10.66,0.00,7.70,31.59,60.00,60.00,ALERT,60.00,0.00,0.00,0.00,,ensemble
1652714,2026-06-06 11:14:13.872423+02,2026-06-06 11:12:00+02,11.53,12.75,10.57,11.60,0.00,0.00,5.12,OK,15.37,0.00,0.00,0.00,,ensemble
1652721,2026-06-06 11:33:33.470537+02,2026-06-06 11:33:00+02,10.32,14.32,10.68,11.60,0.00,0.00,8.63,OK,19.42,0.00,0.00,0.00,,ensemble
1720693,2026-06-08 12:42:17.631818+02,2026-06-08 12:42:00+02,12.03,10.60,4.78,9.40,0.00,0.00,4.96,OK,11.52,0.00,0.00,0.00,,ensemble
1652722,2026-06-06 11:39:16.416354+02,2026-06-06 11:36:00+02,12.40,14.90,14.95,13.90,0.00,0.00,8.39,OK,22.65,0.00,0.00,0.00,,ensemble
1652715,2026-06-06 11:16:51.457397+02,2026-06-06 11:15:00+02,11.25,12.98,6.24,10.30,0.00,0.00,2.41,OK,6.61,0.00,0.00,0.00,,ensemble
1652712,2026-06-06 11:04:39.05287+02,2026-06-06 11:06:00+02,12.11,11.67,3.68,9.40,0.00,0.00,6.37,OK,10.12,0.00,0.00,0.00,,ensemble
1720771,2026-06-08 16:35:34.825882+02,2026-06-08 16:36:00+02,23.42,9.58,5.47,13.90,0.00,0.00,11.60,OK,25.35,0.00,0.00,0.00,,ensemble
1720776,2026-06-08 16:51:14.009638+02,2026-06-08 16:51:00+02,23.06,9.59,4.73,13.50,0.00,0.00,8.72,OK,29.30,0.00,0.00,0.00,,ensemble
1720686,2026-06-08 12:19:54.40026+02,2026-06-08 12:21:00+02,11.94,8.95,6.66,9.50,0.00,0.00,3.28,OK,14.66,0.00,0.00,0.00,,ensemble
1720774,2026-06-08 16:43:40.361054+02,2026-06-08 16:45:00+02,23.08,7.45,5.96,13.30,0.00,0.00,9.61,OK,31.37,0.00,0.00,0.00,,ensemble
1720691,2026-06-08 12:36:13.477419+02,2026-06-08 12:36:00+02,11.93,11.73,10.93,11.60,0.00,0.00,10.72,OK,21.48,0.00,0.00,0.00,,ensemble
1802892,2026-06-09 14:47:16.430205+02,2026-06-09 14:48:00+02,12.90,15.41,8.95,12.50,0.00,0.00,8.88,OK,24.97,0.00,0.00,0.00,,ensemble
1720698,2026-06-08 12:57:03.982285+02,2026-06-08 12:57:00+02,12.90,12.62,10.70,12.20,0.00,0.00,7.80,OK,20.73,0.00,0.00,0.00,,ensemble
1720772,2026-06-08 16:39:23.269714+02,2026-06-08 16:39:00+02,18.53,8.72,4.70,11.40,0.00,0.00,7.73,OK,19.44,0.00,0.00,0.00,,ensemble
1720782,2026-06-08 17:07:41.601555+02,2026-06-08 17:09:00+02,22.11,12.51,5.89,14.40,0.00,0.00,9.85,OK,20.88,0.00,0.00,0.00,,ensemble
1720699,2026-06-08 12:57:03.982285+02,2026-06-08 13:00:00+02,13.06,12.05,10.56,12.00,0.00,0.00,10.97,OK,24.11,0.00,0.00,0.00,,ensemble
1802831,2026-06-09 11:45:36.764726+02,2026-06-09 11:45:00+02,8.02,12.54,10.10,10.00,0.00,0.00,5.99,OK,15.36,0.00,0.00,0.00,,ensemble
1802893,2026-06-09 14:51:04.307449+02,2026-06-09 14:51:00+02,14.07,11.75,10.41,12.30,0.00,0.00,7.80,OK,26.43,0.00,0.00,0.00,,ensemble
1720692,2026-06-08 12:38:52.770437+02,2026-06-08 12:39:00+02,11.86,11.90,4.71,9.70,0.00,0.00,6.38,OK,14.73,0.00,0.00,0.00,,ensemble
1720773,2026-06-08 16:40:26.27426+02,2026-06-08 16:42:00+02,23.05,6.06,2.18,11.70,0.00,0.00,8.52,OK,22.75,0.00,0.00,0.00,,ensemble
1720777,2026-06-08 16:54:18.493247+02,2026-06-08 16:54:00+02,23.02,9.51,9.20,14.80,0.00,0.00,11.07,OK,26.59,0.00,0.00,0.00,,ensemble
1720775,2026-06-08 16:48:21.689178+02,2026-06-08 16:48:00+02,23.08,9.17,9.34,14.80,0.00,0.00,10.25,OK,29.34,0.00,0.00,0.00,,ensemble
1720684,2026-06-08 12:13:55.594498+02,2026-06-08 12:15:00+02,11.65,11.29,3.93,9.20,0.00,0.00,2.76,OK,13.67,0.00,0.00,0.00,,ensemble
1720685,2026-06-08 12:17:45.660163+02,2026-06-08 12:18:00+02,11.79,12.35,4.59,9.80,0.00,0.00,3.32,OK,17.64,0.00,0.00,0.00,,ensemble
1802879,2026-06-09 14:08:48.405127+02,2026-06-09 14:09:00+02,11.41,7.65,5.26,8.40,0.00,0.00,3.29,OK,8.80,0.00,0.00,0.00,,ensemble
1802880,2026-06-09 14:12:26.479916+02,2026-06-09 14:12:00+02,11.50,7.13,5.24,8.30,0.00,0.00,2.93,OK,8.64,0.00,0.00,0.00,,ensemble
1802993,2026-06-09 16:42:32.950429+02,2026-06-09 19:51:00+02,9.82,10.67,0.07,7.10,60.00,30.15,52.36,ALERT,,0.00,0.00,0.00,,ensemble
1802994,2026-06-09 16:42:32.950429+02,2026-06-09 19:54:00+02,9.61,10.67,0.06,7.10,60.00,28.55,56.09,ALERT,,0.00,0.00,0.00,,ensemble
1802995,2026-06-09 16:42:32.950429+02,2026-06-09 19:57:00+02,9.38,10.67,0.05,7.00,60.00,31.59,60.00,ALERT,,0.00,0.00,0.00,,ensemble
1720778,2026-06-08 16:55:39.144821+02,2026-06-08 16:57:00+02,22.69,9.25,5.25,13.40,0.00,0.00,10.04,OK,21.79,0.00,0.00,0.00,,ensemble
1802891,2026-06-09 14:45:07.55811+02,2026-06-09 14:45:00+02,12.73,12.70,12.64,12.70,0.00,0.00,9.43,OK,31.53,0.00,0.00,0.00,,ensemble
1720694,2026-06-08 12:45:05.019008+02,2026-06-08 12:45:00+02,12.20,10.34,8.80,10.60,0.00,0.00,6.59,OK,18.15,0.00,0.00,0.00,,ensemble
1720779,2026-06-08 17:00:03.919311+02,2026-06-08 17:00:00+02,22.59,9.21,5.91,13.60,0.00,0.00,12.56,OK,22.28,0.00,0.00,0.00,,ensemble
1720683,2026-06-08 12:11:49.42768+02,2026-06-08 12:12:00+02,11.52,11.21,9.19,10.70,0.00,0.00,5.09,OK,13.42,0.00,0.00,0.00,,ensemble
1802945,2026-06-09 16:42:32.950429+02,2026-06-09 17:27:00+02,18.68,10.62,1.54,11.10,23.53,26.37,25.96,ALERT,31.59,0.00,0.00,0.00,,ensemble
1802946,2026-06-09 16:42:32.950429+02,2026-06-09 17:30:00+02,18.32,10.62,1.09,10.80,34.39,26.29,37.18,ALERT,35.28,0.00,0.00,0.00,,ensemble
1720658,2026-06-08 10:57:37.393224+02,2026-06-08 10:57:00+02,16.76,13.26,16.18,15.50,0.00,0.00,10.39,OK,23.45,0.00,0.00,0.00,,ensemble
1803004,2026-06-09 16:42:32.950429+02,2026-06-09 20:24:00+02,6.95,10.67,0.00,6.00,56.09,,,ALERT,,0.00,0.00,0.00,,ensemble
1803005,2026-06-09 16:42:32.950429+02,2026-06-09 20:27:00+02,6.67,10.67,0.00,5.90,60.00,,,ALERT,,0.00,0.00,0.00,,ensemble
1720667,2026-06-08 11:24:24.376299+02,2026-06-08 11:24:00+02,13.52,13.02,11.52,12.80,0.00,0.00,7.40,OK,20.67,0.00,0.00,0.00,,ensemble
1802782,2026-06-09 09:18:57.214749+02,2026-06-09 09:18:00+02,9.47,8.88,6.89,8.50,0.00,0.00,2.37,OK,11.04,0.00,0.00,0.00,,ensemble
1720703,2026-06-08 13:10:54.009848+02,2026-06-08 13:12:00+02,13.78,14.95,6.93,12.10,0.00,0.00,7.57,OK,16.63,0.00,0.00,0.00,,ensemble
1720666,2026-06-08 11:19:12.424199+02,2026-06-08 11:21:00+02,13.78,16.03,12.09,13.90,0.00,0.00,8.53,OK,21.90,0.00,0.00,0.00,,ensemble
1802777,2026-06-09 09:03:09.354071+02,2026-06-09 09:03:00+02,7.81,9.85,5.45,7.70,0.00,0.00,2.80,OK,8.49,0.00,0.00,0.00,,ensemble
1720669,2026-06-08 11:30:20.302754+02,2026-06-08 11:30:00+02,13.08,15.01,10.31,12.80,0.00,0.00,11.55,OK,20.91,0.00,0.00,0.00,,ensemble
1802940,2026-06-09 16:42:32.950429+02,2026-06-09 17:12:00+02,20.26,10.51,2.41,12.00,7.73,23.53,26.37,BUSY,25.96,0.00,0.00,0.00,,ensemble
1802941,2026-06-09 16:42:32.950429+02,2026-06-09 17:15:00+02,19.99,10.54,2.29,11.80,10.80,34.39,26.29,ALERT,37.18,0.00,0.00,0.00,,ensemble
1720709,2026-06-08 13:28:04.350815+02,2026-06-08 13:30:00+02,14.88,12.95,6.19,11.70,0.00,0.00,9.80,OK,21.04,0.00,0.00,0.00,,ensemble
1720704,2026-06-08 13:15:18.16586+02,2026-06-08 13:15:00+02,13.92,16.45,8.01,12.90,0.00,0.00,8.45,OK,28.73,0.00,0.00,0.00,,ensemble
1720671,2026-06-08 11:36:24.772516+02,2026-06-08 11:36:00+02,12.83,12.62,12.42,12.60,0.68,0.00,9.22,OK,19.35,0.00,0.00,0.00,,ensemble
1720659,2026-06-08 11:00:35.37014+02,2026-06-08 11:00:00+02,16.40,13.32,6.76,12.60,0.00,0.00,7.06,OK,17.43,0.00,0.00,0.00,,ensemble
1720705,2026-06-08 13:15:18.16586+02,2026-06-08 13:18:00+02,14.05,15.58,7.26,12.50,0.00,0.00,11.03,OK,30.20,0.00,0.00,0.00,,ensemble
1802942,2026-06-09 16:42:32.950429+02,2026-06-09 17:18:00+02,19.69,10.57,2.37,11.80,13.75,30.39,24.86,ALERT,30.33,0.00,0.00,0.00,,ensemble
1802943,2026-06-09 16:42:32.950429+02,2026-06-09 17:21:00+02,19.37,10.59,2.24,11.60,15.34,29.72,23.51,ALERT,30.15,0.00,0.00,0.00,,ensemble
1802944,2026-06-09 16:42:32.950429+02,2026-06-09 17:24:00+02,19.03,10.61,2.24,11.50,18.41,27.98,25.60,ALERT,28.55,0.00,0.00,0.00,,ensemble
1720682,2026-06-08 12:08:01.023937+02,2026-06-08 12:09:00+02,11.41,12.17,4.02,9.40,0.00,0.00,3.84,OK,8.55,0.00,0.00,0.00,,ensemble
1802779,2026-06-09 09:09:56.794555+02,2026-06-09 09:09:00+02,11.74,14.16,8.55,11.50,0.00,0.00,7.34,OK,13.55,0.00,0.00,0.00,,ensemble
1802776,2026-06-09 08:59:02.92981+02,2026-06-09 09:00:00+02,7.65,10.11,5.78,7.80,0.00,0.00,2.39,OK,9.37,0.00,0.00,0.00,,ensemble
1720668,2026-06-08 11:25:17.887426+02,2026-06-08 11:27:00+02,13.29,13.36,12.99,13.20,0.00,0.00,7.17,OK,22.46,0.00,0.00,0.00,,ensemble
1720710,2026-06-08 13:32:04.110178+02,2026-06-08 13:33:00+02,14.98,7.81,4.11,9.60,0.00,0.00,6.36,OK,14.93,0.00,0.00,0.00,,ensemble
1720711,2026-06-08 13:34:19.899152+02,2026-06-08 13:36:00+02,15.08,7.81,5.59,10.10,0.00,0.00,6.96,OK,16.20,0.00,0.00,0.00,,ensemble
1720665,2026-06-08 11:18:23.330574+02,2026-06-08 11:18:00+02,14.06,14.62,10.59,13.20,0.00,0.00,7.40,OK,24.30,0.00,0.00,0.00,,ensemble
1720670,2026-06-08 11:33:21.424703+02,2026-06-08 11:33:00+02,9.69,15.94,5.46,10.30,0.00,0.00,7.38,OK,9.59,0.00,0.00,0.00,,ensemble
1720702,2026-06-08 13:08:52.830418+02,2026-06-08 13:09:00+02,13.51,11.75,11.36,12.30,0.00,0.00,8.59,OK,23.05,0.00,0.00,0.00,,ensemble
1802771,2026-06-09 08:45:45.269954+02,2026-06-09 08:45:00+02,5.53,10.05,6.38,7.10,0.00,0.00,2.40,OK,8.11,0.00,0.00,0.00,,ensemble
1720757,2026-06-08 15:53:28.654096+02,2026-06-08 15:54:00+02,21.80,9.75,6.18,13.50,0.00,0.00,9.52,OK,27.64,0.00,0.00,0.00,,ensemble
1652864,2026-06-06 18:42:46.961479+02,2026-06-06 18:42:00+02,4.92,15.65,20.99,13.00,0.00,0.00,6.07,OK,29.23,0.00,0.00,0.00,,ensemble
1652862,2026-06-06 18:36:09.973707+02,2026-06-06 18:36:00+02,14.90,18.02,7.36,13.60,0.06,0.00,6.31,OK,29.68,0.00,0.00,0.00,,ensemble
1652870,2026-06-06 19:00:04.065035+02,2026-06-06 19:00:00+02,12.56,20.18,18.71,16.70,0.00,0.00,39.82,OK,57.08,0.00,0.00,0.00,,ensemble
1652866,2026-06-06 18:47:43.842268+02,2026-06-06 18:48:00+02,12.99,19.61,4.88,12.50,0.00,0.00,7.77,OK,59.16,0.00,0.00,0.00,,ensemble
1652871,2026-06-06 19:01:22.256453+02,2026-06-06 19:03:00+02,0.00,20.26,5.99,7.90,0.00,0.00,14.27,OK,20.84,0.00,0.00,0.00,,ensemble
1652872,2026-06-06 19:04:00.266402+02,2026-06-06 19:06:00+02,10.88,22.72,22.32,17.90,0.00,0.00,43.15,OK,56.84,0.00,0.00,0.00,,ensemble
1652867,2026-06-06 18:50:34.914043+02,2026-06-06 18:51:00+02,12.86,14.47,7.38,11.70,0.00,0.00,13.07,OK,49.51,0.00,0.00,0.00,,ensemble
1652873,2026-06-06 19:09:02.924173+02,2026-06-06 19:09:00+02,10.80,23.49,14.91,15.80,0.00,0.00,33.77,OK,60.00,0.00,0.00,0.00,,ensemble
1652868,2026-06-06 18:52:39.980703+02,2026-06-06 18:54:00+02,12.75,13.86,4.27,10.50,0.00,0.00,13.24,OK,45.34,0.00,0.00,0.00,,ensemble
1802772,2026-06-09 08:45:45.269954+02,2026-06-09 08:48:00+02,5.63,11.22,6.60,7.60,0.00,0.00,4.52,OK,9.49,0.00,0.00,0.00,,ensemble
1720764,2026-06-08 16:14:18.915078+02,2026-06-08 16:15:00+02,23.02,5.75,3.74,12.10,0.00,0.00,7.56,OK,27.95,0.00,0.00,0.00,,ensemble
1802773,2026-06-09 08:51:56.06032+02,2026-06-09 08:51:00+02,5.75,10.90,16.72,10.60,0.00,0.00,6.84,OK,20.35,0.00,0.00,0.00,,ensemble
1720765,2026-06-08 16:16:45.388964+02,2026-06-08 16:18:00+02,23.22,6.96,5.39,13.00,0.00,0.00,8.25,OK,29.22,0.00,0.00,0.00,,ensemble
1802774,2026-06-09 08:53:18.532905+02,2026-06-09 08:54:00+02,9.03,12.43,7.83,9.70,0.00,0.00,4.42,OK,17.23,0.00,0.00,0.00,,ensemble
1720759,2026-06-08 15:59:29.609798+02,2026-06-08 16:00:00+02,22.32,10.03,12.12,15.60,0.00,0.00,16.65,OK,27.12,0.00,0.00,0.00,,ensemble
1802800,2026-06-09 10:11:59.030626+02,2026-06-09 10:12:00+02,14.26,5.66,6.28,9.30,0.00,0.00,5.00,OK,10.47,0.00,0.00,0.00,,ensemble
1720761,2026-06-08 16:06:23.232934+02,2026-06-08 16:06:00+02,22.82,6.82,3.40,12.20,0.00,0.00,10.47,OK,22.69,0.00,0.00,0.00,,ensemble
1652865,2026-06-06 18:44:14.008274+02,2026-06-06 18:45:00+02,13.13,15.05,6.11,11.60,0.00,0.00,6.15,OK,44.40,0.00,0.00,0.00,,ensemble
1720743,2026-06-08 15:12:23.371972+02,2026-06-08 15:12:00+02,18.66,8.70,5.34,11.70,0.00,0.00,6.86,OK,16.96,0.00,0.00,0.00,,ensemble
1802770,2026-06-09 08:39:06.274269+02,2026-06-09 08:42:00+02,5.44,12.24,7.77,8.20,0.00,0.00,3.17,OK,9.09,0.00,0.00,0.00,,ensemble
1802775,2026-06-09 08:56:55.814721+02,2026-06-09 08:57:00+02,7.49,12.64,7.86,9.10,0.00,0.00,2.86,OK,11.02,0.00,0.00,0.00,,ensemble
1802788,2026-06-09 09:36:33.133716+02,2026-06-09 09:36:00+02,11.58,5.66,5.87,8.10,0.00,0.00,4.41,OK,12.65,0.00,0.00,0.00,,ensemble
1652863,2026-06-06 18:38:45.822245+02,2026-06-06 18:39:00+02,14.74,14.39,4.30,11.50,0.00,0.00,4.57,OK,29.07,0.00,0.00,0.00,,ensemble
1652869,2026-06-06 18:56:47.194725+02,2026-06-06 18:57:00+02,12.65,17.56,16.53,15.30,0.91,0.00,33.29,OK,57.02,0.00,0.00,0.00,,ensemble
1802791,2026-06-09 09:45:28.492282+02,2026-06-09 09:45:00+02,12.71,5.66,10.25,9.90,0.00,0.00,6.96,OK,19.57,0.00,0.00,0.00,,ensemble
1720762,2026-06-08 16:08:27.144822+02,2026-06-08 16:09:00+02,22.59,5.22,2.28,11.30,0.00,0.00,7.71,OK,19.51,0.00,0.00,0.00,,ensemble
1720754,2026-06-08 15:44:25.962677+02,2026-06-08 15:45:00+02,21.25,8.43,6.59,13.00,0.00,0.00,9.39,OK,30.64,0.00,0.00,0.00,,ensemble
1802802,2026-06-09 10:18:27.20784+02,2026-06-09 10:18:00+02,15.75,5.66,7.37,10.20,0.00,0.00,4.34,OK,14.23,0.00,0.00,0.00,,ensemble
1720756,2026-06-08 15:51:10.371802+02,2026-06-08 15:51:00+02,17.42,10.76,12.75,14.00,0.00,0.00,9.96,OK,31.80,0.00,0.00,0.00,,ensemble
1720760,2026-06-08 16:02:27.754569+02,2026-06-08 16:03:00+02,22.57,8.88,6.17,13.50,0.00,0.00,11.03,OK,25.00,0.00,0.00,0.00,,ensemble
1802795,2026-06-09 09:57:31.162464+02,2026-06-09 09:57:00+02,12.76,5.66,7.49,9.00,0.00,0.00,4.00,OK,14.47,0.00,0.00,0.00,,ensemble
1720755,2026-06-08 15:47:59.425+02,2026-06-08 15:48:00+02,21.52,8.00,6.37,12.90,0.00,0.00,8.03,OK,27.55,0.00,0.00,0.00,,ensemble
1802823,2026-06-09 11:21:40.033327+02,2026-06-09 11:21:00+02,9.95,7.40,6.10,8.00,0.00,0.00,0.53,OK,5.39,0.00,0.00,0.00,,ensemble
1802824,2026-06-09 11:21:40.033327+02,2026-06-09 11:24:00+02,9.73,7.71,5.66,7.90,0.00,0.00,0.94,OK,6.79,0.00,0.00,0.00,,ensemble
1802822,2026-06-09 11:17:20.225226+02,2026-06-09 11:18:00+02,11.23,8.42,4.16,8.30,0.00,0.00,1.33,OK,6.86,0.00,0.00,0.00,,ensemble
1720763,2026-06-08 16:10:58.339095+02,2026-06-08 16:12:00+02,22.81,5.72,4.11,12.10,0.00,0.00,8.04,OK,22.84,0.00,0.00,0.00,,ensemble
1720758,2026-06-08 15:56:18.149959+02,2026-06-08 15:57:00+02,22.06,10.08,6.53,13.80,0.00,0.00,11.19,OK,26.34,0.00,0.00,0.00,,ensemble
1802790,2026-06-09 09:43:08.955619+02,2026-06-09 09:42:00+02,16.68,5.66,6.79,10.40,0.00,0.00,7.21,OK,19.63,0.00,0.00,0.00,,ensemble
1802813,2026-06-09 10:50:43.262179+02,2026-06-09 10:51:00+02,13.26,7.33,7.03,9.60,0.00,0.00,4.33,OK,14.28,0.00,0.00,0.00,,ensemble
1802769,2026-06-09 08:39:06.274269+02,2026-06-09 08:39:00+02,5.37,9.69,6.37,7.00,0.00,0.00,2.11,OK,8.20,0.00,0.00,0.00,,ensemble
1720846,2026-06-08 20:20:26.933237+02,2026-06-08 20:21:00+02,8.20,6.24,1.51,5.60,0.00,,,OK,,0.00,0.00,0.00,,ensemble
1720836,2026-06-08 19:48:32.927986+02,2026-06-08 19:51:00+02,10.82,14.05,7.52,10.80,0.00,0.00,11.97,OK,,0.00,0.00,0.00,,ensemble
1720847,2026-06-08 20:20:26.933237+02,2026-06-08 20:24:00+02,8.11,6.83,1.48,5.70,0.00,,,OK,,0.00,0.00,0.00,,ensemble
1720839,2026-06-08 19:57:47.845404+02,2026-06-08 20:00:00+02,9.40,14.78,5.23,9.80,0.00,0.00,,OK,,0.00,0.00,0.00,,ensemble
1720843,2026-06-08 20:09:09.223348+02,2026-06-08 20:12:00+02,9.44,12.82,2.49,8.40,0.00,0.00,,OK,,0.00,0.00,0.00,,ensemble
1802827,2026-06-09 11:33:29.088656+02,2026-06-09 11:33:00+02,9.19,9.91,3.73,7.80,0.00,0.00,2.11,OK,7.29,0.00,0.00,0.00,,ensemble
1720848,2026-06-08 20:25:50.043917+02,2026-06-08 20:27:00+02,8.02,6.24,1.44,5.50,0.00,,,OK,,0.00,0.00,0.00,,ensemble
1802834,2026-06-09 11:53:14.59409+02,2026-06-09 11:54:00+02,3.69,7.77,5.73,5.50,0.00,0.00,0.00,OK,0.95,0.00,0.00,0.00,,ensemble
1720833,2026-06-08 19:40:47.249766+02,2026-06-08 19:42:00+02,8.90,19.53,4.13,10.70,3.88,0.00,4.49,OK,33.74,2.63,0.00,0.00,,ensemble
1720837,2026-06-08 19:52:06.411279+02,2026-06-08 19:54:00+02,9.47,11.51,3.86,8.40,0.00,0.00,9.93,OK,,0.00,0.00,0.00,,ensemble
1720838,2026-06-08 19:52:06.411279+02,2026-06-08 19:57:00+02,9.44,11.75,1.68,7.80,0.00,0.00,18.12,OK,,0.00,0.00,0.00,,ensemble
1720830,2026-06-08 19:32:57.368804+02,2026-06-08 19:33:00+02,8.56,12.51,12.77,11.00,0.00,0.00,5.97,OK,10.29,0.00,0.00,0.00,,ensemble
1802842,2026-06-09 12:17:05.118455+02,2026-06-09 12:18:00+02,7.41,7.01,2.77,5.90,0.00,0.00,0.00,OK,0.66,0.00,0.00,0.00,,ensemble
1802878,2026-06-09 14:06:11.974242+02,2026-06-09 14:06:00+02,11.32,8.28,5.78,8.70,0.00,0.00,4.06,OK,8.59,0.00,0.00,0.00,,ensemble
1802799,2026-06-09 10:09:38.783751+02,2026-06-09 10:09:00+02,14.40,5.66,11.29,10.80,0.00,0.00,7.61,OK,14.16,0.00,0.00,0.00,,ensemble
1720841,2026-06-08 20:03:55.78029+02,2026-06-08 20:06:00+02,11.29,13.36,7.51,10.80,0.00,0.00,,OK,,0.00,0.00,0.00,,ensemble
1720840,2026-06-08 20:02:59.863086+02,2026-06-08 20:03:00+02,9.36,12.95,11.19,11.00,0.00,0.00,,OK,,0.00,0.00,0.00,,ensemble
1720844,2026-06-08 20:14:50.38559+02,2026-06-08 20:15:00+02,9.37,7.20,3.95,7.10,0.00,,,OK,,0.00,0.00,0.00,,ensemble
1802843,2026-06-09 12:21:39.694419+02,2026-06-09 12:21:00+02,7.49,8.72,10.05,8.60,0.00,0.00,2.53,OK,7.83,0.00,0.00,0.00,,ensemble
1720845,2026-06-08 20:15:50.408154+02,2026-06-08 20:18:00+02,9.29,7.68,4.62,7.40,0.00,,,OK,,0.00,0.00,0.00,,ensemble
1802829,2026-06-09 11:38:54.327457+02,2026-06-09 11:39:00+02,8.25,9.32,9.43,8.90,0.00,0.00,4.01,OK,11.18,0.00,0.00,0.00,,ensemble
1802798,2026-06-09 10:05:20.049768+02,2026-06-09 10:06:00+02,14.51,5.66,5.67,9.20,0.00,0.00,5.90,OK,11.51,0.00,0.00,0.00,,ensemble
1802835,2026-06-09 11:57:17.886813+02,2026-06-09 11:57:00+02,7.52,10.58,8.35,8.70,0.00,0.00,3.58,OK,11.40,0.00,0.00,0.00,,ensemble
1802797,2026-06-09 10:03:24.003931+02,2026-06-09 10:03:00+02,14.59,5.66,6.77,9.60,0.00,0.00,5.70,OK,13.37,0.00,0.00,0.00,,ensemble
1802828,2026-06-09 11:36:19.369301+02,2026-06-09 11:36:00+02,9.05,10.87,11.44,10.30,0.00,0.00,6.23,OK,14.26,0.00,0.00,0.00,,ensemble
1720835,2026-06-08 19:47:56.439568+02,2026-06-08 19:48:00+02,8.83,14.05,7.25,9.90,0.00,0.00,4.93,OK,,0.00,0.00,0.00,,ensemble
1802836,2026-06-09 11:58:14.353641+02,2026-06-09 12:00:00+02,7.50,12.52,14.62,11.10,0.00,0.00,8.20,OK,15.42,0.00,0.00,0.00,,ensemble
1802794,2026-06-09 09:52:08.696564+02,2026-06-09 09:54:00+02,12.79,5.66,5.63,8.50,0.00,0.00,3.82,OK,14.47,0.00,0.00,0.00,,ensemble
1720834,2026-06-08 19:44:45.286829+02,2026-06-08 19:45:00+02,8.87,18.70,5.83,10.90,0.00,0.00,5.95,OK,,0.00,0.00,0.00,,ensemble
1720842,2026-06-08 20:09:01.49736+02,2026-06-08 20:09:00+02,9.51,12.82,2.92,8.50,0.00,0.00,,OK,,0.00,0.00,0.00,,ensemble
1720831,2026-06-08 19:35:16.180214+02,2026-06-08 19:36:00+02,8.98,11.99,9.31,10.00,4.28,0.00,2.50,OK,12.18,4.17,0.00,0.00,,ensemble
1720832,2026-06-08 19:35:16.180214+02,2026-06-08 19:39:00+02,8.94,12.04,5.17,8.70,1.20,0.00,2.72,OK,16.64,4.17,0.00,0.00,,ensemble
1802796,2026-06-09 09:59:33.703177+02,2026-06-09 10:00:00+02,17.73,5.66,4.18,10.00,0.00,0.00,6.76,OK,17.61,0.00,0.00,0.00,,ensemble
1802837,2026-06-09 12:03:25.440508+02,2026-06-09 12:03:00+02,7.50,12.67,5.44,8.40,0.00,0.00,3.72,OK,8.49,0.00,0.00,0.00,,ensemble
1802841,2026-06-09 12:15:37.505033+02,2026-06-09 12:15:00+02,7.35,9.66,4.70,7.20,0.00,0.00,1.69,OK,6.98,0.00,0.00,0.00,,ensemble
1802883,2026-06-09 14:20:43.682688+02,2026-06-09 14:21:00+02,11.82,6.26,4.18,7.90,0.00,0.00,1.02,OK,5.31,0.00,0.00,0.00,,ensemble
1802845,2026-06-09 12:25:35.163561+02,2026-06-09 12:27:00+02,2.93,5.78,1.81,3.50,0.00,0.00,0.00,OK,0.00,0.00,0.00,0.00,,ensemble
1802884,2026-06-09 14:20:43.682688+02,2026-06-09 14:24:00+02,11.93,6.78,3.47,7.80,0.00,0.00,1.63,OK,6.19,0.00,0.00,0.00,,ensemble
1802887,2026-06-09 14:32:57.856336+02,2026-06-09 14:33:00+02,12.28,5.01,5.26,8.00,0.00,0.00,2.50,OK,9.91,0.00,0.00,0.00,,ensemble
1802888,2026-06-09 14:34:08.818103+02,2026-06-09 14:36:00+02,8.59,6.69,7.21,7.60,0.00,0.00,2.19,OK,6.87,0.00,0.00,0.00,,ensemble
1802848,2026-06-09 12:35:58.150158+02,2026-06-09 12:36:00+02,6.95,11.12,6.43,8.00,0.00,0.00,3.29,OK,8.51,0.00,0.00,0.00,,ensemble
1802889,2026-06-09 14:38:57.213856+02,2026-06-09 14:39:00+02,12.41,7.66,6.13,9.10,0.00,0.00,3.98,OK,12.71,0.00,0.00,0.00,,ensemble
1802890,2026-06-09 14:38:57.213856+02,2026-06-09 14:42:00+02,12.57,7.85,5.91,9.20,0.00,0.00,6.09,OK,15.27,0.00,0.00,0.00,,ensemble
1802885,2026-06-09 14:27:04.527641+02,2026-06-09 14:27:00+02,12.04,5.52,2.49,7.20,0.00,0.00,0.36,OK,4.13,0.00,0.00,0.00,,ensemble
1802886,2026-06-09 14:27:04.527641+02,2026-06-09 14:30:00+02,12.16,5.84,1.57,7.10,0.00,0.00,1.52,OK,4.87,0.00,0.00,0.00,,ensemble
1802881,2026-06-09 14:15:18.059243+02,2026-06-09 14:15:00+02,11.59,6.15,4.10,7.70,0.00,0.00,2.05,OK,9.57,0.00,0.00,0.00,,ensemble
1802882,2026-06-09 14:18:38.432223+02,2026-06-09 14:18:00+02,11.72,6.70,10.67,9.90,0.00,0.00,3.95,OK,13.42,0.00,0.00,0.00,,ensemble
1802846,2026-06-09 12:29:33.675616+02,2026-06-09 12:30:00+02,6.74,7.95,7.70,7.40,0.00,0.00,2.18,OK,5.51,0.00,0.00,0.00,,ensemble
1802847,2026-06-09 12:29:33.675616+02,2026-06-09 12:33:00+02,6.84,8.27,6.77,7.20,0.00,0.00,2.42,OK,6.75,0.00,0.00,0.00,,ensemble
1802844,2026-06-09 12:24:27.70268+02,2026-06-09 12:24:00+02,7.57,7.68,5.38,6.90,0.00,0.00,0.31,OK,4.63,0.00,0.00,0.00,,ensemble
1802811,2026-06-09 10:44:48.378698+02,2026-06-09 10:45:00+02,14.16,8.65,5.18,9.80,0.00,0.00,5.26,OK,15.68,0.00,0.00,0.00,,ensemble
1802852,2026-06-09 12:48:36.877524+02,2026-06-09 12:48:00+02,7.36,11.53,16.19,11.30,0.00,0.00,8.23,OK,17.77,0.00,0.00,0.00,,ensemble
1802853,2026-06-09 12:48:36.877524+02,2026-06-09 12:51:00+02,7.48,11.24,15.36,11.00,0.00,0.00,9.15,OK,19.61,0.00,0.00,0.00,,ensemble
1802808,2026-06-09 10:36:21.573981+02,2026-06-09 10:36:00+02,15.05,7.86,6.46,10.30,0.00,0.00,5.98,OK,14.74,0.00,0.00,0.00,,ensemble
1802807,2026-06-09 10:31:59.132825+02,2026-06-09 10:33:00+02,19.02,7.38,7.07,11.90,0.00,0.00,8.11,OK,22.23,0.00,0.00,0.00,,ensemble
1802922,2026-06-09 16:17:30.890688+02,2026-06-09 16:18:00+02,21.43,6.86,4.16,11.90,0.00,0.00,6.45,OK,22.56,0.00,0.00,0.00,,ensemble
1802805,2026-06-09 10:25:05.310289+02,2026-06-09 10:27:00+02,15.12,5.66,4.07,9.00,0.00,0.00,2.46,OK,12.27,0.00,0.00,0.00,,ensemble
1802809,2026-06-09 10:37:43.326364+02,2026-06-09 10:39:00+02,14.76,8.53,5.40,10.10,0.00,0.00,5.02,OK,13.76,0.00,0.00,0.00,,ensemble
1802814,2026-06-09 10:50:43.262179+02,2026-06-09 10:54:00+02,12.95,7.41,7.44,9.60,0.00,0.00,6.08,OK,15.15,0.00,0.00,0.00,,ensemble
1802792,2026-06-09 09:45:28.492282+02,2026-06-09 09:48:00+02,12.76,6.26,10.14,10.00,0.00,0.00,9.67,OK,20.97,0.00,0.00,0.00,,ensemble
1802854,2026-06-09 12:54:47.007201+02,2026-06-09 12:54:00+02,7.61,16.29,16.34,12.80,0.00,0.00,9.45,OK,20.38,0.00,0.00,0.00,,ensemble
1802849,2026-06-09 12:38:07.01183+02,2026-06-09 12:39:00+02,7.06,8.64,5.60,7.10,0.00,0.00,1.52,OK,6.22,0.00,0.00,0.00,,ensemble
1802817,2026-06-09 11:03:10.749397+02,2026-06-09 11:03:00+02,12.04,15.09,7.33,11.50,0.00,0.00,6.86,OK,12.03,0.00,0.00,0.00,,ensemble
1802806,2026-06-09 10:29:47.994448+02,2026-06-09 10:30:00+02,14.88,5.66,6.32,9.50,0.00,0.00,5.36,OK,13.43,0.00,0.00,0.00,,ensemble
1802819,2026-06-09 11:09:31.956096+02,2026-06-09 11:09:00+02,11.99,13.30,8.47,11.30,0.00,0.00,6.86,OK,12.48,0.00,0.00,0.00,,ensemble
1802850,2026-06-09 12:42:04.888369+02,2026-06-09 12:42:00+02,7.12,9.71,7.63,8.10,0.00,0.00,2.62,OK,7.73,0.00,0.00,0.00,,ensemble
1802851,2026-06-09 12:42:04.888369+02,2026-06-09 12:45:00+02,7.24,9.32,7.13,7.80,0.00,0.00,3.89,OK,11.51,0.00,0.00,0.00,,ensemble
1802810,2026-06-09 10:42:46.869648+02,2026-06-09 10:42:00+02,14.47,10.99,5.65,10.80,0.00,0.00,6.00,OK,14.77,0.00,0.00,0.00,,ensemble
1802804,2026-06-09 10:23:17.132889+02,2026-06-09 10:24:00+02,15.35,5.66,4.86,9.30,0.00,0.00,2.40,OK,9.45,0.00,0.00,0.00,,ensemble
1802818,2026-06-09 11:04:35.758666+02,2026-06-09 11:06:00+02,9.70,13.83,7.29,10.20,0.00,0.00,5.15,OK,6.45,0.00,0.00,0.00,,ensemble
1802793,2026-06-09 09:50:43.858932+02,2026-06-09 09:51:00+02,12.78,5.66,10.70,10.00,0.00,0.00,5.96,OK,19.45,0.00,0.00,0.00,,ensemble
1802803,2026-06-09 10:18:27.20784+02,2026-06-09 10:21:00+02,15.56,6.26,6.77,10.10,0.00,0.00,5.33,OK,15.38,0.00,0.00,0.00,,ensemble
1802815,2026-06-09 10:56:59.984281+02,2026-06-09 10:57:00+02,12.64,9.35,8.72,10.50,0.00,0.00,4.80,OK,13.30,0.00,0.00,0.00,,ensemble
1802816,2026-06-09 10:56:59.984281+02,2026-06-09 11:00:00+02,12.34,9.35,9.41,10.60,0.00,0.00,7.86,OK,14.26,0.00,0.00,0.00,,ensemble
1720815,2026-06-08 18:45:59.558623+02,2026-06-08 18:48:00+02,10.29,16.60,7.52,11.40,0.00,0.00,7.22,OK,60.00,0.00,0.00,0.00,,ensemble
1720824,2026-06-08 19:13:37.170373+02,2026-06-08 19:15:00+02,9.43,17.87,2.98,10.00,0.00,0.00,28.62,OK,19.19,0.00,0.00,0.00,,ensemble
1720819,2026-06-08 18:57:56.116272+02,2026-06-08 19:00:00+02,9.83,15.49,7.96,11.00,0.34,0.00,33.31,OK,60.00,0.00,0.00,0.00,,ensemble
1720822,2026-06-08 19:06:48.193933+02,2026-06-08 19:09:00+02,9.58,16.74,7.53,11.10,0.00,0.00,35.01,OK,60.00,0.00,0.00,0.00,,ensemble
1720814,2026-06-08 18:44:21.424731+02,2026-06-08 18:45:00+02,10.08,22.46,5.33,12.40,3.55,0.00,8.33,OK,60.00,2.09,0.00,0.00,,ensemble
1720810,2026-06-08 18:33:02.206556+02,2026-06-08 18:33:00+02,11.22,16.74,13.67,13.60,19.05,1.87,8.61,ALERT,17.89,45.00,15.51,5.68,,ensemble
1720820,2026-06-08 19:01:35.086234+02,2026-06-08 19:03:00+02,10.69,15.71,6.93,11.10,0.00,0.00,35.76,OK,60.00,0.00,0.00,0.00,,ensemble
1720816,2026-06-08 18:49:48.835481+02,2026-06-08 18:51:00+02,10.32,18.58,5.76,11.40,0.00,0.00,13.95,OK,60.00,0.00,0.00,0.00,,ensemble
1720817,2026-06-08 18:49:48.835481+02,2026-06-08 18:54:00+02,10.13,17.87,3.76,10.50,0.00,0.00,21.05,OK,60.00,0.00,0.00,0.00,,ensemble
1720812,2026-06-08 18:38:41.522249+02,2026-06-08 18:39:00+02,10.61,20.72,7.79,12.80,11.29,0.00,5.69,ALERT,31.17,19.33,3.20,0.00,,ensemble
1720813,2026-06-08 18:38:41.522249+02,2026-06-08 18:42:00+02,10.33,19.61,4.71,11.40,7.87,0.00,8.13,BUSY,45.70,19.33,3.20,0.00,,ensemble
1720827,2026-06-08 19:24:10.119944+02,2026-06-08 19:24:00+02,9.50,15.43,12.06,12.00,1.46,0.00,26.68,OK,14.38,4.07,0.00,0.00,,ensemble
1720828,2026-06-08 19:24:10.119944+02,2026-06-08 19:27:00+02,9.46,14.92,7.72,10.60,0.00,0.00,33.62,OK,16.94,4.07,0.00,0.00,,ensemble
1720823,2026-06-08 19:12:08.994824+02,2026-06-08 19:12:00+02,9.50,17.47,15.93,13.80,0.00,0.00,44.53,OK,60.00,0.00,0.00,0.00,,ensemble
1720811,2026-06-08 18:33:02.206556+02,2026-06-08 18:36:00+02,10.90,15.56,11.85,12.60,15.86,0.00,10.25,ALERT,31.95,45.00,15.51,5.68,,ensemble
1720821,2026-06-08 19:06:14.404658+02,2026-06-08 19:06:00+02,9.68,18.00,13.63,13.40,0.93,0.00,46.77,OK,60.00,0.00,0.00,0.00,,ensemble
1720808,2026-06-08 18:27:10.138666+02,2026-06-08 18:27:00+02,11.49,21.94,7.39,13.40,4.85,0.00,31.57,OK,19.63,14.38,0.00,0.00,,ensemble
1720829,2026-06-08 19:29:40.409856+02,2026-06-08 19:30:00+02,9.44,12.99,5.59,9.30,0.00,0.00,5.58,OK,10.25,0.00,0.00,0.00,,ensemble
1720809,2026-06-08 18:29:33.415285+02,2026-06-08 18:30:00+02,11.14,17.30,15.51,14.30,0.00,0.00,11.55,OK,23.73,0.00,0.00,0.00,,ensemble
1720825,2026-06-08 19:18:01.89831+02,2026-06-08 19:18:00+02,9.59,18.12,5.49,10.90,0.00,0.00,26.07,OK,18.49,0.00,0.00,0.00,,ensemble
1720807,2026-06-08 18:21:21.38748+02,2026-06-08 18:24:00+02,11.85,20.32,17.09,16.00,0.00,0.00,39.33,OK,22.98,0.00,0.00,0.00,,ensemble
1720818,2026-06-08 18:55:28.247726+02,2026-06-08 18:57:00+02,9.97,21.60,6.06,12.30,0.00,0.00,29.85,OK,60.00,0.00,0.00,0.00,,ensemble
1720826,2026-06-08 19:18:20.385363+02,2026-06-08 19:21:00+02,9.54,18.12,7.61,11.50,0.29,0.00,25.54,OK,17.57,0.00,0.00,0.00,,ensemble
1802937,2026-06-09 16:42:32.950429+02,2026-06-09 17:03:00+02,20.95,10.43,3.21,12.50,0.00,13.75,30.39,OK,24.86,0.00,0.00,0.00,,ensemble
1802938,2026-06-09 16:42:32.950429+02,2026-06-09 17:06:00+02,20.75,10.45,2.53,12.20,0.00,15.34,29.72,OK,23.51,0.00,0.00,0.00,,ensemble
1802939,2026-06-09 16:42:32.950429+02,2026-06-09 17:09:00+02,20.52,10.48,2.94,12.20,3.64,18.41,27.98,OK,25.60,0.00,0.00,0.00,,ensemble
1802947,2026-06-09 16:42:32.950429+02,2026-06-09 17:33:00+02,17.95,10.63,0.70,10.60,30.39,24.86,30.33,ALERT,35.87,0.00,0.00,0.00,,ensemble
1802948,2026-06-09 16:42:32.950429+02,2026-06-09 17:36:00+02,17.57,10.63,0.25,10.30,29.72,23.51,30.15,ALERT,52.36,0.00,0.00,0.00,,ensemble
1802949,2026-06-09 16:42:32.950429+02,2026-06-09 17:39:00+02,17.19,10.63,0.29,10.20,27.98,25.60,28.55,ALERT,56.09,0.00,0.00,0.00,,ensemble
1802950,2026-06-09 16:42:32.950429+02,2026-06-09 17:42:00+02,16.81,10.63,0.54,10.10,26.37,25.96,31.59,ALERT,60.00,0.00,0.00,0.00,,ensemble
1802951,2026-06-09 16:42:32.950429+02,2026-06-09 17:45:00+02,16.43,10.63,0.53,9.90,26.29,37.18,35.28,ALERT,60.00,0.00,0.00,0.00,,ensemble
1802952,2026-06-09 16:42:32.950429+02,2026-06-09 17:48:00+02,16.05,10.63,0.48,9.70,24.86,30.33,35.87,ALERT,60.00,0.00,0.00,0.00,,ensemble
1802953,2026-06-09 16:42:32.950429+02,2026-06-09 17:51:00+02,15.67,10.63,0.48,9.60,23.51,30.15,52.36,ALERT,60.00,0.00,0.00,0.00,,ensemble
1802954,2026-06-09 16:42:32.950429+02,2026-06-09 17:54:00+02,15.31,10.63,0.52,9.50,25.60,28.55,56.09,ALERT,60.00,0.00,0.00,0.00,,ensemble
1802955,2026-06-09 16:42:32.950429+02,2026-06-09 17:57:00+02,14.95,10.63,0.52,9.30,25.96,31.59,60.00,ALERT,60.00,0.00,0.00,0.00,,ensemble
1802956,2026-06-09 16:42:32.950429+02,2026-06-09 18:00:00+02,14.61,10.64,0.16,9.10,37.18,35.28,60.00,ALERT,60.00,0.00,0.00,0.00,,ensemble
1802957,2026-06-09 16:42:32.950429+02,2026-06-09 18:03:00+02,14.28,10.64,0.16,9.00,30.33,35.87,60.00,ALERT,60.00,0.00,0.00,0.00,,ensemble
1802968,2026-06-09 16:42:32.950429+02,2026-06-09 18:36:00+02,11.87,10.66,0.00,7.90,60.00,60.00,30.15,ALERT,52.36,0.00,0.00,0.00,,ensemble
1802987,2026-06-09 16:42:32.950429+02,2026-06-09 19:33:00+02,10.77,10.67,0.00,7.50,60.00,60.00,30.33,ALERT,35.87,0.00,0.00,0.00,,ensemble
1802855,2026-06-09 12:56:26.305693+02,2026-06-09 12:57:00+02,7.73,16.36,6.80,10.00,0.00,0.00,4.72,OK,11.79,0.00,0.00,0.00,,ensemble
1802856,2026-06-09 12:59:13.368706+02,2026-06-09 13:00:00+02,8.71,11.51,3.96,8.10,0.00,0.00,3.62,OK,6.81,0.00,0.00,0.00,,ensemble
1802857,2026-06-09 13:01:07.493395+02,2026-06-09 13:03:00+02,8.84,11.51,6.79,9.00,0.00,0.00,4.37,OK,9.13,0.00,0.00,0.00,,ensemble
1802858,2026-06-09 13:05:23.388329+02,2026-06-09 13:06:00+02,8.96,8.40,6.04,7.90,0.00,0.00,3.27,OK,6.86,0.00,0.00,0.00,,ensemble
1802859,2026-06-09 13:07:25.630779+02,2026-06-09 13:09:00+02,9.08,8.61,4.89,7.70,0.00,0.00,1.98,OK,4.18,0.00,0.00,0.00,,ensemble
1802866,2026-06-09 13:30:14.020575+02,2026-06-09 13:30:00+02,9.22,10.90,3.74,8.10,0.00,0.00,2.32,OK,4.62,0.00,0.00,0.00,,ensemble
1802871,2026-06-09 13:45:01.579735+02,2026-06-09 13:45:00+02,8.75,8.30,5.66,7.70,0.00,0.00,2.60,OK,11.61,0.00,0.00,0.00,,ensemble
1802870,2026-06-09 13:41:51.142718+02,2026-06-09 13:42:00+02,8.70,8.64,8.35,8.60,0.00,0.00,3.79,OK,11.37,0.00,0.00,0.00,,ensemble
1802860,2026-06-09 13:12:27.764709+02,2026-06-09 13:12:00+02,9.20,8.84,4.11,7.60,0.00,0.00,1.99,OK,6.16,0.00,0.00,0.00,,ensemble
1802875,2026-06-09 13:56:38.076277+02,2026-06-09 13:57:00+02,9.99,11.94,6.68,9.60,0.00,0.00,4.69,OK,13.82,0.00,0.00,0.00,,ensemble
1802864,2026-06-09 13:23:34.394778+02,2026-06-09 13:24:00+02,8.45,9.94,5.57,8.00,0.00,0.00,1.28,OK,7.14,0.00,0.00,0.00,,ensemble
1802868,2026-06-09 13:35:51.697856+02,2026-06-09 13:36:00+02,8.57,8.30,3.89,7.10,0.00,0.00,1.21,OK,2.40,0.00,0.00,0.00,,ensemble
1802876,2026-06-09 14:00:09.670131+02,2026-06-09 14:00:00+02,10.06,11.29,4.19,8.70,0.00,0.00,4.98,OK,10.33,0.00,0.00,0.00,,ensemble
1802861,2026-06-09 13:14:15.015159+02,2026-06-09 13:15:00+02,8.73,8.48,3.77,7.20,0.00,0.00,0.81,OK,1.43,0.00,0.00,0.00,,ensemble
1802872,2026-06-09 13:48:06.34209+02,2026-06-09 13:48:00+02,9.80,8.46,4.60,7.80,0.00,0.00,3.34,OK,10.77,0.00,0.00,0.00,,ensemble
1802877,2026-06-09 14:02:53.209856+02,2026-06-09 14:03:00+02,11.23,11.06,12.65,11.60,0.00,0.00,8.40,OK,17.64,0.00,0.00,0.00,,ensemble
1802869,2026-06-09 13:38:09.992336+02,2026-06-09 13:39:00+02,8.63,8.90,4.50,7.50,0.00,0.00,1.81,OK,7.17,0.00,0.00,0.00,,ensemble
1802873,2026-06-09 13:50:42.822054+02,2026-06-09 13:51:00+02,9.86,8.60,6.99,8.60,0.00,0.00,3.68,OK,12.69,0.00,0.00,0.00,,ensemble
1802865,2026-06-09 13:27:05.408294+02,2026-06-09 13:27:00+02,8.54,10.49,5.11,8.10,0.00,0.00,1.39,OK,7.75,0.00,0.00,0.00,,ensemble
1802863,2026-06-09 13:19:34.744764+02,2026-06-09 13:21:00+02,8.37,9.14,14.79,10.50,0.00,0.00,4.19,OK,13.23,0.00,0.00,0.00,,ensemble
1802867,2026-06-09 13:32:12.467207+02,2026-06-09 13:33:00+02,8.50,8.76,6.68,8.00,0.00,0.00,2.48,OK,8.92,0.00,0.00,0.00,,ensemble
1802862,2026-06-09 13:17:21.209139+02,2026-06-09 13:18:00+02,8.27,9.01,8.87,8.70,0.00,0.00,2.75,OK,9.14,0.00,0.00,0.00,,ensemble
1802874,2026-06-09 13:54:15.766063+02,2026-06-09 13:54:00+02,9.93,9.24,9.74,9.70,0.00,0.00,5.34,OK,15.16,0.00,0.00,0.00,,ensemble
1802971,2026-06-09 16:42:32.950429+02,2026-06-09 18:45:00+02,11.60,10.66,0.00,7.80,60.00,37.18,35.28,ALERT,60.00,0.00,0.00,0.00,,ensemble
1802972,2026-06-09 16:42:32.950429+02,2026-06-09 18:48:00+02,11.53,10.66,0.07,7.80,60.00,30.33,35.87,ALERT,60.00,0.00,0.00,0.00,,ensemble
1802973,2026-06-09 16:42:32.950429+02,2026-06-09 18:51:00+02,11.48,10.66,0.07,7.80,60.00,30.15,52.36,ALERT,60.00,0.00,0.00,0.00,,ensemble
1802974,2026-06-09 16:42:32.950429+02,2026-06-09 18:54:00+02,11.44,10.66,0.06,7.80,60.00,28.55,56.09,ALERT,60.00,0.00,0.00,0.00,,ensemble
1802975,2026-06-09 16:42:32.950429+02,2026-06-09 18:57:00+02,11.40,10.66,0.05,7.80,60.00,31.59,60.00,ALERT,60.00,0.00,0.00,0.00,,ensemble
1802976,2026-06-09 16:42:32.950429+02,2026-06-09 19:00:00+02,11.37,10.66,0.01,7.80,37.18,35.28,60.00,ALERT,60.00,0.00,0.00,0.00,,ensemble
1802977,2026-06-09 16:42:32.950429+02,2026-06-09 19:03:00+02,11.34,10.66,0.01,7.70,30.33,35.87,60.00,ALERT,60.00,0.00,0.00,0.00,,ensemble
1802978,2026-06-09 16:42:32.950429+02,2026-06-09 19:06:00+02,11.31,10.66,0.01,7.70,30.15,52.36,60.00,ALERT,60.00,0.00,0.00,0.00,,ensemble
1802979,2026-06-09 16:42:32.950429+02,2026-06-09 19:09:00+02,11.28,10.66,0.00,7.70,28.55,56.09,60.00,ALERT,60.00,0.00,0.00,0.00,,ensemble
1802958,2026-06-09 16:42:32.950429+02,2026-06-09 18:06:00+02,13.96,10.64,0.15,8.80,30.15,52.36,60.00,ALERT,60.00,0.00,0.00,0.00,,ensemble
1802959,2026-06-09 16:42:32.950429+02,2026-06-09 18:09:00+02,13.67,10.64,0.13,8.70,28.55,56.09,60.00,ALERT,60.00,0.00,0.00,0.00,,ensemble
1802960,2026-06-09 16:42:32.950429+02,2026-06-09 18:12:00+02,13.39,10.65,0.13,8.60,31.59,60.00,60.00,ALERT,60.00,0.00,0.00,0.00,,ensemble
1802961,2026-06-09 16:42:32.950429+02,2026-06-09 18:15:00+02,13.13,10.65,0.13,8.50,35.28,60.00,60.00,ALERT,37.18,0.00,0.00,0.00,,ensemble
1802962,2026-06-09 16:42:32.950429+02,2026-06-09 18:18:00+02,12.89,10.65,0.12,8.40,35.87,60.00,60.00,ALERT,30.33,0.00,0.00,0.00,,ensemble
1802963,2026-06-09 16:42:32.950429+02,2026-06-09 18:21:00+02,12.67,10.65,0.11,8.30,52.36,60.00,60.00,ALERT,30.15,0.00,0.00,0.00,,ensemble
1802964,2026-06-09 16:42:32.950429+02,2026-06-09 18:24:00+02,12.47,10.65,0.11,8.20,56.09,60.00,60.00,ALERT,28.55,0.00,0.00,0.00,,ensemble
1802965,2026-06-09 16:42:32.950429+02,2026-06-09 18:27:00+02,12.29,10.65,0.04,8.10,60.00,60.00,60.00,ALERT,31.59,0.00,0.00,0.00,,ensemble
1802966,2026-06-09 16:42:32.950429+02,2026-06-09 18:30:00+02,12.13,10.66,0.04,8.10,60.00,60.00,37.18,ALERT,35.28,0.00,0.00,0.00,,ensemble
1802967,2026-06-09 16:42:32.950429+02,2026-06-09 18:33:00+02,11.99,10.66,0.01,8.00,60.00,60.00,30.33,ALERT,35.87,0.00,0.00,0.00,,ensemble
1802969,2026-06-09 16:42:32.950429+02,2026-06-09 18:39:00+02,11.76,10.66,0.00,7.90,60.00,60.00,28.55,ALERT,56.09,0.00,0.00,0.00,,ensemble
1802970,2026-06-09 16:42:32.950429+02,2026-06-09 18:42:00+02,11.67,10.66,0.00,7.90,60.00,60.00,31.59,ALERT,60.00,0.00,0.00,0.00,,ensemble
1802996,2026-06-09 16:42:32.950429+02,2026-06-09 20:00:00+02,9.14,10.67,0.01,6.90,37.18,35.28,,ALERT,,0.00,0.00,0.00,,ensemble
1802997,2026-06-09 16:42:32.950429+02,2026-06-09 20:03:00+02,8.89,10.67,0.01,6.80,30.33,35.87,,ALERT,,0.00,0.00,0.00,,ensemble
1802998,2026-06-09 16:42:32.950429+02,2026-06-09 20:06:00+02,8.63,10.67,0.01,6.70,30.15,52.36,,ALERT,,0.00,0.00,0.00,,ensemble
1802999,2026-06-09 16:42:32.950429+02,2026-06-09 20:09:00+02,8.36,10.67,0.00,6.50,28.55,56.09,,ALERT,,0.00,0.00,0.00,,ensemble
1803000,2026-06-09 16:42:32.950429+02,2026-06-09 20:12:00+02,8.09,10.67,0.00,6.40,31.59,60.00,,ALERT,,0.00,0.00,0.00,,ensemble
1803001,2026-06-09 16:42:32.950429+02,2026-06-09 20:15:00+02,7.80,10.67,0.00,6.30,35.28,,,ALERT,,0.00,0.00,0.00,,ensemble
